Name,Symbol,Price,Day,Screen,Probability Up,Rating,Test Acc,Baseline,Model,Risk,Reward Risk,To Support,To Resistance,Traded Value,Price Band,Buy Score
CESC Limited,CESC.NS,133.72999572753906,0.01603100356046161,HOLD,0.5121772696981453,Neutral,0.591025641025641,0.5038461538461538,Global 10d,5.2,6.142163570257694,0.004080329295341079,0.19408525191262505,21.818397298236846,,69.70283878775669
HDFC Asset Management Company Limited,HDFCAMC.NS,2346.0,0.016420389385293666,HOLD,0.501950649396037,Neutral,0.6058201058201058,0.5291005291005291,Global 10d,5.0,3.846709135804114,0.08692048504383942,0.12459289054095213,145.95590526428222,,68.73647876504751
Indian Oil Corporation Limited,IOC.NS,130.5,-0.006395586731475333,HOLD,0.501615967263335,Neutral,0.5851472471190781,0.5083226632522407,Global 10d,5.1,5.538688173005736,0.00987995730430602,0.08160914863206425,111.5375010660057,,68.07928086538647
Indian Energy Exchange Limited,IEX.NS,104.30000305175781,-0.015852049933586576,HOLD,0.5491745309037026,Neutral,0.6601941747572816,0.5825242718446602,Global 10d,5.3,7.436085105579917,,0.2371837335286251,33.0049668534214,,67.54286894000717
MRF Limited,MRF.NS,123715.0,-0.012492017879948913,HOLD,0.4948665613682925,Neutral,0.5961783439490446,0.5286624203821656,Global 10d,3.9,11.319994044503096,0.003570586569902945,0.09667380673321757,36.364471,,67.48784830072498
Natco Pharma Limited,NATCOPHARM.NS,821.5,0.0002435312431561254,HOLD,0.5068331987962442,Neutral,0.6105398457583547,0.5025706940874036,Global 10d,5.3,4.7032301125314735,0.03082357646072298,0.163448457520865,42.87347404849243,,67.29655837192465
LT Foods Limited,LTFOODS.NS,399.1499938964844,-0.0031218781694666298,HOLD,0.506804540455044,Neutral,0.601029601029601,0.5263835263835264,Global 10d,5.4,5.4060528666301115,0.011661634298730128,0.020752965110229393,17.410738426654053,,67.26045644519944
DCM Shriram Limited,DCMSHRIRAM.NS,906.8499755859375,-0.009556575178369164,HOLD,0.5266167024514827,Neutral,0.6167741935483871,0.5367741935483872,Global 10d,5.2,4.958970527691598,,0.17576830295908707,4.592653515606689,,67.13083512257413
Bank of India,BANKINDIA.NS,133.5,0.03104730000856737,HOLD,0.47952426819323657,Neutral,0.578544061302682,0.5031928480204342,Global 10d,5.2,3.286993951403631,0.004171229329949178,0.11509762229762166,63.14114849224701,,66.90117453047759
EMS Limited,EMSLIMITED.NS,327.79998779296875,-0.011310511651539068,HOLD,0.5268328411720874,Neutral,0.753731343283582,0.6268656716417911,Global 10d,7.0,6.830351936495779,0.021743097356512475,0.1787775883091809,4.896968422210693,,66.71090975686593
Banco Products (I) Limited,BANCOINDIA.NS,589.7999877929688,-8.474662208657335e-05,HOLD,0.49243353970469567,Neutral,0.6423076923076924,0.5076923076923077,Global 10d,6.1,3.927313619262773,0.018166109836609268,0.08935730406628117,4.677782797567749,,66.45921874748909
BSE Limited,BSE.NS,3179.60009765625,0.04386083311104727,HOLD,0.49040847883992883,Neutral,0.6238938053097345,0.5376106194690266,Global 10d,6.5,4.615247294363523,0.015360082278859988,0.012240734586614677,1363.8585551389403,,66.03508443774861
The State Trading Corporation of India Limited,STCINDIA.NS,105.95999908447266,-0.029136891359350603,HOLD,0.48501722254754137,Neutral,0.6538461538461539,0.582051282051282,Global 10d,5.2,9.952867266948788,0.009142848423549177,0.1394865884012897,0.13404941739578247,,65.91386544432885
Steel Authority of India Limited,SAIL.NS,176.9499969482422,0.014040097124597084,HOLD,0.48988799509645076,Neutral,0.5801526717557252,0.5012722646310432,Global 10d,6.0,4.353581123854219,0.02344710826904839,0.12100947141062135,204.9164778699806,,65.78930174914773
Fedbank Financial Services Limited,FEDFINA.NS,149.63999938964844,-0.000868030173625356,HOLD,0.4749212605852287,Neutral,0.608,0.52,Global 10d,5.8,3.1315149948578567,0.02263757676319811,0.017107708961744628,12.888682994381714,,65.64824477202158
NLC India Limited,NLCINDIA.NS,252.4499969482422,-0.0029620853437581918,HOLD,0.49052277048944687,Neutral,0.6145038167938931,0.5165394402035624,Global 10d,5.7,2.8221165140296507,0.021059750474538674,0.07202678602452783,31.44803024928131,,65.61268965639319
Monarch Networth Capital Limited,MONARCH.NS,342.70001220703125,0.014355501009017502,HOLD,0.5096397213528383,Neutral,0.6650943396226415,0.5518867924528301,Global 10d,5.8,2.8490099810971428,0.03424679655785079,0.015202366206039875,2.9354515725891113,,65.60753621238597
Den Networks Limited,DEN.NS,25.40999984741211,-0.020054008933423573,HOLD,0.4902074926229136,Neutral,0.6722365038560412,0.602827763496144,Global 10d,5.4,4.194637323011132,0.006336627620281643,0.1538764215226993,0.7131785158996582,,65.5206459829322
Capital Small Finance Bank Limited,CAPITALSFB.NS,277.5,-0.03846155879682922,HOLD,0.4796988897404612,Neutral,0.6578947368421053,0.5087719298245614,Global 10d,5.7,3.004996562108603,0.0302920603409762,0.013352661559581813,0.62945725,,65.44637329478317
JK Paper Limited,JKPAPER.NS,382.6000061035156,-0.02819407101689031,HOLD,0.505656497304786,Neutral,0.649746192893401,0.5482233502538071,Global 10d,6.3,2.9219822798747432,0.03096550743129134,0.011478989609715828,13.972896562905884,,65.42563882047425
Canara Bank,CANBK.NS,118.5,0.0011828268750126991,HOLD,0.5017748212855428,Neutral,0.5640050697084917,0.5031685678073511,Global 10d,4.4,11.604277865687067,0.005082937559388601,0.11641348665776641,146.2368654513382,,65.38331288927483
HPL Electric & Power Limited,HPL.NS,264.75,-0.009169206942748698,HOLD,0.510414908194859,Neutral,0.7200854700854701,0.6260683760683761,Global 10d,6.5,7.63492671095931,0.03974090627664939,0.3285371753116615,2.4894575674987793,,65.2068441056609
Insecticides (India) Limited,INSECTICID.NS,568.7000122070312,-0.026698572500167383,HOLD,0.4918029159629893,Neutral,0.6272493573264781,0.557840616966581,Global 10d,5.7,3.033814891627057,0.0076186881767641434,0.13803410992617082,0.8462393507202148,,65.10426260819976
Electrotherm (India) Limited,ELECTHERM.NS,743.5999755859375,-0.03958672833588961,HOLD,0.5442290217375811,Neutral,0.5907928388746803,0.5051150895140665,Global 10d,8.6,2.7324167855497614,0.09336862561315606,0.24583116572063268,1.1147818260864257,,65.07155969844962
Subros Limited,SUBROS.NS,684.9000244140625,-0.02066197422795124,HOLD,0.5098012007542344,Neutral,0.6302952503209243,0.5507060333761232,Global 10d,7.2,5.930368166278604,0.028069666563170115,0.19076070837814374,2.0674932,,65.01547261500755
Medi Assist Healthcare Services Limited,MEDIASSIST.NS,297.20001220703125,-0.004355067983144889,HOLD,0.5245699966835081,Neutral,0.7758620689655172,0.6982758620689655,Global 10d,7.8,10.197443514792417,0.02065341049023095,0.2563056192701729,6.019924363142395,,65.00937910487934
Wanbury Limited,WANBURY.NS,190.4600067138672,-0.03803221662902001,BUY,0.5701633786297827,Neutral,0.6281725888324873,0.5190355329949239,Global 10d,8.9,4.471734299544652,0.1793189270208495,0.40108157459225047,3.131886509890747,,64.99526778753032
MMTC Limited,MMTC.NS,56.33000183105469,0.0007106220443551248,HOLD,0.4976682871267856,Neutral,0.6611464968152866,0.5949044585987261,Global 10d,5.4,3.140579697427024,0.09955108987681505,0.1324338512689336,5.764914689427948,,64.9907245475083
Endurance Technologies Limited,ENDURANCE.NS,2601.39990234375,-0.020741614024562427,HOLD,0.5036738836798845,Neutral,0.6544276457883369,0.5874730021598272,Global 10d,5.5,4.694225285284691,0.014094142848856128,0.00753725808813499,22.45814582783203,,64.86529437745743
Urja Global Limited,URJA.NS,8.609999656677246,-0.018244104074679357,HOLD,0.4953922424043345,Neutral,0.7713004484304933,0.6973094170403588,Global 10d,6.3,5.339929511036757,0.018934893612266634,0.12543553621032855,0.4924044844713211,,64.78058628016369
Alembic Pharmaceuticals Limited,APLLTD.NS,815.25,-0.01235691084401247,HOLD,0.49559481197177097,Neutral,0.6375358166189111,0.5630372492836676,Global 10d,6.1,3.0359726121388415,0.028576867413247387,9.075795245583329e-05,16.19191035,,64.46111737640588
Pfizer Limited,PFIZER.NS,3858.89990234375,-0.004231968177363266,HOLD,0.5054622255128751,Neutral,0.6257982120051085,0.5530012771392081,Global 10d,5.1,10.194927287863086,,0.28527138965917165,14.60795939296875,,64.4056783254522
Colgate Palmolive (India) Limited,COLPAL.NS,1775.0,0.023054755043227626,HOLD,0.49900127966239854,Neutral,0.5979513444302177,0.5172855313700384,Global 10d,5.2,2.184202822647811,0.0018801969551969222,0.08045073173415496,68.05733312115478,,64.31426614736702
Prakash Industries Limited,PRAKASH.NS,118.69000244140625,-0.04065631045641438,HOLD,0.4887929883638849,Neutral,0.613722998729352,0.5222363405336722,Global 10d,7.2,5.565233609600349,0.025576924340781515,0.1659239038835667,5.6265652265075685,,64.25471342596897
Reliance Industrial Infrastructure Limited,RIIL.NS,666.8499755859375,-0.015501587625978752,HOLD,0.49429593028793234,Neutral,0.646606914212548,0.5825864276568502,Global 10d,5.5,2.9280361020045276,0.08510035756763967,0.11735325681103848,2.805080982659912,,64.13512403831905
Diamines & Chemicals Limited,DIAMINESQ.NS,236.30999755859375,-0.00918240017361116,HOLD,0.45922094316888057,Neutral,0.6259541984732825,0.5343511450381679,Global 10d,6.5,4.124983163011344,0.020953931285979888,0.10486225312220498,0.09152800408630371,,64.0561689786622
Euro Panel Products Limited,EUROBOND.NS,148.2899932861328,0.01394867204193373,HOLD,0.4870558242648924,Neutral,0.7867298578199052,0.7061611374407584,Global 10d,7.1,9.13391210068004,0.029720150979477333,0.3079776644821699,0.027485989265441893,,63.990446556450486
Suryoday Small Finance Bank Limited,SURYODAY.NS,143.5500030517578,-0.011091213624513152,HOLD,0.49920583827202064,Neutral,0.5912698412698413,0.5079365079365079,Global 10d,5.5,2.2834057162014973,0.010844367329707616,0.0357909883059675,2.3318612361694337,,63.84739866108195
GMR AIRPORTS LIMITED,GMRAIRPORT.NS,93.16000366210938,-0.020914322983256017,HOLD,0.5031598840611559,Neutral,0.5701530612244898,0.5089285714285714,Global 10d,5.6,4.634997357331522,0.011015282427731421,0.07342202736164793,96.41347990791625,,63.50463713662421
ICRA Limited,ICRA.NS,4318.2998046875,0.02039220337606329,HOLD,0.49648307970635885,Neutral,0.6208226221079691,0.5488431876606683,Global 10d,5.3,6.780319237979702,,0.23767365839301346,10.889342151953125,,63.48567926380981
Arkade Developers Limited,ARKADE.NS,118.69000244140625,-0.005863112084937949,HOLD,0.5061230229608387,Neutral,0.5930232558139535,0.5116279069767442,Global 10d,7.7,2.94308111407452,0.036593907785207325,0.015165518454276494,1.9026317717834473,,63.28676141526517
JM Financial Limited,JMFINANCIL.NS,123.0999984741211,-0.002431143014977155,HOLD,0.48061908033713885,Neutral,0.5843989769820972,0.5166240409207161,Global 10d,6.0,4.390988565301708,0.014003269578870547,0.08229079917939686,23.538311116796493,,63.25777614712025
NHPC Limited,NHPC.NS,72.0,0.0034843205574912606,HOLD,0.48175504349846204,Neutral,0.6138107416879796,0.5601023017902813,Global 10d,3.8,6.364473328274226,0.008056786408596972,0.08243540440469377,73.87198493420486,,63.17726983536956
Bayer Cropscience Limited,BAYERCROP.NS,3554.199951171875,-0.020233803205540246,HOLD,0.49830539159829196,Neutral,0.6350832266325224,0.5685019206145967,Global 10d,4.6,7.429362799934704,,0.22078103706943875,7.477830917724609,,63.16059608439601
Gravita India Limited,GRAVITA.NS,1423.5,0.0077162852912702196,HOLD,0.5350288893912407,Neutral,0.5764546684709067,0.523680649526387,Global 10d,5.4,5.836660336048793,0.12360878725088398,0.24636460288516426,31.809329471636964,,62.77001892149875
Suven Life Sciences Limited,SUVEN.NS,306.29998779296875,-0.006487188060944837,HOLD,0.5130422388467488,Neutral,0.6336760925449871,0.5539845758354756,Global 10d,7.6,3.750184494168997,0.05438894248870474,0.21123086772945832,12.859158085139466,,62.69582043306248
Fine Organic Industries Limited,FINEORG.NS,5131.0,0.0012684164308713886,HOLD,0.4753352708028502,Neutral,0.6090425531914894,0.5319148936170213,Global 10d,4.0,1.9999999999999947,0.0960356077929918,0.0004473536411826462,8.216806325,,62.56761019996975
Shipping Corporation Of India Limited,SCI.NS,290.6000061035156,0.08818580560581823,HOLD,0.46509454993188487,Neutral,0.6023017902813299,0.5217391304347826,Global 10d,6.2,2.7129684257647,0.027263009292344043,0.041535871053831164,37.28106254972534,,62.5544790209233
Tata Power Company Limited,TATAPOWER.NS,351.5,0.003855508002421182,HOLD,0.49683975010819487,Neutral,0.5697823303457106,0.5160051216389245,Global 10d,4.6,4.194064778906867,0.012968299711815456,0.07439543071546062,105.55195735745545,,62.513667203720104
DCM Shriram Industries Limited,DCMSRIND.NS,37.689998626708984,-0.04751076781941799,HOLD,0.4896348677709709,Neutral,0.6976744186046512,0.6186046511627907,Global 10d,8.5,3.5851959970613847,0.023592529338798407,0.10014709837471947,0.8177302592216492,0.05,62.47974554860378
Hindustan Petroleum Corporation Limited,HINDPETRO.NS,342.3500061035156,-0.007681141728940188,HOLD,0.4981866944082611,Neutral,0.5887611749680716,0.5146871008939975,Global 10d,5.7,2.2769282106584376,0.005063546327759072,0.07781526251724369,125.84944851392211,,62.4429898616336
Supreme Engineering Limited,SUPREMEENG.NS,4.239999771118164,0.0192307515962582,BUY,0.5850849152780796,Neutral,0.6904761904761905,0.5423280423280423,Global 10d,4.7,2.0,2.9626164142716465,,0.09895026071605682,0.02,62.320912430570644
SBI Life Insurance Company Limited,SBILIFE.NS,1721.5999755859375,0.014854958034193011,HOLD,0.4916691063204226,Neutral,0.5731414868105515,0.5155875299760192,Global 10d,5.3,3.3129144762324505,0.01246762577481153,0.05715614882056008,177.4233968,,62.30353925821002
HEC Infra Projects Limited,HECPROJECT.NS,111.86000061035156,-0.010088490173880027,HOLD,0.48525844739917323,Neutral,0.7120743034055728,0.6346749226006192,Global 10d,7.5,4.122726562121776,0.035740746392144196,0.1621669881161234,0.08299734168014526,,62.26554492511958
Gallantt Ispat Limited,GALLANTT.NS,530.1500244140625,-0.013674373183139577,HOLD,0.4903780935487574,Neutral,0.6158854166666666,0.5247395833333333,Global 10d,6.8,2.6653462044126193,0.034308843025882885,0.10129631614903101,2.8781523838989256,,62.204485343639035
IL&FS Investment Managers Limited,IVC.NS,7.809999942779541,0.0012820194615579261,HOLD,0.46104081252570817,Neutral,0.6806615776081425,0.6030534351145038,Global 10d,6.9,3.2314115287724148,0.03306878331907548,0.010631267777257314,0.27205978600673675,,62.10725083409775
Indosolar Limited,WAAREEINDO.NS,204.88999938964844,0.0073749938763032485,BUY,0.5722763962324079,Neutral,0.6564516129032258,0.5854838709677419,Global 10d,9.1,12.634939911349004,,1.1287031831506744,3.266433894037628,0.05,61.95575529549138
Sandhar Technologies Limited,SANDHAR.NS,555.2999877929688,-0.015163586349514091,HOLD,0.5196881295529261,Neutral,0.5924050632911393,0.5113924050632912,Global 10d,6.0,2.0,0.12628758396250483,0.028783575409436324,6.095687026043701,,61.92911229210449
Vaswani Industries Limited,VASWANI.NS,44.36000061035156,-0.004711668968152227,SELL,0.4463140215375885,Sell,0.6439942112879884,0.5542691751085383,Global 10d,7.4,4.664581594177002,0.025427700681875054,0.13841296900739097,0.09396349489135743,,61.87529019240546
The Sandesh Limited,SANDESH.NS,1013.9500122070312,0.02414021989671533,HOLD,0.4869660845793884,Neutral,0.6623376623376623,0.577922077922078,Global 10d,5.8,2.3982344854382247,0.03464286959901153,0.006202200022590532,0.05071783999633789,,61.739495921672905
Aarti Industries Limited,AARTIIND.NS,465.1000061035156,-0.022282963698774028,HOLD,0.49374370535152656,Neutral,0.6084183673469388,0.5510204081632653,Global 10d,5.5,4.121668561131544,0.01867355657476799,0.018615815890600018,24.653359048223876,,61.63615832038711
Fiem Industries Limited,FIEMIND.NS,1794.800048828125,-0.044098811160227736,HOLD,0.5377622656919528,Neutral,0.5679487179487179,0.5064102564102564,Global 10d,6.3,5.688297546311721,,0.2679208173975183,10.5968973,,61.60606200254636
Hindustan Copper Limited,HINDCOPPER.NS,478.6499938964844,0.035702694402059754,HOLD,0.49913122851505337,Neutral,0.5820512820512821,0.5166666666666666,Global 10d,7.0,6.652949179018448,0.02444779590943713,0.19123930999887806,328.91455140494537,,61.46913057869875
Pansari Developers Limited,PANSARI.NS,260.0,-0.051094890510948954,HOLD,0.49002042488583347,Neutral,0.6426512968299711,0.5648414985590778,Global 10d,7.8,3.379298439240783,0.046277665995975825,0.05769230769230771,0.01767294428100586,,61.41597919565015
Sab Events & Governance Now Media Limited,SABEVENTS.NS,132.60000610351562,0.0,SELL,0.39163689658330975,Sell,0.5943600867678959,0.5032537960954446,Global 10d,6.4,25.59137895461801,0.11241618706661427,0.12820512230390668,0.00224532004699707,0.05,61.40935921716706
Rainbow Childrens Medicare Limited,RAINBOW.NS,1279.800048828125,-0.02624971370179996,HOLD,0.5258041438990128,Neutral,0.6836734693877551,0.5561224489795918,Global 10d,5.5,2.1067823513217268,0.04719081993708785,0.03055110018894669,14.322182787506103,,61.39158980759941
AIA Engineering Limited,AIAENG.NS,3824.39990234375,-0.011527551733328978,HOLD,0.4872039423027739,Neutral,0.6131105398457584,0.5552699228791773,Global 10d,5.9,5.527653995202815,0.012281604643660682,0.022331095887815122,13.290654245324706,,61.36589767517608
Indraprastha Medical Corporation Limited,INDRAMEDCO.NS,338.6000061035156,-0.02966042625433407,HOLD,0.5102610619713414,Neutral,0.5948717948717949,0.5256410256410257,Global 10d,6.9,4.052747467756994,,0.19630788788551312,7.7404812393310545,,61.3540787395927
HALEOS LABS LIMITED,HALEOSLABS.NS,1490.0,-0.007592929418335004,HOLD,0.48560126837542733,Neutral,0.6105769230769231,0.5360576923076923,Global 10d,5.3,2.5009061471733367,0.03792033153405927,0.03185304442344372,0.09668663015136719,,61.33794979573131
Balmer Lawrie & Company Limited,BALMLAWRIE.NS,159.3000030517578,-0.011541328915896987,HOLD,0.4816473691012922,Neutral,0.6135204081632653,0.5561224489795918,Global 10d,4.9,3.811157211361314,0.025722444751791862,0.11415180340991227,1.9334373524780273,,61.30267489459857
NMDC Steel Limited,NSLNISP.NS,40.5,-0.010989029415274465,HOLD,0.48648459758607654,Neutral,0.7098765432098766,0.6111111111111112,Global 10d,6.2,2.0,0.001359878986049834,0.0158024540653936,16.948080137439728,,61.288905622016756
Jyothy Labs Limited,JYOTHYLAB.NS,180.92999267578125,-0.010825055747009982,HOLD,0.519768061424998,Neutral,0.6155810983397191,0.5555555555555556,Global 10d,5.6,4.58917904540913,,0.14270185957098458,7.304537438047028,,61.26145543395744
Coastal Corporation Limited,COASTCORP.NS,35.81999969482422,-0.03110634265370016,HOLD,0.5269936032519419,Neutral,0.6711711711711712,0.5540540540540541,Global 10d,9.1,2.501044061690568,0.01761360563768899,0.2029592551563908,0.26108330718841555,0.05,61.234924109913834
RPSG VENTURES LIMITED,RPSGVENT.NS,829.8499755859375,-0.024279864096487414,HOLD,0.4897842888189217,Neutral,0.7231638418079096,0.6412429378531073,Global 10d,6.3,2.000000000000003,0.0027187047684564813,0.0418148017447737,1.9613360703704834,,61.21864491664521
GIC Housing Finance Limited,GICHSGFIN.NS,132.8800048828125,-0.00739516150357955,HOLD,0.4972915874316601,Neutral,0.6454891994917408,0.5857687420584499,Global 10d,4.7,3.6330173512944177,0.05009760225548043,0.11664659414837852,0.8816690845031738,,61.10404022741136
Muthoot Microfin Limited,MUTHOOTMF.NS,174.08999633789062,-0.024159179966646183,HOLD,0.5299609244531408,Neutral,0.5702479338842975,0.5206611570247934,Global 10d,6.1,6.005094915175783,0.013329413535824619,0.10862200045892934,2.748624727429199,,61.09503442234622
FDC Limited,FDC.NS,331.29998779296875,-0.013694570369457093,HOLD,0.49898069187187755,Neutral,0.6046213093709885,0.5340179717586649,Global 10d,6.0,2.2858522091675333,0.007603406608318153,0.10353160149218343,4.018057992677307,,61.07806008938943
Reliance Chemotex Industries Limited,RELCHEMQ.NS,114.36000061035156,-0.016088812635059457,HOLD,0.4628169050531961,Neutral,0.7448979591836735,0.653061224489796,Global 10d,8.1,4.291157933255614,0.03501376264721334,0.04491683620309961,0.02854252152786255,,61.048146387452135
Mahanagar Telephone Nigam Limited,MTNL.NS,23.190000534057617,-0.05961067812045251,HOLD,0.5090767483022266,Neutral,0.6892583120204604,0.6240409207161126,Global 10d,8.8,3.5619037535494678,0.09078082240817031,0.2419145568696257,1.6504008704019546,,61.03476056895317
Gujarat Mineral Development Corporation Limited,GMDCLTD.NS,487.3500061035156,-0.0006151702998532516,HOLD,0.5344788419722833,Neutral,0.5781448538754765,0.5158831003811943,Global 10d,6.0,5.231148657111824,0.0628319681992513,0.21241511235694377,37.56233978231201,,60.91031619057421
Hitachi Energy India Limited,POWERINDIA.NS,31290.0,0.021547502448579836,HOLD,0.49557529217032786,Neutral,0.5980066445182725,0.5448504983388704,Global 10d,6.2,3.646005136427957,0.0032848893787156275,0.1691040253832239,280.0553005,,60.88810111662989
Latent View Analytics Limited,LATENTVIEW.NS,235.67999267578125,0.005117694345391222,HOLD,0.5173104532498912,Neutral,0.7522935779816514,0.6880733944954128,Global 10d,6.6,9.065601430135285,,0.3757001057393714,8.835030410697174,,60.85390186738754
Bharat Electronics Limited,BEL.NS,384.8500061035156,0.004567997838995419,HOLD,0.5008359027571019,Neutral,0.5552699228791774,0.5115681233933161,Global 10d,4.3,5.176255626713025,0.010896091031901811,0.0813953396165894,389.9100384625,,60.75003818192778
Veedol Corporation Limited,VEEDOL.NS,1356.5999755859375,-0.012160542232877769,HOLD,0.48409414355998726,Neutral,0.6122448979591837,0.5612244897959184,Global 10d,5.3,9.248820022973652,0.006711729419944357,0.1075975121748538,1.2129717,,60.723096178986516
Central Bank of India,CENTRALBK.NS,30.309999465942383,0.010333315531412701,HOLD,0.4884941452760308,Neutral,0.59846547314578,0.5485933503836318,Global 10d,4.9,3.670211240885459,0.014051525087665384,0.06895420972491073,13.618442429371166,,60.63887357276369
Computer Age Management Services Limited,CAMS.NS,677.25,0.009314456035767416,HOLD,0.5072639090902146,Neutral,0.6945454545454546,0.6363636363636364,Global 10d,4.9,2.7054791454550817,0.03161192423831549,0.09601749957948535,79.88609389773559,,60.5706305548221
CEAT Limited,CEATLTD.NS,3286.60009765625,0.006800697211319262,HOLD,0.49849158602484933,Neutral,0.5858974358974359,0.5153846153846153,Global 10d,5.3,2.0,0.0033382671655843854,0.014925054035879182,16.0582747144043,,60.569081058695446
DLF Limited,DLF.NS,673.0,0.022174931720166047,HOLD,0.49627872925797417,Neutral,0.5683269476372924,0.5134099616858238,Global 10d,6.2,3.8535531863508283,0.014061742422932344,0.0211513259014946,230.65214658734132,,60.55521893571262
Aqylon Nexus Limited,AQYLON.NS,15.460000038146973,-0.049200503042666766,HOLD,0.5202749290212211,Neutral,0.6692307692307692,0.5012820512820513,Global 10d,9.9,7.309370161088175,,0.8596377703143887,1.2242273876708984,0.05,60.547079784394384
Adani Power Limited,ADANIPOWER.NS,201.0,0.024412584079455568,HOLD,0.4878921493905888,Neutral,0.5903307888040712,0.5356234096692112,Global 10d,5.8,4.110274159519884,0.015151515151515138,0.08159200943524558,386.3704717398926,,60.53508861688081
Mangalam Organics Limited,MANORG.NS,436.79998779296875,-0.0341625477214621,HOLD,0.4764929766981146,Neutral,0.7276785714285714,0.625,Global 10d,6.8,2.2046264083551184,0.010916075895009758,0.12156595143652704,0.3033153593902588,0.05,60.50036825957737
Redtape Limited,REDTAPE.NS,113.8499984741211,-0.012490263075471186,HOLD,0.45842473240247245,Neutral,0.6423357664233577,0.5620437956204379,Global 10d,5.9,2.090520119968765,0.00663129982421351,0.11526780332660214,4.815624845287704,,60.43367651978687
Tamilnadu PetroProducts Limited,TNPETRO.NS,123.18000030517578,-0.007253397103461845,HOLD,0.461040505913967,Neutral,0.6093143596377749,0.5213454075032342,Global 10d,8.4,4.2309256189199775,0.036970682717298864,0.04208895326644657,11.734828949171447,,60.41255742523427
VST Industries Limited,VSTIND.NS,201.13999938964844,-0.009942922996893366,HOLD,0.505443859919812,Neutral,0.6421188630490956,0.6007751937984496,Global 10d,4.4,2.895272737348454,0.0006965143763604242,0.08451515662532749,1.9983470509841919,,60.39417482118247
Sasken Technologies Limited,SASKEN.NS,1720.5,0.02857658290396725,HOLD,0.4967038059945481,Neutral,0.6265984654731458,0.5434782608695652,Global 10d,7.4,3.737706176967533,0.2991987265214646,0.2185411217669282,4.83464481538086,0.05,60.30185696639407
VL E-Governance & IT Solutions Limited,VLEGOV.NS,9.600000381469727,-0.0390389788372123,HOLD,0.5155447700069268,Neutral,0.8201438848920863,0.7122302158273381,Global 10d,8.9,2.4386376533755207,0.021276677771900232,0.2291666376921877,0.08040247999076844,0.02,60.27998025437361
Adani Green Energy Limited,ADANIGREEN.NS,1284.0,0.006190756653243534,HOLD,0.4879690689182139,Neutral,0.6171875,0.5494791666666667,Global 10d,6.1,6.741492105692058,0.056877087988588926,0.27063862928348903,128.99471025424805,,60.259755180099845
Petronet LNG Limited,PETRONET.NS,285.5,0.0035149384885764245,HOLD,0.4878153790179233,Neutral,0.5894465894465895,0.5135135135135135,Global 10d,4.8,1.9726805676998265,0.02605570530098822,0.04037464174734717,40.70714798239746,,60.189276776123336
Adani Ports and Special Economic Zone Limited,ADANIPORTS.NS,1774.0,0.020830906982817865,HOLD,0.4949201112865427,Neutral,0.5717948717948718,0.5025641025641026,Global 10d,5.3,2.0,0.0019768426998023614,0.035513883183077466,289.67768696173704,,60.17210133620093
Popular Vehicles and Services Limited,PVSL.NS,89.86000061035156,-0.05905758523192084,HOLD,0.5341667729107026,Neutral,0.6454545454545455,0.5909090909090908,Global 10d,8.1,3.5591589254958116,0.009662928206197297,0.26697081794818023,0.24087273090248107,,60.15331599976733
Goldiam International Limited,GOLDIAM.NS,310.79998779296875,-0.008454376490220628,HOLD,0.5081380659217526,Neutral,0.6257982120051085,0.5708812260536398,Global 10d,6.9,5.641515785614446,0.015686234617545036,0.006274170796718881,13.14527206135254,,60.09301552097227
Synergy Green Industries Limited,SGIL.NS,613.8499755859375,-0.07858005953447089,HOLD,0.5056153279146683,Neutral,0.6163793103448276,0.5387931034482758,Global 10d,7.5,2.034217571899539,0.0847321949164479,0.013439815664573862,0.583465813772583,,60.073991037108506
Indraprastha Gas Limited,IGL.NS,142.10000610351562,-0.004832181630785137,HOLD,0.48013840692853593,Neutral,0.5989717223650386,0.5501285347043702,Global 10d,4.9,5.891782595628109,0.012974956185051179,0.10454802792668061,15.485239569105529,,60.044595547715055
Advanced Enzyme Technologies Limited,ADVENZYMES.NS,272.3999938964844,-0.006745692264414349,HOLD,0.5070775455444747,Neutral,0.70276008492569,0.6433121019108281,Global 10d,5.5,3.7502221977565777,0.05627518426968092,0.15348123705491878,5.900251994949341,,59.99523421071313
Seamec Limited,SEAMECLTD.NS,1594.699951171875,-0.028569703406167823,HOLD,0.5091137895303706,Neutral,0.5884615384615385,0.5166666666666666,Global 10d,6.0,2.0,0.10623897089500489,0.03214410098735687,10.06309206829834,,59.95057163171969
MAS Financial Services Limited,MASFIN.NS,267.75,-0.018691610736415898,HOLD,0.5072624109460812,Neutral,0.5788177339901478,0.5221674876847291,Global 10d,5.5,3.089278905691864,,0.15854346295809996,5.843810057373047,,59.92568212365873
Kaveri Seed Company Limited,KSCL.NS,701.5499877929688,-0.018948382401867914,HOLD,0.4655292934795158,Neutral,0.632051282051282,0.5576923076923077,Global 10d,8.6,6.5807305400858525,0.024160566121122162,0.1873708424121916,4.801377985888672,,59.92083247130188
TVS Holdings Limited,TVSHLTD.NS,11886.0,-0.01825390270091687,HOLD,0.511971059367336,Neutral,0.5596919127086007,0.5019255455712452,Global 10d,5.9,3.704785077047851,,0.19215884233552072,7.2805823,,59.90681141937234
Castrol India Limited,CASTROLIND.NS,199.50999450683594,0.0023613406177493967,HOLD,0.49979125253534756,Neutral,0.5831202046035806,0.5230179028132993,Global 10d,4.0,2.0,0.08370444265306332,,56.28046788658905,,59.90400479474581
Kirloskar Pneumatic Company Limited,KIRLPNU.NS,681.9500122070312,0.007758238370466852,HOLD,0.47093924108885105,Neutral,0.6601307189542484,0.542483660130719,Global 10d,6.1,2.8587738910007587,0.3225318958648755,0.13622698472550376,8.723269488311768,,59.89960540044711
D-Link (India) Limited,DLINKINDIA.NS,406.6000061035156,-0.012747359286624516,HOLD,0.485285047724842,Neutral,0.570694087403599,0.5244215938303343,Global 10d,4.9,5.355894878651443,0.009911212248876256,0.003589768810570604,2.134726320239258,,59.88903486089255
MSP Steel & Power Limited,MSPL.NS,31.649999618530273,-0.026752792957777993,HOLD,0.5067240172353262,Neutral,0.6122448979591837,0.5038265306122449,Global 10d,7.4,2.0,0.012475988061193544,0.0644549457430117,2.6032466489149093,,59.86716842384347
Godrej Industries Limited,GODREJIND.NS,1019.5999755859375,-0.019049498136472387,HOLD,0.5456168588618212,Neutral,0.5887611749680716,0.5300127713920817,Global 10d,6.3,2.3371595555826503,0.014527338891480168,0.04498499442626169,5.6573376,,59.83468408705676
Easy Trip Planners Limited,EASEMYTRIP.NS,5.760000228881836,-0.01706482975327095,HOLD,0.5008754939450808,Neutral,0.7817460317460317,0.7341269841269842,Global 10d,6.2,10.287407688721778,0.0034843587651329777,0.4305554589739591,7.874350008898545,,59.75387636129763
KCP Limited,KCP.NS,154.1699981689453,0.0001297714774763925,HOLD,0.4726496575537971,Neutral,0.5961538461538461,0.5307692307692308,Global 10d,6.7,3.217739194618411,0.03629583732164621,0.1282251935585106,1.4821685326202392,,59.65644892472023
Dhanuka Agritech Limited,DHANUKA.NS,907.4000244140625,-0.029570572418453733,HOLD,0.5063474380663994,Neutral,0.6657263751763046,0.6135401974612129,Global 10d,6.3,5.244478630182095,0.02197344367608456,0.1384200830432556,2.076426338342285,,59.64924138971989
NBCC (India) Limited,NBCC.NS,76.19999694824219,-0.015503934805937925,HOLD,0.5351698411575617,Neutral,0.6179941002949852,0.5648967551622419,Global 10d,6.1,3.92899107998935,,0.15578944175374465,45.104108781497956,,59.63282834106392
NAVA LIMITED,NAVA.NS,552.5,-0.01224631426641598,HOLD,0.48924386291326605,Neutral,0.5820512820512821,0.5153846153846153,Global 10d,5.2,2.263686928467271,0.020619689170862765,0.05682327717446922,14.019818513726806,,59.56450469531891
Medplus Health Services Limited,MEDPLUS.NS,654.2999877929688,-0.0009162262921437181,HOLD,0.4937629873322411,Neutral,0.6976744186046512,0.655813953488372,Global 10d,4.8,4.50097507885816,0.008943697444824705,0.062203901828452146,5.775697718762207,,59.415821670653315
Suzlon Energy Limited,SUZLON.NS,38.91999816894531,0.00025696020489363036,HOLD,0.5274924955865269,Neutral,0.5752551020408163,0.5318877551020409,Global 10d,5.8,11.292694253547847,0.01911494025888194,0.26721485136597933,220.01857016365452,,59.38284099460405
Gateway Distriparks Limited,GATEWAY.NS,51.880001068115234,-0.0030745550460659077,HOLD,0.4904455702880033,Neutral,0.6859903381642513,0.6473429951690821,Global 10d,4.1,4.199146602508381,0.10232705256470309,0.1255720722282465,2.6826620471954348,,59.38096935291802
NINtec Systems Limited,NINSYS.NS,842.0,0.04641766538581216,HOLD,0.47912318349330946,Neutral,0.5786163522012578,0.5031446540880503,Global 10d,6.3,2.6823235530605,0.2290176507059869,0.1104513064133017,0.23509956403808593,,59.38082883348409
Berger Paints (I) Limited,BERGEPAINT.NS,452.3999938964844,-0.006696713643209784,HOLD,0.5007306045582348,Neutral,0.5997425997425997,0.5379665379665379,Global 10d,5.4,2.1281149469293004,0.00014396097267455055,0.07499610348196928,14.79706605,,59.37177161388573
Sobha Limited,SOBHA.NS,1213.0999755859375,-0.006958087892825149,HOLD,0.5010416220241772,Neutral,0.5556978233034571,0.5044814340588988,Global 10d,5.4,4.916553503588531,0.03506823855455421,0.19032333454953276,9.210358680541992,,59.3593938540902
Krishival Foods Limited,KRISHIVAL.NS,394.5,-0.018290421778971666,HOLD,0.4547458180810031,Neutral,0.628140703517588,0.5125628140703518,Global 10d,5.5,2.0000000000000044,0.12615387317009863,0.01056257930741289,0.47089224313049316,,59.35267470894723
Jagran Prakashan Limited,JAGRAN.NS,61.54999923706055,-0.012038523421904701,HOLD,0.4959336014744347,Neutral,0.6344916344916345,0.5997425997425998,Global 10d,3.8,3.3335355908613677,0.005669844498275012,0.03536777659043877,0.9622038814521789,,59.325367090276444
BLS International Services Limited,BLS.NS,216.50999450683594,-0.00801796043271319,HOLD,0.5057652391616162,Neutral,0.7044025157232704,0.6477987421383649,Global 10d,5.9,6.256365242210469,,0.27566545706644496,15.414549243708802,,59.30587202097386
Adani Enterprises Limited,ADANIENT.NS,2864.0,0.016756585612639263,HOLD,0.4883186111510566,Neutral,0.6406649616368286,0.5882352941176471,Global 10d,6.5,4.08021740334576,0.011835364776541235,0.06788846362183465,419.7131083147949,,59.302361745774284
IDBI Bank Limited,IDBI.NS,86.30999755859375,-0.0030033745771863574,HOLD,0.4874295588457295,Neutral,0.6133162612035852,0.5275288092189501,Global 10d,7.8,1.999999999999996,0.08013512163047287,0.04205775675463519,104.75679002436294,,59.300757626705604
JK Tyre & Industries Limited,JKTYRE.NS,340.3500061035156,-0.01916424754030077,HOLD,0.5032933062603527,Neutral,0.5948717948717949,0.5346153846153846,Global 10d,6.5,5.8989353109662845,,0.23481723500080043,15.12574775,,59.29543454378687
Tata Technologies Limited,TATATECH.NS,697.5499877929688,-0.0017887807982766013,HOLD,0.5019437017521439,Neutral,0.5967741935483871,0.532258064516129,Global 10d,6.0,2.2588941923824586,0.010942011294157616,0.10693417282763362,59.95184807843323,,59.29226498623799
Gujarat Industries Power Company Limited,GIPCL.NS,174.8300018310547,-0.026992381135488963,HOLD,0.5133505248996438,Neutral,0.5933926302414231,0.5336721728081322,Global 10d,7.0,2.873841007402056,0.03439925012707845,0.10946177760876985,6.95155625242157,,59.260742888186364
Liberty Shoes Limited,LIBERTSHOE.NS,212.4199981689453,-0.020112559437692745,HOLD,0.5343234756282067,Neutral,0.639386189258312,0.5907928388746804,Global 10d,7.7,4.265576453785283,0.009121131443920794,0.24682237259446183,0.451963327734375,,59.24709318569086
Hathway Cable & Datacom Limited,HATHWAY.NS,9.319999694824219,-0.013756626144421857,HOLD,0.5303382984040484,Neutral,0.6900129701686122,0.62905317769131,Global 10d,6.8,3.4396142286076015,0.0639268780035025,0.19098720439164985,1.4313260033901214,,59.22901385593195
Ksb Limited,KSB.NS,806.4500122070312,-0.05799552014345577,HOLD,0.4939902285380298,Neutral,0.577120822622108,0.5167095115681234,Global 10d,6.8,2.9675476709336186,0.035436869599057674,0.0011107677830000107,9.203870056481934,,59.21652666273668
Hindustan Foods Limited,HNDFDS.NS,574.5999755859375,-0.00026102551381035344,HOLD,0.49928823872718225,Neutral,0.6925465838509317,0.5496894409937888,Global 10d,5.3,1.915423680188739,0.04691628158042649,0.035503002577158105,3.804945859173584,,59.20489956562623
Carraro India Limited,CARRARO.NS,518.0999755859375,-0.017819951495853026,HOLD,0.49764732979845383,Neutral,0.5675675675675675,0.5135135135135135,Global 10d,5.9,2.753521734309543,0.0162569203227243,0.057595073590761325,4.889664560852051,,59.16440805175581
Aarti Drugs Limited,AARTIDRUGS.NS,421.0,-0.022975154413352517,HOLD,0.48857759007103335,Neutral,0.6452442159383034,0.5886889460154241,Global 10d,6.7,3.752444805731353,0.024330900243308973,0.0011588738486412176,6.253177621426391,,59.14287946602332
Tanla Platforms Limited,TANLA.NS,488.0,0.0005125576627371675,HOLD,0.506734235299238,Neutral,0.650571791613723,0.6010165184243965,Global 10d,6.5,3.120351473493219,0.016666666666666607,0.06649929369739627,15.856331270825196,,59.1421967289602
Kingfa Science & Technology (India) Limited,KINGFA.NS,6586.5,0.016043193212495144,HOLD,0.4922110316960331,Neutral,0.5924308588064047,0.512372634643377,Global 10d,6.2,2.0000000000000027,0.16451078160389443,,9.52545119375,,59.1418948033515
J.Kumar Infraprojects Limited,JKIL.NS,461.8500061035156,-0.0031296821231540095,HOLD,0.48962245486354333,Neutral,0.6025477707006369,0.5503184713375796,Global 10d,5.9,3.8659337115661865,0.025293547309062525,0.11422372265230663,2.21217325,,59.10809820242848
Aeroflex Neu Limited,AERONEU.NS,70.55999755859375,-0.003952552142455601,HOLD,0.5354591661376317,Neutral,0.7515151515151515,0.6363636363636364,Global 10d,9.3,2.0,0.007999965122767794,0.04591844678670132,0.293791048128891,,59.10629425600733
Windsor Machines Limited,WINDMACHIN.NS,293.1499938964844,-0.02348440381036654,HOLD,0.48491769550528385,Neutral,0.6275773195876289,0.5695876288659794,Global 10d,6.4,3.08822673724797,0.03294575935759525,0.006310783360169214,2.3176914841918945,,59.072375503856925
Godrej Properties Limited,GODREJPROP.NS,1595.800048828125,-0.02007979807913729,HOLD,0.5194311684688964,Neutral,0.5602027883396705,0.5183776932826363,Global 10d,6.4,3.6541721122446766,0.08624420698317481,0.14423724108825264,95.6615927166748,,59.04050597820813
Garden Reach Shipbuilders & Engineers Limited,GRSE.NS,2110.39990234375,-0.00033167319412152896,BUY,0.5550942660046996,Neutral,0.6584022038567493,0.6033057851239669,Global 10d,6.0,4.909792342999604,0.07779211145234965,0.2163139787741859,84.87534351322022,,59.02774295783768
Arihant Foundations & Housing Limited,ARIHANT.NS,894.0999755859375,-0.007327674621566138,HOLD,0.4885961006525123,Neutral,0.6355475763016158,0.5457809694793536,Global 10d,8.7,2.9313089835839596,0.063139091065324,0.06923165876779835,0.1335880625,0.05,59.01556043756341
Munjal Showa Limited,MUNJALSHOW.NS,124.02999877929688,-0.004015096803189899,HOLD,0.4835795430591732,Neutral,0.6333333333333333,0.5846153846153845,Global 10d,5.7,5.481114787537673,0.014601198887525424,0.01943110217138111,0.2964044080284119,,58.996707749214785
Kirloskar Ferrous Industries Limited,KIRLFER.NS,465.8500061035156,-0.00882977424783915,HOLD,0.48712773340536736,Neutral,0.59,0.53,Global 10d,4.7,2.266068255212919,0.013890963250774435,0.0422217118847974,4.9048881292633055,,58.977640624404444
Hindustan Aeronautics Limited,HAL.NS,4680.0,0.01717018039556617,HOLD,0.4839373721670051,Neutral,0.6454081632653061,0.5484693877551021,Global 10d,5.4,2.0,0.04472952172581279,0.03601511589090012,357.4691685,,58.97548781224763
Oil & Natural Gas Corporation Limited,ONGC.NS,224.89999389648438,0.011377428766698339,HOLD,0.497883084378092,Neutral,0.5703324808184144,0.520460358056266,Global 10d,4.6,3.23035624541602,,0.086288852488978,254.2354933923439,,58.962184909441696
Solex Energy Limited,SOLEX.NS,670.9500122070312,-0.01163727430657635,HOLD,0.5012383266270063,Neutral,0.6372795969773299,0.5692695214105794,Global 10d,9.1,20.74904040357146,0.031140430855149726,0.7272329137497671,2.0969806680114744,0.05,58.92890290890172
Ravi Kumar Distilleries Limited,RKDL.NS,17.239999771118164,-0.05118328570560304,HOLD,0.4970705240155371,Neutral,0.684856753069577,0.6098226466575716,Global 10d,7.4,2.6921180347757896,0.05766874711996195,0.1595127631386064,0.013125114165496827,,58.906271645102485
Megastar Foods Limited,MEGASTAR.NS,267.8699951171875,0.0025825378408612654,HOLD,0.5068679528934418,Neutral,0.680952380952381,0.5904761904761905,Global 10d,8.3,2.0,0.009496849277210062,0.004741178759847253,0.11772904260253907,,58.897800615548
Authum Investment & Infrastructure Limited,AIIL.NS,551.5999755859375,0.02280732073313252,HOLD,0.47738873168424584,Neutral,0.616822429906542,0.5327102803738317,Global 10d,7.3,2.0,0.09913316739727374,0.05478005101901928,8.408304686090087,,58.89544156229408
Surya Roshni Limited,SURYAROSNI.NS,220.6699981689453,-0.003162113040078518,HOLD,0.48977176468633954,Neutral,0.6333333333333333,0.573076923076923,Global 10d,6.3,3.606016122425815,0.047998610563004585,0.15803119545621036,8.34024405,,58.88612833952754
Nalwa Sons Investments Limited,NSIL.NS,5163.5,-0.030146506386175775,HOLD,0.5008022337478208,Neutral,0.5824742268041238,0.5373711340206185,Global 10d,6.2,3.2950682056663214,0.09861702127659577,0.1303185823569284,0.8092663,0.05,58.82404091163613
IVP Limited,IVP.NS,224.80999755859375,-0.0048692226359347,HOLD,0.4908136435344712,Neutral,0.6238651102464332,0.5460440985732815,Global 10d,6.9,2.0,0.12404998779296883,,0.28880253250579835,0.05,58.807768794555756
South West Pinnacle Exploration Limited,SOUTHWEST.NS,195.5800018310547,0.07638968143057401,HOLD,0.5112414168094405,Neutral,0.618925831202046,0.5268542199488491,Global 10d,8.2,2.0,0.11919886598600682,0.0527660904428473,3.8684266500396727,,58.78610486089182
NTPC Limited,NTPC.NS,315.1000061035156,-0.02370253724704685,HOLD,0.4960852332232592,Neutral,0.5345268542199488,0.5025575447570333,Global 10d,4.0,3.3960175505686863,0.00018222899965425476,0.08146709763719717,231.3478175,,58.78292185191778
Hindustan Oil Exploration Company Limited,HINDOILEXP.NS,167.30999755859375,-0.024715857870808766,HOLD,0.4725652875557236,Neutral,0.6341463414634146,0.5558408215661104,Global 10d,6.7,2.0,0.1083802645982237,0.010997573331747557,9.467640533432007,,58.753236414165535
Reliance Power Limited,RPOWER.NS,20.09000015258789,0.03503350389085358,HOLD,0.5004944078224919,Neutral,0.6951530612244898,0.6339285714285714,Global 10d,7.0,5.557334779576526,,0.25933295395229417,37.41577821423025,,58.7308428401042
Bharat Dynamics Limited,BDL.NS,1087.9000244140625,-0.019998154814981683,HOLD,0.5274347458452393,Neutral,0.6173469387755102,0.5790816326530612,Global 10d,6.3,6.67350440930709,0.0020845441135475262,0.3153060732121049,117.33782840997314,,58.71505634769147
Crest Ventures Limited,CREST.NS,362.3500061035156,-0.01226659377165229,HOLD,0.49308530157274943,Neutral,0.6402597402597403,0.5714285714285714,Global 10d,5.9,2.0,0.008319883238874892,0.04266408728643789,0.1047092335144043,,58.70473271018076
Centrum Capital Limited,CENTRUM.NS,19.899999618530273,0.014788322241337859,HOLD,0.5266272798983065,Neutral,0.7258883248730964,0.6751269035532995,Global 10d,8.1,3.654800491161736,0.012207516428325738,0.30402016383837527,0.40603528626251223,,58.63948892607345
Virinchi Limited,VIRINCHI.NS,13.289999961853027,-0.01336305134428073,HOLD,0.49848629050645643,Neutral,0.8627450980392157,0.7973856209150327,Global 10d,7.8,3.018297535078162,,0.20391271978371894,0.07663295670957565,0.05,58.5975171397019
BIRLASOFT LIMITED,BSOFT.NS,269.75,-0.007177078098713374,HOLD,0.5033699830290902,Neutral,0.6028097062579821,0.558109833971903,Global 10d,6.1,7.05805047934049,0.013078247185067449,0.12594997628736104,27.75077375,,58.56259868409425
Taj GVK Hotels & Resorts Limited,TAJGVK.NS,314.8999938964844,-0.016552211456881682,HOLD,0.484862396486953,Neutral,0.6269230769230769,0.5794871794871794,Global 10d,6.0,4.897118382796183,0.012101014411570299,0.08274440085217494,1.693660174331665,,58.52785143578759
JBM Auto Limited,JBMA.NS,544.6500244140625,-0.021293756668351316,HOLD,0.5406097367209668,Neutral,0.62002567394095,0.5866495507060334,Global 10d,5.6,9.234971625507074,0.009632303584230728,0.13383972356714846,12.013392350439453,,58.51876154262685
Delhivery Limited,DELHIVERY.NS,400.29998779296875,0.0007499694824217862,HOLD,0.5145066391567545,Neutral,0.6391752577319587,0.5927835051546392,Global 10d,5.3,2.723056014320101,0.01883425417475837,0.0637022252750814,121.62154419312134,,58.515703791648
Rashtriya Chemicals and Fertilizers Limited,RCF.NS,106.69000244140625,-0.0010299682322879589,HOLD,0.5112283716452989,Neutral,0.632183908045977,0.5964240102171137,Global 10d,5.1,15.795285288523223,0.007126975204353236,0.19019352847811444,10.80861222404518,,58.50020323248762
Jubilant Ingrevia Limited,JUBLINGREA.NS,638.0,-0.023270073366461586,HOLD,0.49963763418698853,Neutral,0.6837944664031621,0.6047430830039526,Global 10d,6.3,1.9760207487286854,0.04089111000135914,0.08711937749642029,16.256598089019775,,58.46735213475531
Jana Small Finance Bank Limited,JSFB.NS,498.6000061035156,0.03358211528192423,HOLD,0.5132933544892161,Neutral,0.6052631578947368,0.543859649122807,Global 10d,8.0,3.0152775389442494,0.04440723183508899,0.010830312535863307,33.5976628112793,,58.35166919647824
GE Power India Limited,GVPIL.NS,679.5,0.0016214262180895833,HOLD,0.5041346818146621,Neutral,0.5971867007672634,0.5383631713554987,Global 10d,8.4,3.1384321205908723,0.13676286072772892,0.21412803532008828,12.400411329437256,0.05,58.34306395517575
Hubtown Limited,HUBTOWN.NS,177.4199981689453,-0.026662281341333638,HOLD,0.4865940133163232,Neutral,0.5913154533844189,0.5287356321839081,Global 10d,8.5,5.907051612622743,0.02259364938873376,0.15939577878006572,5.359435869335938,,58.28013226178884
Deepak Nitrite Limited,DEEPAKNTR.NS,1497.0,0.002813472022038077,HOLD,0.5054526732017406,Neutral,0.643048128342246,0.5962566844919786,Global 10d,5.4,4.298115717808468,0.17487294636113182,0.15624210220629653,28.418803957873536,,58.257639565153276
Diamond Power Infrastructure Limited,DIACABS.NS,345.0,-0.025974059542532735,HOLD,0.4999803911560637,Neutral,0.6485714285714286,0.5728571428571428,Global 10d,8.0,2.000000000000002,0.09177215189873422,0.09855072463768111,27.857028552923584,,58.24109309607926
Gandhi Special Tubes Limited,GANDHITUBE.NS,975.5499877929688,0.02522200652397233,HOLD,0.49256520725361463,Neutral,0.6080729166666666,0.5065104166666667,Global 10d,7.3,2.0,0.14631468880634646,,0.5423687428314209,,58.238819698490346
Apex Frozen Foods Limited,APEX.NS,328.3999938964844,0.006435814226410708,HOLD,0.5234041540352,Neutral,0.5904761904761905,0.5214285714285714,Global 10d,7.0,2.369814640743097,0.04611288069428321,0.06037518135867259,3.208339616073608,,58.192534256052134
SEPC Limited,SEPC.NS,5.079999923706055,0.011952179881974168,HOLD,0.5046238041937986,Neutral,0.6687979539641944,0.6214833759590792,Global 10d,7.4,4.476966725870727,0.09247307946660288,0.2322835281294504,3.542540400242567,,58.15230899363731
Piramal Pharma Limited,PPLPHARMA.NS,194.88999938964844,-0.015557921968293642,HOLD,0.4973929734318854,Neutral,0.6440677966101694,0.5423728813559322,Global 10d,6.8,2.0,0.18029315136142565,0.007953220055477717,62.03872007633057,,58.127520797418164
Power Finance Corporation Limited,PFC.NS,322.0,0.012578616352201255,HOLD,0.5230389233619049,Neutral,0.558109833971903,0.524904214559387,Global 10d,5.0,7.653990844254546,0.013651639396716542,0.14083682364265848,280.6906979347122,,58.096144733137166
Stanley Lifestyles Limited,STANLEY.NS,135.11000061035156,-0.008148587581886302,HOLD,0.4893180102351525,Neutral,0.7244897959183674,0.6428571428571428,Global 10d,8.2,2.0,0.010319336924410782,0.04951522767511318,1.215795230708313,,58.09195024242681
Century Extrusions Limited,CENTEXT.NS,18.18000030517578,-0.023630532450380493,HOLD,0.46357812862347075,Neutral,0.6590909090909091,0.595959595959596,Global 10d,8.6,3.000907362047971,0.010000016954210045,0.1947194141229407,0.3480849722471237,0.05,58.07840010910271
Kitex Garments Limited,KITEX.NS,116.68000030517578,-0.0240067141222865,HOLD,0.5031847924429703,Neutral,0.6086286594761171,0.5469953775038521,Global 10d,7.7,9.170231878838559,,0.48831770287770615,3.859766468371582,0.2,58.034226781881436
Jyoti Structures Limited,JYOTISTRUC.NS,8.899999618530273,0.0,HOLD,0.5045993472253351,Neutral,0.6334610472541508,0.5823754789272031,Global 10d,8.2,3.568628580283224,0.005649631062755178,0.21910121871010513,4.371080706256485,,57.97763711329702
Ethos Limited,ETHOSLTD.NS,2602.300048828125,0.02780526450481169,HOLD,0.48980836239807707,Neutral,0.6237113402061856,0.5515463917525774,Global 10d,6.6,2.3194670234943273,0.04058701136364862,0.050993332314478,9.1432824,,57.93776485533156
Dr. Lal Path Labs Ltd.,LALPATHLAB.NS,2005.0999755859375,0.009109197577220618,HOLD,0.49453434429657134,Neutral,0.5768463073852296,0.5189620758483033,Global 10d,5.0,2.0,0.08050871818998351,0.01670739634327245,50.053949479736325,,57.849180220027286
The India Cements Limited,INDIACEM.NS,295.1499938964844,-0.02219649518487521,BUY,0.5555282266517422,Neutral,0.5688775510204082,0.5216836734693877,Global 10d,7.1,6.1813632317817495,,0.3588005965997947,3.3192254105285643,,57.84154738700889
Sandur Manganese & Iron Ores Limited,SANDUMA.NS,177.6699981689453,-0.02475570692804996,HOLD,0.5037800580959484,Neutral,0.7014925373134329,0.6492537313432836,Global 10d,6.3,4.739521654446202,0.04454697704324362,0.20138458461216335,8.185717863391114,,57.8410144524248
Alphageo (India) Limited,ALPHAGEO.NS,258.20001220703125,0.006627727902655867,HOLD,0.5181041490018178,Neutral,0.6301020408163265,0.5599489795918368,Global 10d,7.7,1.9201248172989256,0.08737625050097719,0.09427064293079446,0.1678230013824463,,57.80960081164422
RSWM Limited,RSWM.NS,202.2100067138672,-0.03063278620652321,HOLD,0.5069621746459552,Neutral,0.6585987261146496,0.5859872611464968,Global 10d,7.6,2.5779439766884873,0.05869113462757691,0.08797780869126903,1.0209359888763427,,57.76680373739863
VARVEE GLOBAL LIMITED,VGL.NS,63.11000061035156,-0.014676071766095755,SELL,0.4489393326847774,Sell,0.6155810983397191,0.5134099616858238,Global 10d,9.6,4.053953386574039,0.04314050595622421,0.022025025767793194,0.5308775816482544,0.05,57.74476202085539
STL Global Limited,SGL.NS,8.5,-0.007009394471429897,HOLD,0.5368023874185864,Neutral,0.7073825503355705,0.6241610738255033,Global 10d,9.7,1.893719292635232,0.011904807858458266,0.26352938483743116,0.009119600738239288,,57.709574537356346
Indo Tech Transformers Limited,INDOTECH.NS,3347.60009765625,0.049996910145420737,HOLD,0.48867340186775476,Neutral,0.575796178343949,0.5031847133757962,Global 10d,7.5,2.96429207834319,0.5015840315659978,0.18443796516558875,4.105977835693359,0.05,57.70562213881843
Maheshwari Logistics Limited,MAHESHWARI.NS,69.94999694824219,-0.047392119603304694,HOLD,0.49076391215932896,Neutral,0.647887323943662,0.5845070422535211,Global 10d,7.3,2.5902400961601395,0.024458087270084583,0.07448183556878041,0.061939436095047,,57.690350062206164
Kesoram Industries Limited,KESORAMIND.NS,10.729999542236328,-0.017399316184080083,HOLD,0.5184762824714751,Neutral,0.5776081424936387,0.5025445292620865,Global 10d,8.7,2.0,0.010357783226233597,0.1099720741395156,0.44079113623161315,0.02,57.646217022827614
Eris Lifesciences Limited,ERIS.NS,1189.800048828125,-0.0017618722568362166,HOLD,0.5179363575329065,Neutral,0.6408450704225352,0.5868544600938967,Global 10d,5.9,2.729155166651499,,0.14473015977893144,5.827698202038574,,57.63606812538061
Universal Cables Limited,UNIVCABLES.NS,1520.199951171875,0.04747460898894351,HOLD,0.49897175447978387,Neutral,0.5813060179257362,0.5160051216389245,Global 10d,8.1,2.5693912765372975,0.1358337742390603,0.16754379780491835,13.367356663330078,,57.54847956107742
Emkay Global Financial Services Limited,EMKAY.NS,286.79998779296875,0.03091292310777316,HOLD,0.49382932960455833,Neutral,0.6056338028169014,0.5185659411011524,Global 10d,8.9,2.0000000000000027,0.008705465399945878,0.06777547839915488,1.1206577815704346,,57.50522324189866
Jayshree Tea & Industries Limited,JAYSREETEA.NS,82.69999694824219,-0.011356898509354063,HOLD,0.513883657744138,Neutral,0.5966921119592875,0.5572519083969465,Global 10d,6.1,3.7810677637059484,0.01671990156261427,0.08077388817023134,0.29086337354545594,,57.50024116059608
Inspirisys Solutions Limited,INSPIRISYS.NS,83.83000183105469,-0.038205618301302646,HOLD,0.5220229498434109,Neutral,0.7191867852604829,0.6416772554002541,Global 10d,8.5,2.494218565206329,0.06653948420438671,0.07240844044185146,0.0440990166809082,0.05,57.45338003313671
Shah Metacorp Limited,SHAH.NS,3.0299999713897705,-0.035031888483889495,HOLD,0.5206239749710325,Neutral,0.6372155287817939,0.5850066934404283,Global 10d,7.4,8.560920302262142,0.18359376527951143,0.438943952040568,0.43643872841005327,,57.44226129217434
Suraj Estate Developers Limited,SURAJEST.NS,208.39999389648438,0.0412190869426996,HOLD,0.5081188996178091,Neutral,0.6504065040650406,0.5284552845528455,Global 10d,9.6,2.0,0.09684207313939153,0.00873324077505866,3.8010563439819336,,57.43401612004204
Infomedia Press Limited,INFOMEDIA.NS,5.320000171661377,-0.011152405483875416,HOLD,0.4960982663777754,Neutral,0.6797752808988764,0.6123595505617978,Global 10d,8.8,4.964694219320365,0.05138344502411463,0.06578945363516175,0.008795796517157554,,57.405087526349824
TV Today Network Limited,TVTODAY.NS,101.48999786376953,-0.001574064532292585,HOLD,0.5113983072509592,Neutral,0.6413881748071979,0.6041131105398457,Global 10d,6.5,3.4908083914646495,0.0854545226071608,0.18238252562657964,0.3183299280899048,,57.391712417837844
Agro Phos India Limited,AGROPHOS.NS,23.0,-0.020442911055977397,HOLD,0.5105185883473364,Neutral,0.7363636363636363,0.6818181818181819,Global 10d,9.5,5.767196774086586,0.09523809523809534,0.473913109820822,0.038395835795784,,57.37181686325424
EID Parry India Limited,EIDPARRY.NS,674.5499877929688,-0.0165476544935097,HOLD,0.5014205612251538,Neutral,0.5723431498079385,0.5236875800256082,Global 10d,5.7,4.705812332798966,,0.169298071712487,23.044111592980958,,57.3682538401736
India Shelter Finance Corporation Limited,INDIASHLTR.NS,645.5999755859375,0.015733166117228636,HOLD,0.4797211017018856,Neutral,0.6166666666666667,0.575,Global 10d,6.0,5.448476964247465,0.005061838476566161,0.26430393825765264,5.694521108801269,,57.35641719935184
Orient Electric Limited,ORIENTELEC.NS,154.4600067138672,-0.023085155160295412,HOLD,0.5249440032836709,Neutral,0.6519480519480519,0.6233766233766234,Global 10d,5.4,3.9613170211741306,0.0028755205124004757,0.1854771648197231,2.0482592306869507,,57.30772660194398
HeidelbergCement India Limited,HEIDELBERG.NS,130.11000061035156,-0.0035230656970474117,HOLD,0.4980691398360623,Neutral,0.5913154533844189,0.5555555555555556,Global 10d,5.9,4.899720039575091,7.481542883835957e-05,0.20755098127047322,2.519413483028412,,57.304486958522745
Supriya Lifescience Limited,SUPRIYA.NS,931.0,-0.02025782688766109,HOLD,0.48997016290513606,Neutral,0.5981308411214953,0.5093457943925234,Global 10d,8.0,2.0,0.14214696220655276,0.02027013313309345,23.753974725,,57.30076594572689
Amines & Plasticizers Limited,AMNPLST.NS,165.42999267578125,-0.0357872261253368,HOLD,0.5002272470134782,Neutral,0.6904761904761905,0.5238095238095238,Global 10d,8.3,2.0926201018277912,0.03393745422363281,0.07880679734496776,0.060388393339538576,,57.288440561534856
Precot Limited,PRECOT.NS,638.3499755859375,0.016966645167745487,HOLD,0.5055399004160845,Neutral,0.5945945945945946,0.5315315315315315,Global 10d,8.1,2.918228481550001,0.2069629618200075,0.2281759162000241,0.21592250196533203,0.2,57.276576154603106
Zee Learn Limited,ZEELEARN.NS,6.300000190734863,-0.030769201425405623,HOLD,0.5479735441546257,Neutral,0.6779431664411367,0.6062246278755075,Global 10d,9.5,2.0,0.011235982575773296,0.014285662385072895,0.20747093061304092,0.05,57.15227982262227
CSB Bank Limited,CSBBANK.NS,304.75,-0.020096463022508004,HOLD,0.5107522638328914,Neutral,0.6146496815286624,0.5573248407643312,Global 10d,8.7,4.525611384674267,0.03305084745762721,0.16669397142893772,14.704561317849732,,57.12334315673866
CARE Ratings Limited,CARERATING.NS,1602.699951171875,-0.008659615527205289,HOLD,0.47868966355236126,Neutral,0.5799373040752351,0.5235109717868338,Global 10d,4.5,2.0,0.004176996727650817,0.021515989594113494,4.9625216,,57.06112482847792
ITI Limited,ITI.NS,240.75,-0.003270652099410132,HOLD,0.5061191825013535,Neutral,0.6157826649417852,0.5795601552393272,Global 10d,5.6,11.393111672444904,0.015822784810126667,0.2335410430052569,3.836546310601044,,57.04154435658934
NCC Limited,NCC.NS,128.7899932861328,-0.009764757006771263,HOLD,0.4792732957553307,Neutral,0.597452229299363,0.556687898089172,Global 10d,6.0,4.396623563161003,0.005985043810655011,0.19089196109410556,29.41466499448471,,57.03920263784851
Harsha Engineers International Limited,HARSHA.NS,474.5,0.008930496100459484,HOLD,0.48912659089146143,Neutral,0.5730337078651685,0.5,Global 10d,6.3,2.0,0.1677248411661818,,6.168250605322266,,57.016344609213085
Nova Agritech Limited,NOVAAGRI.NS,22.219999313354492,-0.009362505080877326,HOLD,0.49224433655999955,Neutral,0.7948717948717948,0.7435897435897436,Global 10d,7.5,6.809881514987592,0.023963065996897237,0.19261929878067896,0.10035964662780762,,56.96883303207882
Nazara Technologies Limited,NAZARA.NS,384.70001220703125,-0.020745815883573826,HOLD,0.49065645746958353,Neutral,0.5697211155378487,0.5059760956175299,Global 10d,5.8,2.0,0.11717730619521438,,49.482001630682376,,56.953758667702445
Angel One Limited,ANGELONE.NS,285.20001220703125,0.030346910348656664,HOLD,0.48102589551473135,Neutral,0.6231884057971014,0.5579710144927537,Global 10d,5.4,2.1896003588521076,0.03614899984389197,0.08695647521559735,95.12915278537598,,56.915403099977596
KPI Green Energy Limited,KPIGREEN.NS,321.8500061035156,-0.06872106360115715,HOLD,0.5020447560234338,Neutral,0.7016806722689075,0.6260504201680672,Global 10d,9.9,4.242527654793455,0.06989062276398972,0.29697011208501656,51.36202130224915,,56.901337452415866
Kaynes Technology India Limited,KAYNES.NS,3394.800048828125,-0.001235643180898749,HOLD,0.5320765217720715,Neutral,0.6416184971098265,0.5722543352601156,Global 10d,8.5,1.9999999999999978,0.01428146065973257,0.0012371718839008228,312.2996131,,56.873757001551354
Shankara Building Products Limited,SHANKARA.NS,124.4000015258789,-0.016445301833087456,HOLD,0.5252624926852354,Neutral,0.5940366972477065,0.5252293577981652,Global 10d,7.9,2.0,0.12732218618972402,0.054943721870057693,0.9138963996231079,0.02,56.84529391095538
NIBE Limited,NIBE.NS,1234.5,-0.001536739223992556,HOLD,0.5095347915261783,Neutral,0.8382352941176471,0.7352941176470589,Global 10d,8.4,2.039268387864209,0.040127621548671,0.0884769619969159,5.727158031256104,,56.83611162067718
Metropolis Healthcare Limited,METROPOLIS.NS,553.5999755859375,0.02918748923459713,HOLD,0.49263783630621233,Neutral,0.5597667638483965,0.5160349854227405,Global 10d,5.4,2.8707995380435216,0.0283750418725619,0.020592530557821176,13.073586063790893,,56.79483884287694
Mohit Industries Limited,MOHITIND.NS,22.780000686645508,0.004852254520571808,HOLD,0.4855216199169399,Neutral,0.670906200317965,0.6152623211446742,Global 10d,7.9,4.036016225261299,0.02937193807345828,0.13476732231285515,0.024200627713871003,,56.78415543366033
Landmark Cars Limited,LANDMARK.NS,463.25,-0.0261719821054216,HOLD,0.47929189518931886,Neutral,0.6,0.5411764705882354,Global 10d,8.6,5.746261881664841,0.023483315270850902,0.0031469176884610928,3.4665929282608032,,56.77589513375994
Deepak Fertilizers and Petrochemicals Corporation Limited,DEEPAKFERT.NS,1300.9000244140625,-0.037083623675749466,HOLD,0.5154677602375282,Neutral,0.5601023017902813,0.5140664961636829,Global 10d,7.5,3.7463656729092545,0.025057166054583746,0.002310947659213358,27.65428507429199,,56.73638529776555
Chaman Lal Setia Exports Limited,CLSEL.NS,281.95001220703125,-0.007742325309549658,HOLD,0.47962510287451404,Neutral,0.6516393442622951,0.5901639344262295,Global 10d,6.8,2.6808137139631314,0.03990666431977119,0.03493878340099332,1.7153354840698243,,56.70865672920471
India Glycols Limited,INDIAGLYCO.NS,298.79998779296875,-0.02797659815963316,HOLD,0.4579098887662048,Neutral,0.6445859872611465,0.5159235668789809,Global 10d,10.0,23.84742425233131,0.21959178691007653,2.330186105264236,9.872243023983765,0.05,56.70774083100794
Viviana Power Tech Limited,VIVIANA.NS,815.6500244140625,0.05313108381415432,HOLD,0.48701923956123716,Neutral,0.6629834254143646,0.580110497237569,Global 10d,9.7,2.65398608285077,0.05389019890958591,0.016204276215638913,1.6223256750061035,,56.633113556947535
Sarla Performance Fibers Limited,SARLAPOLY.NS,92.0199966430664,-0.020647110050119655,HOLD,0.511825628778236,Neutral,0.5974025974025974,0.5207792207792208,Global 10d,6.1,2.0,0.07090056361192998,0.03056182932030449,0.3482128692970276,,56.629583323861205
Punjab & Sind Bank,PSB.NS,20.959999084472656,-0.017346499791693892,HOLD,0.49931790148663696,Neutral,0.6534788540245566,0.6139154160982265,Global 10d,5.0,5.491593788347517,0.038747789640595,0.15523711191467937,1.6312479994274138,,56.61733699953641
Artemis Medicare Services Limited,ARTEMISMED.NS,324.1000061035156,-0.03656357912049679,HOLD,0.4604366201324637,Neutral,0.584717607973422,0.5116279069767442,Global 10d,8.3,2.8726414924329133,0.057077624434526575,,16.793626007989502,,56.51595004446728
AstraZeneca Pharma India Limited,ASTRAZEN.NS,5909.0,-0.0202288177748301,BUY,0.5538698928806358,Neutral,0.5498721227621484,0.5140664961636829,Global 10d,5.9,10.796531020680437,,0.44017600270773394,3.4624243,,56.511567960314814
Vaibhav Global Limited,VAIBHAVGBL.NS,199.42999267578125,-0.020144480558669797,HOLD,0.5050270313532881,Neutral,0.6517285531370038,0.6184379001280409,Global 10d,5.9,4.569928121656704,0.007488023800417354,0.2016434546635375,4.118950590005493,,56.47907970154051
Firstsource Solutions Limited,FSL.NS,250.39999389648438,-0.021110277915754372,HOLD,0.48552933833199585,Neutral,0.6090775988286969,0.5007320644216691,Global 10d,9.0,2.0,0.015203730357981726,0.017092647298810437,12.277768749142457,,56.4695204730845
Rategain Travel Technologies Limited,RATEGAIN.NS,840.6500244140625,-0.012800145070938851,HOLD,0.4991394011172505,Neutral,0.5616438356164384,0.5022831050228311,Global 10d,6.5,4.208806272441386,0.30942371404059577,0.19327302785625133,23.080993896325683,,56.463819370931
Olectra Greentech Limited,OLECTRA.NS,1078.4000244140625,-0.01623784669829964,BUY,0.5612557147925984,Neutral,0.6240409207161125,0.5677749360613811,Global 10d,7.4,2.0,0.11796266148683832,0.0486625443518256,40.08163783065796,,56.45706872537429
Viji Finance Limited,VIJIFIN.NS,15.15999984741211,-0.019404928201463445,SELL,0.40007051566482893,Sell,0.6252587991718427,0.5010351966873706,Global 10d,6.7,3.747747389485476,3.1420763639056952,0.13720316257530318,0.3715241822350502,0.02,56.40352578324144
Engineers India Limited,ENGINERSIN.NS,307.8500061035156,-0.015667446511540728,HOLD,0.49078355902906884,Neutral,0.5994930291508238,0.5107731305449936,Global 10d,6.9,2.000000000000003,0.2239123542838759,,117.02117173399049,,56.355140656270514
Kothari Petrochemicals Limited,KOTHARIPET.NS,126.58000183105469,-0.02201955501817665,HOLD,0.48483330964582233,Neutral,0.5943152454780362,0.5439276485788114,Global 10d,8.0,3.4450861720447215,0.015809334813047693,0.07057422013853953,0.6758245779304505,,56.3195312627854
GAIL (India) Limited,GAIL.NS,167.5,-0.02172644080236885,HOLD,0.4999651387452115,Neutral,0.5803571428571429,0.5178571428571428,Global 10d,4.2,1.9999999999999936,0.05481996402845324,0.000616856483215189,106.74522742287445,,56.24509296845991
IL&FS Engineering and Construction Company Limited,IL&FSENGG.NS,38.59000015258789,0.0005185495961088638,HOLD,0.4698437338955463,Neutral,0.6111817026683609,0.531130876747141,Global 10d,8.2,2.000000000000002,0.1350000044878792,0.020730739411694454,0.14863261506080627,0.05,56.24218656014095
Zydus Lifesciences Limited,ZYDUSLIFE.NS,1145.699951171875,-0.014027580747095536,HOLD,0.49231364263604344,Neutral,0.5846153846153846,0.5192307692307693,Global 10d,4.7,2.0,0.05052262682871822,0.030321384081213765,144.55479215273436,,56.23930563246881
Sterling and Wilson Renewable Energy Limited,SWSOLAR.NS,163.72000122070312,-0.006673984071313588,HOLD,0.5305667938749956,Neutral,0.729483282674772,0.696048632218845,Global 10d,6.9,7.192891513552333,0.1062162244642102,0.3706938564268376,16.40008083504181,,56.23384890713855
Cybertech Systems And Software Limited,CYBERTECH.NS,135.9499969482422,-0.02074483069097155,HOLD,0.48907492775588063,Neutral,0.6245161290322581,0.5819354838709677,Global 10d,7.0,5.769228938970745,0.012064457322981115,0.006704250662369349,0.21615982895355224,0.05,56.19407337889304
Sundrop Brands Limited,SUNDROP.NS,753.1500244140625,0.010668293178748067,HOLD,0.4931848741563896,Neutral,0.6193548387096774,0.567741935483871,Global 10d,7.0,2.726832511757538,0.023301663606063228,0.07541656502920269,0.7010212625,,56.17583981436159
Sukhjit Starch & Chemicals Limited,SUKHJITS.NS,150.92999267578125,-0.03509784910772373,HOLD,0.49154818491660607,Neutral,0.6781609195402298,0.6091954022988506,Global 10d,5.8,2.1771174927708623,0.05774260577682333,0.09441463388003335,0.2497566368293762,,56.15079807953853
Dhunseri Ventures Limited,DVL.NS,278.70001220703125,-0.015020320963585299,HOLD,0.4911782018560304,Neutral,0.6038461538461538,0.5512820512820513,Global 10d,7.8,2.941882672240022,0.02879298075409853,0.09663264270227878,0.3928399369628906,,56.125091544043215
Ritco Logistics Limited,RITCO.NS,276.70001220703125,-0.01266721781612401,HOLD,0.4955013365269916,Neutral,0.6318407960199005,0.5621890547263682,Global 10d,7.8,2.000000000000003,0.013367605117162729,0.01554025154777161,1.937183661956787,,56.11876509927882
Global Vectra Helicorp Limited,GLOBALVECT.NS,131.0399932861328,0.02712017091565766,HOLD,0.49864690816392193,Neutral,0.6336760925449871,0.583547557840617,Global 10d,8.7,4.337565057775296,0.015813901442889966,0.34649731940650486,0.08898200979690551,,56.01176980940523
IIFL Finance Limited,IIFL.NS,583.7999877929688,-0.028214751905170643,HOLD,0.49341386600754406,Neutral,0.5620998719590269,0.5160051216389244,Global 10d,6.8,2.95079335270096,0.028903705804105284,0.00795821922180906,134.5848795373291,,55.99802972796735
Indo Amines Limited,INDOAMIN.NS,136.52000427246094,-0.03906526899159035,HOLD,0.4857014920485061,Neutral,0.5891089108910891,0.5099009900990099,Global 10d,8.3,2.0,0.15852735822559683,0.02861924304274366,0.8220827995956421,,55.99790072034386
Samvardhana Motherson International Limited,MOTHERSON.NS,156.5,-0.0033751434975286543,HOLD,0.4954643104639434,Neutral,0.5620998719590269,0.5262483994878361,Global 10d,5.4,2.6935129621805616,0.0006394252392478705,0.10715657682083668,193.9599665753151,,55.982537854467985
Action Construction Equipment Limited,ACE.NS,1212.300048828125,-0.01599022010704143,HOLD,0.49567726026824516,Neutral,0.5854591836734694,0.5229591836734694,Global 10d,6.2,2.0,0.13105480013881698,,33.7959376,,55.94388567591441
WE WIN LIMITED,WEWIN.NS,51.650001525878906,0.016532181261255552,HOLD,0.499790072032229,Neutral,0.6502890173410405,0.5895953757225434,Global 10d,9.0,2.9438386030506205,0.04322365738022982,0.02536297231157647,0.011156187786865234,,55.91750465435555
Bajaj Healthcare Limited,BAJAJHCARE.NS,322.95001220703125,-0.012988997070424557,HOLD,0.5028513940640487,Neutral,0.6636363636363637,0.6181818181818182,Global 10d,7.3,3.1198031972065188,0.030074440939988678,0.04805646039071654,4.1359885113342285,,55.850622996339666
BASF India Limited,BASF.NS,3417.10009765625,-0.008904214495359053,HOLD,0.48901698517587217,Neutral,0.5948717948717949,0.5641025641025641,Global 10d,5.6,3.1185934204437333,0.0031466822210675094,0.12319703023666517,6.069776644580078,,55.7738224511879
S. P. Apparels Limited,SPAL.NS,935.5999755859375,-0.030064276108222154,HOLD,0.4953955406419767,Neutral,0.6239316239316239,0.5918803418803419,Global 10d,6.3,3.0717749994731247,0.08118047018228669,0.161657291194244,3.683280717590332,,55.680516772784074
Lloyds Enterprises Limited,LLOYDSENT.NS,79.62999725341797,0.02155228185950131,HOLD,0.5044354873910004,Neutral,0.6190476190476191,0.5476190476190477,Global 10d,8.3,1.9999999999999973,0.1359486303386308,0.006976656156181482,22.125742535900116,,55.667124983200594
OM INFRA LIMITED,OMINFRAL.NS,76.08000183105469,-0.0133575252385435,HOLD,0.5040008507431697,Neutral,0.6849507735583685,0.6385372714486639,Global 10d,6.9,2.559900587348496,0.008470153770915534,0.15667715407545835,0.3575590728302002,,55.660893389190285
Gayatri Projects Limited,GAYAPROJ.NS,22.440000534057617,-0.010582000347830411,SELL,0.44312234760367386,Sell,0.6571018651362984,0.569583931133429,Global 10d,8.2,1.9622285050220496,0.10270270827567152,0.024509769339167375,3.206813886899185,0.05,55.64840716204584
Aditya Birla Real Estate Limited,ABREL.NS,1100.5,-0.02670907621475993,HOLD,0.5471934572850325,Neutral,0.5770700636942675,0.5439490445859873,Global 10d,7.4,13.507713024725668,0.020663368566347984,0.33963540626417643,20.70187936977539,,55.55684166551226
V-Mart Retail Limited,VMART.NS,746.0999755859375,-0.010083636059443402,HOLD,0.4726300617422921,Neutral,0.6095238095238096,0.5444444444444445,Global 10d,6.7,2.0056324617446806,0.011438040588748422,0.10346995276075921,5.548245364257813,,55.47728608326783
Nila Infrastructures Limited,NILAINFRA.NS,6.570000171661377,-0.020864361503678652,HOLD,0.5226426269845069,Neutral,0.7164461247637051,0.6748582230623819,Global 10d,7.8,6.237621344535568,0.026562511525116683,0.19178081545538772,0.10461345573334693,,55.47025174350573
Balrampur Chini Mills Limited,BALRAMCHIN.NS,671.5,0.03458903417188308,HOLD,0.4784168766268615,Neutral,0.5887611749680716,0.5274584929757343,Global 10d,5.5,2.069831929756053,0.15348273097792764,0.1049888309754281,73.18184360247803,,55.46102397862587
Ramco Systems Limited,RAMCOSYS.NS,546.25,-0.015055852783108614,HOLD,0.5040163030165544,Neutral,0.5867346938775511,0.5229591836734694,Global 10d,8.0,2.0,0.004690063887653029,0.07075519343535475,2.937277225,0.05,55.45960457694083
Atul Limited,ATUL.NS,5856.0,-0.0008530967411704005,HOLD,0.5146948327834826,Neutral,0.6428571428571429,0.5918367346938775,Global 10d,4.1,2.128566929604136,0.049215649738159506,0.06361632903081738,13.8255027,,55.43673819391999
Balaji Telefilms Limited,BALAJITELE.NS,90.61000061035156,0.006330516315287138,SELL,0.44909466233999584,Sell,0.5754475703324808,0.5191815856777493,Global 10d,7.5,3.1227747142293976,0.032298479466694285,0.02637677269119676,1.0662887438007356,,55.43217665401394
Zen Technologies Limited,ZENTEC.NS,1576.0999755859375,-0.01812856745023761,HOLD,0.5070651048871139,Neutral,0.5827067669172933,0.5357142857142857,Global 10d,5.5,3.3106493192535273,0.07559240706291837,0.15731494001482282,41.81036128332519,,55.431945015388706
Navneet Education Limited,NAVNETEDUL.NS,123.87000274658203,0.0110186593250452,HOLD,0.48072825484712417,Neutral,0.5816326530612245,0.5446428571428572,Global 10d,5.2,3.4326974666640457,0.03047958640214654,0.11818835420715179,0.9968794981048584,,55.39789274178704
Mirza International Limited,MIRZAINT.NS,27.649999618530273,-0.010379416964357069,HOLD,0.5039149340919374,Neutral,0.6812339331619537,0.6478149100257069,Global 10d,6.5,4.18992686897822,0.10821638368850794,0.22567811418472083,0.24821966664123535,,55.37067764466999
Procter & Gamble Health Limited,PGHL.NS,5360.0,-0.03649110192342264,HOLD,0.5001094942959573,Neutral,0.6138107416879796,0.5626598465473146,Global 10d,5.4,2.0,0.007489729094779074,0.004837382477092644,4.17064305,,55.36480215118901
TATA CONSUMER PRODUCTS LIMITED,TATACONSUM.NS,953.75,-0.003396029258098232,HOLD,0.5162844546121411,Neutral,0.5741687979539642,0.5434782608695652,Global 10d,4.4,6.505342917409023,,0.17787682769495405,112.85637819694215,,55.35352366837349
Tips Music Limited,TIPSMUSIC.NS,644.2000122070312,-0.02074935606214534,HOLD,0.48764514846848406,Neutral,0.5853658536585366,0.5314505776636713,Global 10d,4.4,2.065041026884849,0.03216506742520697,0.07435573187091515,14.32267790744629,,55.30560919322575
Donear Industries Limited,DONEAR.NS,80.22000122070312,-0.0008718357706567481,HOLD,0.48355659110285126,Neutral,0.6602564102564102,0.6307692307692307,Global 10d,4.7,3.8482714775068176,0.017643878967842586,0.08562896645184792,0.09707548244972229,,55.293000171015905
Tilaknagar Industries Limited,TI.NS,542.5499877929688,0.0035142204626095186,HOLD,0.5007780955530978,Neutral,0.582562747688243,0.5257595772787318,Global 10d,6.9,2.0,0.08369119026724237,0.01123613066650564,33.38608057530518,,55.262295005348754
Techno Electric & Engineering Company Limited,TECHNOE.NS,998.5999755859375,-0.010061982070941777,HOLD,0.4915015774288511,Neutral,0.5721784776902887,0.5314960629921259,Global 10d,6.7,3.6386690710057046,0.0254894867471267,0.035494054161664845,12.399133537060546,,55.233971039948756
DCX Systems Limited,DCXINDIA.NS,158.99000549316406,-0.01358721480415015,HOLD,0.49884024324918336,Neutral,0.6914285714285714,0.6571428571428571,Global 10d,6.4,7.462239024145807,0.014635538290962424,0.14441153947922425,5.545424006143189,,55.21577536206555
Kernex Microsystems (India) Limited,KERNEX.NS,1643.5,-0.025207591933570583,HOLD,0.5242959545834597,Neutral,0.5613810741687979,0.5217391304347826,Global 10d,7.8,16.28683950255757,0.025713045322917738,0.4876787344082749,25.9916238,,55.13013859679131
Biocon Limited,BIOCON.NS,369.79998779296875,-0.0024279050024952342,HOLD,0.5076250589040215,Neutral,0.546975546975547,0.510939510939511,Global 10d,4.6,2.6435271776603835,0.031171792411061494,0.09273053918566898,105.0439126,,55.11354058934277
Monte Carlo Fashions Limited,MONTECARLO.NS,516.9000244140625,-0.011379844027356256,HOLD,0.4528777933597272,Neutral,0.6022099447513812,0.5616942909760589,Global 10d,6.2,4.781178330044021,0.009970006917016994,0.07086772100365124,2.359474761669922,,55.09171925970733
One Mobikwik Systems Limited,MOBIKWIK.NS,201.7899932861328,0.028334085917800733,HOLD,0.4813817422394256,Neutral,0.5657894736842105,0.513157894736842,Global 10d,8.7,4.552951971416189,0.025355641041644894,0.01962439588494358,27.658371043867493,,55.05864210402336
Technocraft Industries (India) Limited,TIIL.NS,2815.300048828125,-0.027126960631502328,HOLD,0.4783634097357133,Neutral,0.5813060179257362,0.5416133162612036,Global 10d,5.9,4.71317164791859,0.15537411468087026,0.2664014446034586,8.88539467220459,,55.04678912915939
Jai Corp Limited,JAICORPLTD.NS,88.48999786376953,-0.011726636598411444,HOLD,0.5217025162598041,Neutral,0.6203821656050955,0.5898089171974522,Global 10d,6.9,13.752757754699232,0.010921528338179165,0.21659932663567516,2.4004611456825256,,55.04265662287093
Rajdarshan Industries Limited,ARENTERP.NS,33.790000915527344,-0.0032448556165282083,HOLD,0.47713514770425774,Neutral,0.7480314960629921,0.6797900262467191,Global 10d,9.4,3.8203781696921015,0.06257867063555134,0.2429712596041973,0.002147457589149475,,55.02372454161478
Raymond Lifestyle Limited,RAYMONDLSL.NS,628.8499755859375,0.0018320270137688333,HOLD,0.5145221313000977,Neutral,0.6781609195402298,0.6436781609195402,Global 10d,7.8,2.969107783370858,0.0009549949636888933,0.16402962299227464,15.646326486712647,,55.0231516314591
LIC Housing Finance Limited,LICHSGFIN.NS,509.0,-0.039984933457061334,HOLD,0.5200330044107734,Neutral,0.5634517766497462,0.5,Global 10d,6.0,2.0,0.05607938202606255,0.059088980192807394,164.91397117178954,,54.99197406435386
Yes Bank Limited,YESBANK.NS,21.059999465942383,0.014939733298428015,HOLD,0.4896953690204036,Neutral,0.6186224489795918,0.5778061224489797,Global 10d,6.1,2.6002460549794977,0.0066921314119439135,0.10754987657932502,164.4240494306778,,54.98841655765442
Jeena Sikho Lifecare Limited,JSLL.NS,449.8999938964844,-0.06426787579243831,HOLD,0.5483102026739347,Neutral,0.7091836734693877,0.6683673469387755,Global 10d,7.8,5.76378953061849,,0.3490801383981885,20.11395516086731,,54.95292509968311
Kothari Products Limited,KOTHARIPRO.NS,63.77000045776367,-0.02417747594872721,HOLD,0.4881041117826099,Neutral,0.702457956015524,0.6144890038809832,Global 10d,8.4,2.1216637006954797,0.057779501977627046,0.12592131937199214,0.043568379510498044,,54.93505847831467
Keynote Financial Services Limited,KEYFINSERV.NS,244.0500030517578,0.004527705772105817,HOLD,0.4902781302381392,Neutral,0.654357459379616,0.58493353028065,Global 10d,8.1,2.0,0.019751674248781326,0.12203283236881357,0.018848551513671874,,54.92184655132319
Paras Defence and Space Technologies Limited,PARAS.NS,1276.0,-0.026697177726926036,HOLD,0.49499498086260557,Neutral,0.5688888888888889,0.528888888888889,Global 10d,7.3,5.486058400148213,0.019169329073482455,0.13010041315711973,99.57863475,,54.91204936261907
Borosil Scientific Limited,BOROSCI.NS,112.1500015258789,-0.005056775094494315,HOLD,0.515781888328832,Neutral,0.6224489795918368,0.5714285714285714,Global 10d,6.3,2.0,0.007637003151975019,0.06821222846005615,0.7021155565532684,,54.90475455419315
Zodiac Energy Limited,ZODIAC.NS,215.10000610351562,-0.008344463270644087,HOLD,0.503282336239139,Neutral,0.803680981595092,0.7638036809815951,Global 10d,8.2,2.9570182833452203,0.005031211802530189,0.2088191982176224,0.23411820958862306,,54.898210780212736
Styrenix Performance Materials Limited,STYRENIX.NS,2055.0,0.019598114611758977,HOLD,0.5018380609085109,Neutral,0.6035805626598465,0.540920716112532,Global 10d,5.8,2.0,0.04612093996127986,0.013893366549158959,6.098393624121094,,54.897794185158176
Pioneer Embroideries Limited,PIONEEREMB.NS,20.06999969482422,-0.025255000189901122,HOLD,0.5144922077072125,Neutral,0.6781609195402298,0.6424010217113665,Global 10d,8.2,4.00628990231286,0.0029984740257913423,0.36273048317598744,0.019049108198451997,,54.83969929064211
GKW Limited,GKWLIMITED.NS,1530.0,-0.012903225806451646,HOLD,0.4524249490730177,Neutral,0.6183510638297872,0.5797872340425532,Global 10d,5.6,5.071332079406812,0.01742249655616912,0.11176470588235299,0.03875102060546875,,54.82218432541339
LCC Infotech Limited,LCCINFOTEC.NS,3.9000000953674316,-0.029850717942397798,HOLD,0.47014414626810835,Neutral,0.6369047619047619,0.5386904761904762,Global 10d,9.8,2.0,0.01298706285023532,0.04615380100950084,0.0361212621837616,0.05,54.79984426630443
Amber Enterprises India Limited,AMBER.NS,6500.0,-0.0258523791682278,HOLD,0.5187823428429554,Neutral,0.5964912280701754,0.5338345864661654,Global 10d,6.3,1.690140845070424,0.025236593059936974,0.04984615384615387,85.8240474,,54.784711467410865
Nitco Limited,NITCO.NS,84.18000030517578,-0.044711783007281736,HOLD,0.5313059732272806,Neutral,0.6454081632653061,0.5357142857142857,Global 10d,8.5,2.0,0.07771091598250202,0.057020706038922286,4.0992773407592775,,54.73697996267637
Chambal Fertilizers & Chemicals Limited,CHAMBLFERT.NS,399.29998779296875,-0.02431279708498779,HOLD,0.4991229335476972,Neutral,0.5905006418485238,0.5712451861360719,Global 10d,4.1,9.381117592858994,0.012325621325917524,0.16055475392877505,18.540165632281493,,54.71225567272069
CARYSIL LIMITED,CARYSIL.NS,1044.800048828125,0.008396943776846744,HOLD,0.48345892840770416,Neutral,0.6550387596899225,0.5465116279069768,Global 10d,6.6,2.0,0.4178460625395519,0.020472799670270492,8.352435062329102,,54.70627975371854
Prajay Engineers Syndicate Limited,PRAENG.NS,19.010000228881836,-0.05375808439538188,HOLD,0.5198223458126661,Neutral,0.6542416452442159,0.5848329048843188,Global 10d,9.4,1.8329662393650898,0.0058201382313105565,0.23461331040367872,0.10559075846939087,,54.70458944944982
INCREDIBLE INDUSTRIES LIMITED,INCREDIBLE.NS,31.3700008392334,-0.03802513793037299,HOLD,0.5003485217676056,Neutral,0.7145877378435518,0.6448202959830867,Global 10d,8.7,2.0,0.020383834311689553,0.11220906777958062,0.011038217384147644,,54.66383231345318
Dhanlaxmi Bank Limited,DHANBANK.NS,26.969999313354492,-0.019985506368478956,HOLD,0.5372894245946885,Neutral,0.6348600508905853,0.589058524173028,Global 10d,6.6,2.000000000000002,0.0861860409272619,0.01297743211178859,1.112051019303894,,54.66260501463925
Hindprakash Industries Limited,HPIL.NS,114.44000244140625,-0.00806102351595317,HOLD,0.4591335124485038,Neutral,0.7238805970149254,0.6940298507462687,Global 10d,5.3,3.8151974009349505,0.0003496583478479476,0.17266691466865058,0.004187931099700928,,54.65980448016744
Radaan Mediaworks India Limited,RADAAN.NS,2.9800000190734863,-0.006666660308837891,HOLD,0.4761199223314095,Neutral,0.6513994910941476,0.5916030534351144,Global 10d,8.2,3.833096717562077,0.060026707333873386,0.06040270657889657,0.0065584980435848235,,54.653102481288265
A2Z Infra Engineering Limited,A2ZINFRA.NS,13.760000228881836,-0.04311542980701755,HOLD,0.516615145012821,Neutral,0.6299319727891156,0.5741496598639455,Global 10d,7.5,2.0,0.006215759909504515,0.0697674434722726,0.2187005274497986,0.02,54.64348682205407
Thirumalai Chemicals Limited,TIRUMALCHM.NS,143.35000610351562,-0.019895996941147853,HOLD,0.5338149389618735,Neutral,0.5913154533844189,0.5376756066411239,Global 10d,8.0,2.572863985223425,,0.16072544335641825,5.383902738757325,,54.604559211924645
Refex Industries Limited,REFEX.NS,271.29998779296875,0.0,HOLD,0.5119571869873513,Neutral,0.6256410256410256,0.5551282051282052,Global 10d,8.3,2.153877742640235,0.051142895688886636,0.009306203071367536,6.491697271603393,,54.58028042341426
Housing & Urban Development Corporation Limited,HUDCO.NS,162.08999633789062,0.0034047485119279575,HOLD,0.5183023030067617,Neutral,0.6461187214611872,0.6141552511415524,Global 10d,6.1,6.760884084573337,0.03410458520645654,0.2556623106969298,25.253711612360384,,54.54813883976254
PAKKA LIMITED,PAKKA.NS,69.79000091552734,-0.03418213600445896,HOLD,0.5288774383655682,Neutral,0.6923076923076923,0.6643356643356644,Global 10d,7.5,7.1648851124914135,0.0034507790237172653,0.41094712607741,0.697575591910553,,54.511403817839934
Rolex Rings Limited,ROLEXRINGS.NS,196.36000061035156,0.03298439893341798,HOLD,0.4901914595295082,Neutral,0.648068669527897,0.5751072961373391,Global 10d,7.0,2.0,0.22160006158953593,,20.004405899612426,,54.5019144764288
Kanpur Plastipack Limited,KANPRPLA.NS,252.24000549316406,0.027244969897215254,HOLD,0.4888838013743886,Neutral,0.6342412451361867,0.5758754863813229,Global 10d,8.7,2.287268149179772,0.08002569983809549,0.09994452174459068,0.606643732649231,,54.49180099070449
Somi Conveyor Beltings Limited,SOMICONVEY.NS,83.7300033569336,-0.06247894249464381,HOLD,0.5200621633025403,Neutral,0.7133757961783439,0.6666666666666667,Global 10d,8.4,4.7496711855224545,0.04453592230200609,0.22524772751481392,0.08851382325515747,,54.47352970372918
Britannia Industries Limited,BRITANNIA.NS,4770.0,-0.001674340728338164,HOLD,0.5172467175355868,Neutral,0.5447570332480819,0.520460358056266,Global 10d,3.9,8.551214791670427,,0.19276729559748418,114.4823708,,54.469838008066645
Pix Transmissions Limited,PIXTRANS.NS,1809.300048828125,0.0477155731363319,HOLD,0.46491130935484654,Neutral,0.6363636363636364,0.5656565656565656,Global 10d,4.5,1.7579896432349646,0.05813206795416259,0.06630409821138383,1.5918057774658203,,54.44369924069093
Butterfly Gandhimathi Appliances Limited,BUTTERFLY.NS,550.5,-0.004070556309362261,HOLD,0.5092958537953721,Neutral,0.7053726169844021,0.6603119584055459,Global 10d,6.1,2.6830340061664413,,0.15313349281193234,0.7285750715332031,,54.428161371481316
Fertilizers and Chemicals Travancore Limited,FACT.NS,734.9500122070312,-0.03034500907655846,HOLD,0.4925087692366714,Neutral,0.5966494845360825,0.5657216494845361,Global 10d,5.9,3.3774599617275363,0.12705112670284913,0.15844616677716017,7.8171763981445315,,54.41253009030136
GlaxoSmithKline Pharmaceuticals Limited,GLAXO.NS,2771.10009765625,0.0006500013708832242,HOLD,0.47869523103156003,Neutral,0.5717948717948718,0.5358974358974359,Global 10d,5.1,3.0231926420170545,0.18194819988783673,0.12615922961834203,12.683671153637695,,54.3840078626352
Kennametal India Limited,KENNAMET.NS,4277.5,0.035463568143306645,HOLD,0.46496026601009843,Neutral,0.6046511627906976,0.5395348837209302,Global 10d,7.7,2.962716995121398,0.5718301719274479,0.20070134424313268,15.1701225,,54.370051705341844
Schaeffler India Limited,SCHAEFFLER.NS,3885.60009765625,-0.0029509121428306084,HOLD,0.48785045483223605,Neutral,0.5813060179257362,0.5544174135723432,Global 10d,5.0,3.405401475536167,0.018938242184769916,0.0018964712873241751,18.94714063010254,,54.36097233276898
Shyam Metalics and Energy Limited,SHYAMMETL.NS,1020.2000122070312,-0.026340938475773124,HOLD,0.4961684233706268,Neutral,0.6115702479338843,0.5661157024793388,Global 10d,5.3,2.0,0.001177637102091511,0.06373251463980201,43.70548545911255,,54.35040141617749
Gokul Agro Resources Limited,GOKULAGRO.NS,210.10000610351562,-0.013522348022336095,HOLD,0.49960380510078833,Neutral,0.5743380855397149,0.5091649694501018,Global 10d,5.9,1.8965241597360643,0.05050003051757823,0.05425984562260133,5.478753155163575,,54.33177861370737
IOL Chemicals and Pharmaceuticals Limited,IOLCP.NS,205.7100067138672,-0.017574825380906822,HOLD,0.4802225016947343,Neutral,0.6189189189189189,0.5283783783783784,Global 10d,8.9,2.0000000000000018,0.18530684584614088,0.06479989372032358,70.99498520668335,,54.31858637601918
Jubilant Pharmova Limited,JUBLPHARMA.NS,999.2999877929688,-0.028674241480410978,HOLD,0.5031676820346308,Neutral,0.5971867007672634,0.5242966751918159,Global 10d,6.9,2.0,0.06966980116534716,0.03223238274734341,23.675865152368164,,54.28898874152571
Ujaas Energy Limited,UEL.NS,183.6699981689453,-0.006759679928495244,HOLD,0.4853375753105164,Neutral,0.6953352769679301,0.565597667638484,Global 10d,9.5,2.0,0.16912788690741554,0.000707817738926142,0.45447377148132323,0.05,54.25970882497002
ORIENT CERATECH LIMITED,ORIENTCER.NS,44.119998931884766,-0.017371994821527403,HOLD,0.5008957174764022,Neutral,0.5846153846153846,0.5358974358974359,Global 10d,7.8,2.9229266238655884,0.0462881540816662,0.04346466544975214,0.30661082404785156,,54.2235545737092
Atul Auto Limited,ATULAUTO.NS,424.79998779296875,-0.052103104812066814,HOLD,0.475832838721911,Neutral,0.6655844155844156,0.6314935064935066,Global 10d,6.0,5.6275692657562875,0.019071197371758553,0.13292724872278439,2.6751583922088624,,54.217362739274265
Jet Freight Logistics Limited,JETFREIGHT.NS,19.59000015258789,-0.055448391090713756,HOLD,0.531201445255582,Neutral,0.6619718309859155,0.607981220657277,Global 10d,8.3,2.0,0.001533777477741971,0.09239405063012596,0.35823031410140993,,54.209358200774744
Ashoka Buildcon Limited,ASHOKA.NS,105.30999755859375,-0.02264503425899067,HOLD,0.5068637183125498,Neutral,0.6018766756032171,0.561662198391421,Global 10d,7.0,4.92004453857399,0.04267324315439347,0.22495492346987556,6.038013794908142,,54.19631198199702
Landmark Property Development Company Limited,LPDC.NS,6.210000038146973,0.004854403016450348,HOLD,0.4646687196837443,Neutral,0.6856780735107731,0.6197718631178708,Global 10d,9.3,2.614861277846863,0.028571430827978306,0.08534617225692331,0.01939932957816124,,54.189632270728936
FORCE MOTORS LTD,FORCEMOT.NS,16800.0,-0.014893866541573875,HOLD,0.4856514840281479,Neutral,0.5506329113924051,0.5189873417721519,Global 10d,5.8,3.5057299733040517,0.021697664867237787,0.09160714285714278,106.77069,,54.16664174142787
Himadri Speciality Chemical Limited,HSCL.NS,659.8499755859375,-0.00796820060676362,HOLD,0.497714949064217,Neutral,0.5659411011523687,0.5326504481434059,Global 10d,4.8,2.5152727950426317,0.015153808593749929,0.04993561176958772,112.94892319551391,,54.09684516450943
V-Guard Industries Limited,VGUARD.NS,294.54998779296875,-0.006409257331167151,HOLD,0.50294313678411,Neutral,0.5653846153846154,0.5397435897435898,Global 10d,5.1,2.9044412413325937,0.018942827238661586,0.06824772990897343,11.78309895,,54.096681987891166
Ndr Auto Components Limited,NDRAUTO.NS,706.7999877929688,-0.01264229671246575,HOLD,0.5038261306777446,Neutral,0.6678445229681979,0.6360424028268552,Global 10d,7.6,3.464803262998887,0.08857719526634433,0.2038135305917277,1.193333425,,54.08452071123257
Puravankara Limited,PURVA.NS,204.63999938964844,-0.008238814473265577,SELL,0.4498361961990997,Sell,0.5941101152368758,0.5390524967989756,Global 10d,8.1,2.96330306933266,0.033535350452769785,0.11048671167800683,3.814259558087158,,54.05421488480161
Stallion India Fluorochemicals Limited,STALLION.NS,231.80999755859375,0.00546516803364816,HOLD,0.5092306110748871,Neutral,0.5774647887323944,0.5070422535211268,Global 10d,9.2,2.0,0.14985114355386564,0.017988862485929902,6.57686021484375,0.05,54.03829671661196
MIC Electronics Limited,MICEL.NS,36.0,-0.019607875728968716,HOLD,0.48159240768016764,Neutral,0.6360103626943006,0.6010362694300518,Global 10d,6.4,3.7786774628879765,0.02127659574468077,0.09722222222222232,0.3517696047973633,0.02,54.0273990192195
GHCL Limited,GHCL.NS,402.0,0.000622277535780924,HOLD,0.476894799767761,Neutral,0.6262755102040817,0.5892857142857143,Global 10d,5.1,3.7237306721007197,,0.12058459229730256,4.45164395,,54.025522301313224
Goodluck India Limited,GOODLUCK.NS,482.0,-0.034745180517568586,HOLD,0.5134007004866599,Neutral,0.5643776824034334,0.5064377682403434,Global 10d,6.9,2.0,0.15571800210803044,0.018159463136391718,29.361871994793702,,54.01680683519793
Senco Gold Limited,SENCO.NS,316.95001220703125,-0.0014177117142600837,HOLD,0.514946681347706,Neutral,0.6408450704225352,0.5774647887323944,Global 10d,6.0,1.832796646509846,0.052376488948959965,0.06762541653696097,18.051523429623412,,53.994281031140936
Metro Brands Limited,METROBRAND.NS,833.5,-0.009801009801009841,HOLD,0.4742121519440297,Neutral,0.6527777777777778,0.6111111111111112,Global 10d,5.9,3.5698539362546082,,0.15404921945298433,3.27673855,,53.99394093053481
Welspun Living Limited,WELSPUNLIV.NS,230.27000427246094,-0.03721199968483335,HOLD,0.4881031899283994,Neutral,0.5798212005108557,0.5031928480204342,Global 10d,6.7,2.0,0.5052295117237235,,85.12815167817307,,53.962247619025355
Sagar Cements Limited,SAGCEM.NS,150.00999450683594,0.009216867080281466,HOLD,0.4985719283555228,Neutral,0.6534017971758665,0.6264441591784339,Global 10d,6.3,5.408695944740442,0.00880966768983682,0.24878347237402298,0.7237680586349488,,53.94061417372988
Tainwala Chemical and Plastic (I) Limited,TAINWALCHM.NS,203.2899932861328,-0.009259755020549765,HOLD,0.4895353790728613,Neutral,0.5943517329910141,0.5558408215661104,Global 10d,6.7,3.567015250479911,0.03426184899939444,0.011703146094899752,0.05563614326629639,,53.93485813491441
IZMO Limited,IZMO.NS,855.9500122070312,-0.021547754742765934,HOLD,0.501729493885813,Neutral,0.5763358778625954,0.5216284987277353,Global 10d,8.1,2.674584443619677,0.045882192904200814,0.06898765926845529,7.657663637536621,0.05,53.90299500524201
Alpa Laboratories Limited,ALPA.NS,59.2599983215332,-0.004200974744600905,HOLD,0.456682343989888,Neutral,0.6568123393316195,0.596401028277635,Global 10d,8.0,3.4997889060521246,0.06276901193249107,0.22316913033075148,0.06522698244209289,,53.895935734720375
Birla Corporation Limited,BIRLACORPN.NS,828.9500122070312,-0.013213470325855292,HOLD,0.4997081900060509,Neutral,0.6431322207958922,0.607188703465982,Global 10d,5.8,4.638603027592446,0.049436620567185674,0.17770531311086746,4.67836345078125,,53.86354229024116
Mankind Pharma Limited,MANKIND.NS,2479.0,-0.0220907297830375,HOLD,0.496276201842611,Neutral,0.5882352941176471,0.5424836601307189,Global 10d,5.6,2.0000000000000044,0.08938297311256105,0.013271441042254972,111.65143813701172,,53.83689606215246
Dharmaj Crop Guard Limited,DHARMAJ.NS,267.6499938964844,0.01248340350586763,HOLD,0.503966978407786,Neutral,0.6153846153846154,0.5562130177514792,Global 10d,7.6,2.0,0.018455123016734687,0.016252591827810914,1.1299968826126099,,53.80711410241825
Alivus Life Sciences Limited,ALIVUS.NS,1373.699951171875,-0.00036384806997968866,HOLD,0.4854155595550201,Neutral,0.5608695652173913,0.508695652173913,Global 10d,4.8,2.1251514868743975,0.04257739573878627,0.028577002368991966,13.361932754638671,,53.805193812791316
Life Insurance Corporation Of India,LICI.NS,388.70001220703125,-0.008038774652085245,HOLD,0.4946839549175659,Neutral,0.6767676767676768,0.6565656565656566,Global 10d,4.8,4.583953004394441,0.012600905983449096,0.07967771447383432,281.9766159290588,,53.772968180957996
Shriram Properties Limited,SHRIRAMPPS.NS,67.36000061035156,-0.026730219601117433,HOLD,0.5246481115050972,Neutral,0.7222222222222222,0.6990740740740741,Global 10d,6.5,3.9960894280647747,0.1121017161918123,0.19507124807877663,2.0274912604522703,,53.72305779320419
HT Media Limited,HTMEDIA.NS,22.3799991607666,-0.02780196717073591,HOLD,0.537572237778044,Neutral,0.6012820512820513,0.5576923076923077,Global 10d,8.1,2.9927329363170134,0.06066344815903335,0.07685439165334662,0.21664625521097183,,53.716020125646
Shah Alloys Limited,SHAHALLOYS.NS,85.37000274658203,-0.01613453901863493,HOLD,0.47041811592204513,Neutral,0.6077922077922078,0.5467532467532468,Global 10d,7.8,4.387893234038766,0.3132331369049568,0.3687477417681051,0.31740200741271973,,53.71397938917585
GTL Limited,GTL.NS,6.820000171661377,-0.00872092177056838,HOLD,0.4731395426171348,Neutral,0.6708860759493671,0.6354430379746836,Global 10d,6.9,9.307472335322508,0.012871298277194576,0.16422285298656325,0.09701135531318188,,53.68572258707136
India Pesticides Limited,IPL.NS,130.67999267578125,-0.015370769485825275,HOLD,0.4509182660012508,Neutral,0.7866108786610879,0.7364016736401673,Global 10d,6.7,3.098993687272275,0.05105979491421886,0.16528931216812603,1.8619288971252441,,53.66872993672629
Thomas Scott (India) Limited,THOMASCOTT.NS,278.8500061035156,-0.07111927127035467,HOLD,0.45749072091718396,Neutral,0.6794682422451994,0.5908419497784343,Global 10d,9.9,1.970228841987005,0.11987954258440014,0.011655011399904769,1.9496858134216308,,53.63285615358256
ICICI Prudential Life Insurance Company Limited,ICICIPRULI.NS,448.04998779296875,0.009576386022756234,HOLD,0.5042123121823994,Neutral,0.6474358974358975,0.608974358974359,Global 10d,6.7,3.6877906034960346,,0.17394825885990595,55.932768165124514,,53.62600022450458
Caplin Point Laboratories Limited,CAPLIPOINT.NS,2631.89990234375,-0.031107349078864366,HOLD,0.4980604384535061,Neutral,0.5779334500875657,0.5131348511383538,Global 10d,7.3,2.2165594922468768,0.05840613920028215,0.01881270563458215,35.317195142602536,,53.621568173438384
ION Exchange (India) Limited,IONEXCHANG.NS,401.75,-0.011441914287205424,HOLD,0.48088226879060764,Neutral,0.6238095238095238,0.5714285714285714,Global 10d,5.9,2.0,0.11365211365211358,0.002216454834330861,9.797552931642151,,53.59645479187175
Larsen & Toubro Limited,LT.NS,3750.0,0.015324659975306965,HOLD,0.5014979139469188,Neutral,0.5535714285714286,0.5369897959183674,Global 10d,4.5,5.292350877204065,0.012950098916625574,0.0937837133822339,572.93084275,,53.582379775197666
Ashiana Housing Limited,ASHIANA.NS,383.95001220703125,-0.005310849204582246,HOLD,0.4882701002840922,Neutral,0.6220028208744711,0.5655853314527504,Global 10d,7.7,2.5992580149211797,0.0482127627097948,0.010443276312060767,1.3489542,,53.56413492259394
Electronics Mart India Limited,EMIL.NS,205.10000610351562,0.00514581247759871,HOLD,0.49273079636032097,Neutral,0.6235955056179775,0.5168539325842697,Global 10d,9.1,2.0000000000000018,0.2241853546766952,,70.59819357515869,,53.51097917771521
Kilitch Drugs (India) Limited,KILITCH.NS,218.50999450683594,0.024329584682270644,HOLD,0.5019618596964514,Neutral,0.5957161981258366,0.5087014725568942,Global 10d,8.2,1.9999999999999982,0.31316101263888974,0.00453071034759045,0.5415842214660644,0.05,53.49809298482256
Choice International Limited,CHOICEIN.NS,719.4000244140625,-0.009431980152753927,HOLD,0.5050710750161302,Neutral,0.6368159203980099,0.6019900497512438,Global 10d,6.3,2.8257065702801607,0.031693728679162536,0.023074749822892926,24.568233929296873,,53.47056451657515
P N Gadgil Jewellers Limited,PNGJL.NS,581.9500122070312,-0.013894792625269714,HOLD,0.48872892489488046,Neutral,0.5581395348837209,0.5116279069767442,Global 10d,5.9,2.0,0.0016351328864565584,0.020706224830667974,22.21376298651123,0.05,53.40838492167063
Concord Enviro Systems Limited,CEWATER.NS,253.4499969482422,-0.023690327467947414,HOLD,0.48988278966579296,Neutral,0.76,0.6933333333333334,Global 10d,9.3,2.0053047636770645,0.009760944016901085,0.14381533788570433,1.492051035079956,,53.39389726408445
National Fertilizers Limited,NFL.NS,63.279998779296875,-0.008927168495630355,HOLD,0.5055179944364909,Neutral,0.6105398457583547,0.5925449871465296,Global 10d,5.0,9.214400558955653,0.014080643524518655,0.17337545438841362,3.307138883653259,,53.385232777108605
Page Industries Limited,PAGEIND.NS,37465.0,0.021958537915984788,HOLD,0.5012625575880251,Neutral,0.6270753512132823,0.578544061302682,Global 10d,5.5,2.0693842120329555,0.02970739240291831,0.017981340150429403,63.55698,,53.38420119903019
Soma Textiles & Industries Limited,SOMATEX.NS,75.76000213623047,-0.04295100263501306,HOLD,0.5336763837078551,Neutral,0.6120358514724712,0.5697823303457106,Global 10d,8.7,4.1519901740884295,,0.28537479550635125,0.04639525463790894,0.05,53.38053280041624
SPML Infra Limited,SPMLINFRA.NS,159.30999755859375,-0.010619840196834818,HOLD,0.5131995644107432,Neutral,0.5667090216010165,0.5285895806861499,Global 10d,6.8,4.303950484095518,0.05496326967538612,0.24463310805762917,2.1535328959487914,,53.33425989026653
Sirca Paints India Limited,SIRCA.NS,401.70001220703125,0.00037361329503982077,HOLD,0.4877805564502616,Neutral,0.6036745406824147,0.5669291338582677,Global 10d,5.1,2.4689150162503513,0.02198468352915106,0.06518971511766702,6.95011543049469,,53.27335169469893
Greaves Cotton Limited,GREAVESCOT.NS,225.97999572753906,-0.018672933274934467,HOLD,0.49105639890349706,Neutral,0.6002554278416348,0.5338441890166028,Global 10d,8.6,2.0000000000000018,0.139047928189038,0.03979950649961306,21.305874271698,,53.25085847242838
Ashapura Minechem Limited,ASHAPURMIN.NS,489.95001220703125,-0.028166184392275806,HOLD,0.5298480771498936,Neutral,0.5458015267175572,0.5127226463104326,Global 10d,7.7,2.5728193273743543,0.08063727826683942,0.14050889799988253,15.448474529113769,,53.246588242183435
HDFC Life Insurance Company Limited,HDFCLIFE.NS,534.2000122070312,0.024942439937695404,HOLD,0.4832191367778848,Neutral,0.6405867970660146,0.58679706601467,Global 10d,6.9,2.0,0.00697457531956891,0.05484834729208776,218.776951,,53.21862978609607
Alkem Laboratories Limited,ALKEM.NS,5220.0,0.010942190374745753,HOLD,0.49275517873533525,Neutral,0.592,0.5760000000000001,Global 10d,4.5,7.06866161029941,0.010817212068604087,0.11061002760578154,75.68503395,,53.15980136495477
Kothari Sugars And Chemicals Limited,KOTARISUG.NS,25.68000030517578,-0.015337408730844548,HOLD,0.4914642674018756,Neutral,0.6598202824133504,0.6110397946084725,Global 10d,7.8,2.2422349767538723,0.08005048363842215,0.02511680282026152,0.10832100161895752,,53.153564006017184
SAGILITY LIMITED,SAGILITY.NS,42.56999969482422,-0.013898505896919544,HOLD,0.49053363365119224,Neutral,0.5316455696202531,0.5063291139240507,Global 10d,5.7,3.266807388973077,0.01915248332040309,0.026073630777374124,48.814888954032135,,53.15269269091333
InfoBeans Technologies Limited,INFOBEAN.NS,143.5800018310547,0.0005575040491616612,HOLD,0.5035572018012667,Neutral,0.6164705882352941,0.5929411764705883,Global 10d,6.6,4.0563342448903725,0.006491332279866313,0.17668228220158855,2.3401690829772948,,53.10669644358315
Indian Metals & Ferro Alloys Limited,IMFA.NS,1176.800048828125,-0.011839764293291477,HOLD,0.5216400274550957,Neutral,0.5328947368421053,0.5105263157894737,Global 10d,5.8,5.362898461711388,0.029153659025642265,0.17797401179513117,10.15287285900879,,53.08758220898952
Bharat Bijlee Limited,BBL.NS,2069.60009765625,-0.012218334341458248,HOLD,0.5198096255814395,Neutral,0.590851334180432,0.5692503176620076,Global 10d,6.0,7.177910422282667,0.021896718109955193,0.18892538729718544,3.9597822,,53.081814883764764
Power Mech Projects Limited,POWERMECH.NS,2431.5,-0.018051834283705714,HOLD,0.4921262245073466,Neutral,0.626953125,0.599609375,Global 10d,6.5,4.453513126240203,0.01375078783223671,0.00041031068389019154,9.066372214404296,,53.077606304616246
Vishnu Chemicals Limited,VISHNU.NS,658.25,-0.009405568096312988,HOLD,0.4989627944803403,Neutral,0.5508317929759704,0.5027726432532347,Global 10d,5.7,2.0,0.13477376760324744,0.017361957907131353,6.2694363,,53.05304745993686
Affle 3i Limited,AFFLE.NS,1443.800048828125,-0.004001053294353296,HOLD,0.5443584801568022,Neutral,0.60790273556231,0.5623100303951367,Global 10d,6.2,1.889989256419573,0.02644678129048139,0.0579027377466792,19.77665043236084,,53.03919390803143
Pondy Oxides & Chemicals Limited,POCL.NS,437.0,-0.03457416128909385,HOLD,0.5304248375345505,Neutral,0.5431754874651811,0.5153203342618384,Global 10d,7.6,6.822573741387256,0.021983147245813628,0.18013458671544402,16.915258681915283,,53.03629413412717
R K Swamy Limited,RKSWAMY.NS,86.45999908447266,-0.040293011443838234,HOLD,0.518582797265068,Neutral,0.5803571428571429,0.5089285714285714,Global 10d,8.7,1.939799450197721,0.05504286918733814,0.1103946844620689,0.2263097252445221,,53.03019756586557
Talbros Automotive Components Limited,TALBROAUTO.NS,419.70001220703125,-0.02361287368236087,HOLD,0.4964261287378397,Neutral,0.5747422680412371,0.5115979381443299,Global 10d,8.1,2.461636263531057,0.0652726965152357,0.011302597775649348,9.962089302947998,,53.01508758699579
Mahindra Lifespace Developers Limited,MAHLIFE.NS,351.1499938964844,-0.025395487667188132,HOLD,0.49844562447942603,Neutral,0.5880102040816326,0.5497448979591837,Global 10d,6.4,2.731002785859507,0.0358406899601309,0.023884408859478956,3.200265,,52.986572722730756
Moksh Ornaments Limited,MOKSH.NS,9.1899995803833,-0.03364885812796248,HOLD,0.5226625443209926,Neutral,0.6819338422391857,0.6513994910941476,Global 10d,7.9,3.3423420070935976,0.13316892348039167,0.23068562960097294,0.06890957203412056,,52.971647297897405
Aurionpro Solutions Limited,AURIONPRO.NS,607.7999877929688,-0.022986639373357987,HOLD,0.5484722328544182,Neutral,0.5884615384615385,0.5551282051282052,Global 10d,7.9,3.1440395104755994,,0.19091280805102984,7.951199511566162,,52.95694497605424
CMS Info Systems Limited,CMSINFO.NS,218.97999572753906,-0.0077484557295304235,HOLD,0.516814688012666,Neutral,0.7757009345794392,0.7429906542056075,Global 10d,6.6,3.24373424042151,,0.1471875308998063,14.629423046209716,,52.951637827424555
Cipla Limited,CIPLA.NS,1335.5,-0.006324404761904767,HOLD,0.5055612725959328,Neutral,0.5502577319587629,0.5,Global 10d,4.6,2.0000000000000058,0.054630790058739276,0.012515268884480957,123.9812736623108,,52.94518736508196
IFB Agro Industries Limited,IFBAGRO.NS,866.9500122070312,-0.027701465295492556,HOLD,0.5029727232900979,Neutral,0.5935897435897436,0.5628205128205128,Global 10d,8.3,3.3180408730902644,0.0021964330858035286,0.21454517140075446,0.30164742835388186,0.1,52.942878042043986
Arvind Fashions Limited,ARVINDFASN.NS,379.70001220703125,-0.020002580347987853,HOLD,0.5276778397519012,Neutral,0.6182336182336182,0.5897435897435898,Global 10d,6.7,5.018149063555074,0.04048810978183792,0.21938368479047998,6.417742736264038,,52.869790876464336
Everest Kanto Cylinder Limited,EKC.NS,106.01000213623047,-0.02653810237974752,HOLD,0.45181097762048,Neutral,0.6297709923664122,0.5750636132315521,Global 10d,8.5,2.809913690661774,0.03020437720385205,0.09602100676839864,1.6593400935401916,,52.86154751842077
Alembic Limited,ALEMBICLTD.NS,104.11000061035156,-0.029096359683926876,HOLD,0.48485854438251436,Neutral,0.6166666666666667,0.5487179487179488,Global 10d,6.9,2.110428365378951,0.06889115995229034,0.13072712064702774,8.7298476,,52.85917323549046
Ponni Sugars (Erode) Limited,PONNIERODE.NS,372.3500061035156,0.0004029927231730124,HOLD,0.4792956837159636,Neutral,0.6061776061776062,0.5765765765765766,Global 10d,7.1,2.962934222967307,0.08525211156998669,0.22196855792049375,1.05862085055542,,52.851750243426494
Mangalam Cement Limited,MANGLMCEM.NS,984.6500244140625,-0.008608525662388455,HOLD,0.48753022173368254,Neutral,0.5488431876606684,0.506426735218509,Global 10d,5.4,2.118764405385018,0.013014428409529266,0.03767797242275517,6.955094391943359,,52.850461832152725
Gujarat Lease Financing Limited,GLFL.NS,5.489999771118164,0.018552858461900135,HOLD,0.48538056006536134,Neutral,0.6473906911142454,0.5853314527503526,Global 10d,9.0,2.0532566682283067,0.10020040539760577,0.12204013527236701,0.003273461868429184,0.02,52.83069877501628
Eurotex Industries and Exports Limited,EUROTEXIND.NS,15.729999542236328,0.09999995331664246,SELL,0.4325989213852188,Sell,0.6147757255936676,0.5474934036939314,Global 10d,10.0,3.755991904442834,0.048666636149088616,0.04831533699929058,0.0016641635411262512,0.05,52.80052883301333
EPACK Durable Limited,EPACK.NS,171.58999633789062,-0.021442883574268712,HOLD,0.5208691188968486,Neutral,0.7288135593220338,0.6949152542372881,Global 10d,7.1,9.751556405629392,,0.46745153229049374,5.937585496737671,,52.784698882695544
Madras Fertilizers Limited,MADRASFERT.NS,57.459999084472656,-0.022290307352174965,HOLD,0.49209351126562223,Neutral,0.6475095785440613,0.6270753512132823,Global 10d,5.9,5.774500652356663,0.09322674244966112,0.2519578704986605,0.22418902410678865,,52.78309678915271
Ginni Filaments Limited,GINNIFILA.NS,40.08000183105469,-0.01037032515914349,HOLD,0.4849181897324936,Neutral,0.617948717948718,0.5743589743589743,Global 10d,6.7,2.382522748315378,0.11581302545014927,0.13897204192511992,0.100321720652771,,52.76409111044838
HandsOn Global Management (HGM) Limited,HGM.NS,40.36000061035156,-0.051691745581570525,HOLD,0.512253421243075,Neutral,0.6272493573264781,0.5784061696658098,Global 10d,9.6,3.6141651525587375,,0.35067722532510315,0.0225716446975708,,52.75680131065416
SRG Housing Finance Limited,SRGHFL.NS,128.99000549316406,-0.0499373835600011,HOLD,0.4781253978228497,Neutral,0.6544117647058824,0.6102941176470589,Global 10d,10.0,14.568869376169298,0.08760545659964825,1.2404836630177196,0.267562942363739,0.1,52.70751795785891
Hybrid Financial Services Limited,HYBRIDFIN.NS,17.360000610351562,-0.03232998363656525,HOLD,0.45177227090003297,Neutral,0.8,0.7352941176470589,Global 10d,8.3,2.594162307940599,0.05212124911221583,0.03917052311451563,0.006961278778266907,0.05,52.68763096413101
PPAP Automotive Limited,PPAP.NS,228.49000549316406,-0.025421162434025812,HOLD,0.5264664883337047,Neutral,0.6230769230769231,0.5833333333333333,Global 10d,8.3,2.72158449165462,0.02923425897821641,0.0905249971089177,0.21210152296600343,0.05,52.662826045810846
Nucleus Software Exports Limited,NUCLEUS.NS,646.9500122070312,-0.005074952392108756,HOLD,0.4769073399006487,Neutral,0.6487179487179487,0.6166666666666667,Global 10d,5.2,4.99936112661325,,0.17304275460961893,0.9533881958526611,,52.658187507852944
Salzer Electronics Limited,SALZERELEC.NS,530.9000244140625,-0.010253541666050303,HOLD,0.4888831254130613,Neutral,0.708,0.6779999999999999,Global 10d,7.1,4.0158517064844705,0.015505236724810523,0.08108869055050749,1.9607789725708007,,52.64793018295895
KRBL Limited,KRBL.NS,382.1499938964844,0.0166267627067882,HOLD,0.4661976516906705,Neutral,0.5969387755102041,0.5433673469387755,Global 10d,6.6,2.0,0.00795115519763856,0.008366544413666466,14.731896520953368,,52.639736420901116
CCL Products (India) Limited,CCL.NS,1051.9000244140625,-0.004448184062533778,HOLD,0.4954732144934882,Neutral,0.5391527599486521,0.5237483953786906,Global 10d,4.9,5.096717923851629,0.01085836450042077,0.01171161473549498,14.7393147,,52.61037452963323
Jai Balaji Industries Limited,JAIBALAJI.NS,61.720001220703125,-0.00835476291356807,HOLD,0.48974699745448236,Neutral,0.6020278833967047,0.5703422053231939,Global 10d,7.7,3.6311860104248916,0.011637484325570435,0.2142579190196401,3.379390527936554,,52.602624733350694
Cineline India Limited,CINELINE.NS,85.95999908447266,-0.011499540139468079,SELL,0.4469489544660478,Sell,0.613607188703466,0.5725288831835686,Global 10d,7.1,4.913629301075298,0.025132355584070565,0.032743668089527,0.20361245752983093,,52.598764101138094
Pokarna Limited,POKARNA.NS,699.0999755859375,-0.009352467772322348,HOLD,0.5139623193092301,Neutral,0.6310272536687631,0.6121593291404612,Global 10d,6.6,5.518521676059461,0.004680493460018864,0.2694167119571078,5.2952278,0.2,52.59739342136889
NCL Industries Limited,NCLIND.NS,170.02999877929688,-0.02382589316219097,HOLD,0.48221701419837376,Neutral,0.601029601029601,0.5804375804375804,Global 10d,5.3,4.050951500798773,0.012498437084136338,0.07001030062995017,0.5180599775085449,,52.58813974328027
Bank of Maharashtra,MAHABANK.NS,80.9000015258789,0.004968963054396314,HOLD,0.4856722293739521,Neutral,0.5586734693877551,0.5025510204081632,Global 10d,5.6,2.0,0.047927522330309724,0.045857710811664676,111.08677216162948,,52.586326205489
Precision Camshafts Limited,PRECAM.NS,109.9000015258789,-0.05891417473312799,HOLD,0.5365675753686452,Neutral,0.6659959758551308,0.6257545271629779,Global 10d,8.1,5.239607036045652,0.06450895021294989,0.3421291897367915,1.4248579551635743,,52.58390300883259
NMDC Limited,NMDC.NS,73.73999786376953,0.0013579369221878856,HOLD,0.5199176374499758,Neutral,0.545338441890166,0.5044699872286079,Global 10d,4.9,1.6900460357903087,0.007592070837899589,0.02112082857528419,87.87865755583039,,52.58386643978769
SKM Egg Products Export (India) Limited,SKMEGGPROD.NS,205.2899932861328,-0.027752786075023073,HOLD,0.5482704444105161,Neutral,0.5959079283887468,0.5498721227621484,Global 10d,8.1,2.0,0.10930313487339327,0.042018082641626986,3.968627480282593,0.05,52.57671291430695
Superhouse Limited,SUPERHOUSE.NS,154.66000366210938,-0.033676971489375096,HOLD,0.5012535290741491,Neutral,0.6467391304347826,0.6159420289855073,Global 10d,7.1,4.532198836176571,0.027527422988735006,0.02806153003443823,0.08061309718322754,,52.56406175853782
DCM  Limited,DCM.NS,72.83000183105469,-0.01581078606682851,HOLD,0.4555703689392913,Neutral,0.6717752234993615,0.6194125159642401,Global 10d,6.5,7.550787426583224,0.3241818514737216,0.3722367146610708,0.09357281040878296,,52.53586199741158
SecMark Consultancy Limited,SECMARK.NS,137.47999572753906,-0.018000030517578147,HOLD,0.46553765599688174,Neutral,0.6062992125984252,0.5511811023622047,Global 10d,8.1,3.735983400637042,0.06739124588602086,0.0296043047811132,0.02821785954284668,,52.535400250780974
Gujarat Fluorochemicals Limited,FLUOROCHEM.NS,4429.7998046875,0.020338547664977558,HOLD,0.488420286850807,Neutral,0.6261682242990654,0.5638629283489096,Global 10d,5.1,1.9999999999999947,0.28440342377071226,0.04973610981938492,58.31026927919922,,52.53067166341259
Capacit'e Infraprojects Limited,CAPACITE.NS,180.3300018310547,-0.013997471524616611,HOLD,0.5317088861415852,Neutral,0.6778846153846154,0.6610576923076923,Global 10d,7.1,5.661203149931855,0.0018333435058592862,0.2687850093081743,4.9921115066894535,,52.521340980037266
Grindwell Norton Limited,GRINDWELL.NS,1975.800048828125,-0.0091770357463824,HOLD,0.5029056100340143,Neutral,0.5738341968911918,0.5323834196891192,Global 10d,5.7,2.0,0.009768249798714379,0.004084007351636831,4.44542838684082,,52.50868940064862
Tata Motors Passenger Vehicles Limited,TMPV.NS,288.6499938964844,0.03310665784562272,HOLD,0.503251320156162,Neutral,0.6012738853503184,0.5528662420382165,Global 10d,7.2,2.5160480530110485,,0.10912870488851123,348.164107725,,52.4940984872332
Dynacons Systems & Solutions Limited,DSSL.NS,948.75,-0.03503866128896793,HOLD,0.539130867681433,Neutral,0.6411917098445595,0.5971502590673575,Global 10d,8.3,2.6406114120561477,0.04779622339096723,0.01979250364926921,2.6526177625,,52.492524463053165
Sanghvi Movers Limited,SANGHVIMOV.NS,429.5,-0.05645872477556646,HOLD,0.5038891387660587,Neutral,0.5976863753213367,0.5437017994858612,Global 10d,8.4,2.0000000000000018,0.09125683041555899,0.09684615944024877,10.93106705,,52.48622931803839
Bharat Heavy Electricals Limited,BHEL.NS,429.0,0.019002375296912177,HOLD,0.4923595321627811,Neutral,0.5668789808917197,0.5273885350318471,Global 10d,5.4,2.0,0.08470290771175737,0.03267287318800993,289.0579150029709,,52.48283417508782
Tarsons Products Limited,TARSONS.NS,329.3999938964844,0.028410884952632554,HOLD,0.48467470240854826,Neutral,0.6255707762557078,0.5570776255707763,Global 10d,9.2,2.0,0.14553987271978475,0.016697025203128657,3.8379733359100343,,52.4574932767334
Amj Land Holdings Limited,AMJLAND.NS,37.02000045776367,-0.01594892320989849,HOLD,0.4775692031273669,Neutral,0.6327319587628866,0.5876288659793815,Global 10d,7.4,2.630606110600779,0.02619086927183112,0.07995675439955052,0.017157375,,52.440221487128625
Zenith Exports Limited,ZENITHEXPO.NS,203.0399932861328,0.020301473799662295,HOLD,0.46854594258076254,Neutral,0.6317280453257791,0.603399433427762,Global 10d,6.2,4.492583989575661,0.015199966430664125,0.08939130100194426,0.0010575089935302734,,52.43611928790924
JK Cement Limited,JKCEMENT.NS,4952.0,-0.024428684003152124,HOLD,0.4834889686844573,Neutral,0.5469543147208121,0.5139593908629442,Global 10d,6.8,4.4149741825538245,0.03067521599218992,0.15281744929795926,18.8399463,,52.389204865942276
Ingersoll Rand (India) Limited,INGERRAND.NS,4154.2001953125,-0.0011059944193071436,HOLD,0.4687716127314117,Neutral,0.5418781725888325,0.5025380710659898,Global 10d,5.0,2.3782127487784455,0.14070564727270618,0.08702567495314328,7.517093165087891,,52.388379758437424
Asian Hotels (East) Limited,AHLEAST.NS,136.0,0.011603671007620386,SELL,0.44509704789050347,Sell,0.5983717774762551,0.5766621438263229,Global 10d,4.6,3.341287849934639,0.006661686571611147,0.13235294117647056,0.013473536457824706,,52.382634314137405
Deep Industries Limited,DEEPINDS.NS,747.0499877929688,-0.002603487592832132,HOLD,0.4580744765641977,Neutral,0.6194331983805668,0.534412955465587,Global 10d,7.7,1.6330717110339494,0.19327530126877668,0.10434377013688367,25.266982480114745,,52.37056172301695
Isgec Heavy Engineering Limited,ISGEC.NS,899.2999877929688,-0.02218117227715155,HOLD,0.49423856853175635,Neutral,0.659919028340081,0.6032388663967612,Global 10d,7.6,2.2964840097500674,0.04698226354117474,0.0691993430055231,6.123999932904053,,52.33720320533008
Jamna Auto Industries Limited,JAMNAAUTO.NS,131.66000366210938,-0.03439678937634694,HOLD,0.48421777717622905,Neutral,0.5868673050615595,0.5485636114911081,Global 10d,7.4,3.2554535048915776,0.03888655429345933,0.007649526781144944,32.99823659284668,,52.336987346081514
Sun Pharmaceutical Industries Limited,SUNPHARMA.NS,1779.699951171875,-0.01182679002116882,HOLD,0.50242068742598,Neutral,0.5858974358974359,0.5641025641025641,Global 10d,3.7,2.4234361754410636,0.015689970175801093,0.0059271359394394985,262.11217347519533,,52.33362160947825
Adani Energy Solutions Limited,ADANIENSOL.NS,1353.4000244140625,0.020355850047520274,HOLD,0.5092105134974503,Neutral,0.6107899807321773,0.5664739884393064,Global 10d,5.9,1.7849081773311397,0.0944525724843086,0.08146150288990239,201.0244959593872,,52.28206230421448
Century Enka Limited,CENTENKA.NS,537.7999877929688,-0.030292081739130006,HOLD,0.4838517916912901,Neutral,0.5522959183673469,0.5089285714285714,Global 10d,5.9,2.0,0.08760922574159946,0.013190840201578347,1.907245691467285,,52.272816213677075
Punjab National Bank,PNB.NS,112.3499984741211,0.025371897298893442,HOLD,0.48851193298683787,Neutral,0.5639386189258312,0.5191815856777494,Global 10d,5.0,1.8562091140103294,0.11846691774426321,0.0631953928370883,138.44009750417175,,52.26476877976309
Accelya Solutions India Limited,ACCELYA.NS,1094.199951171875,0.003576907428319176,HOLD,0.4751888959358304,Neutral,0.61003861003861,0.5920205920205921,Global 10d,4.0,2.6932001290276895,0.002167563277553075,0.06714194733431467,0.5880087771606445,,52.260582829645664
Rallis India Limited,RALLIS.NS,197.16000366210938,-0.012669631670915726,HOLD,0.49772769474788214,Neutral,0.586427656850192,0.5633802816901409,Global 10d,4.6,7.69659781351953,,0.1979610369970679,10.226490867449188,,52.2482285274069
Cochin Shipyard Limited,COCHINSHIP.NS,1283.800048828125,-0.0024863645469114237,HOLD,0.5169542531168937,Neutral,0.6447058823529411,0.6258823529411764,Global 10d,7.2,4.619689610987343,0.0827674378921297,0.20677389111539757,122.45857084867554,,52.2039052053553
Indian Overseas Bank,IOB.NS,30.3799991607666,-0.018733848218908444,HOLD,0.49708141417094787,Neutral,0.6328626444159179,0.6110397946084725,Global 10d,4.4,3.7015398083076745,,0.1073074496029569,5.7919016645404815,,52.176449827075416
Info Edge (India) Limited,NAUKRI.NS,1201.699951171875,0.0014166259765624467,HOLD,0.49586194756788365,Neutral,0.5695876288659794,0.5115979381443299,Global 10d,6.3,2.0,0.054122764185855265,0.019653814377651235,172.416836,,52.16464607820074
Rajshree Sugars & Chemicals Limited,RAJSREESUG.NS,27.729999542236328,-0.0394874008956676,HOLD,0.5372799983304247,Neutral,0.6909323116219668,0.6436781609195402,Global 10d,7.9,2.0,0.12380949657088869,0.11071041274804982,0.10425175152740479,,52.16325269500121
Modi Rubber Limited,MODIRUBBER.NS,119.72000122070312,-0.004076182243585302,HOLD,0.47929850300292376,Neutral,0.655440414507772,0.6191709844559585,Global 10d,8.0,5.375064487364624,0.020543889798528392,0.13453615890280823,0.017453480279541016,0.05,52.15815759487659
Anupam Rasayan India Limited,ANURAS.NS,1164.4000244140625,0.0006015925681550627,HOLD,0.46742951396779314,Neutral,0.6414342629482072,0.6095617529880478,Global 10d,4.8,2.3463593702161982,0.003080419068259843,0.09265063126207584,25.77968559440918,,52.12006131294052
PTC India Limited,PTC.NS,157.52000427246094,0.017636869983459702,HOLD,0.504568998522147,Neutral,0.5554140127388535,0.5121019108280255,Global 10d,4.3,2.0000000000000075,0.04747976559017175,0.00545962790138077,19.04943161585312,,52.09549298455151
JSW Dulux Limited,JSWDULUX.NS,3020.60009765625,-0.01896716542505683,HOLD,0.478152086547766,Neutral,0.562905317769131,0.5045395590142672,Global 10d,5.7,2.0,0.05541582727332295,0.01869364578320254,8.464523483496095,,52.07619030393837
Godfrey Phillips India Limited,GODFRYPHLP.NS,1849.699951171875,-0.022253989094845883,HOLD,0.5210050670535514,Neutral,0.5518565941101152,0.530089628681178,Global 10d,6.7,5.783342567805938,0.02437459378841722,0.1658410309067575,29.406357,,52.06390017578058
PTL Enterprises Limited,PTL.NS,37.869998931884766,0.0,HOLD,0.4862040641596835,Neutral,0.5966494845360825,0.5554123711340206,Global 10d,3.4,2.0,0.04477716211462268,0.011088294906786755,0.10976770219230651,,52.061194399902924
Thermax Limited,THERMAX.NS,3228.199951171875,-0.0393977690403311,HOLD,0.5450095514027732,Neutral,0.5881595881595881,0.5444015444015444,Global 10d,6.4,2.000000000000003,0.18029471412440112,0.0016090789888001389,53.57150370292969,,51.98114708591757
Mayur Uniquoters Ltd,MAYURUNIQ.NS,711.5499877929688,-0.031047849868554356,HOLD,0.4905779276360458,Neutral,0.6271186440677966,0.6070878274268106,Global 10d,5.9,9.809117551034316,0.014037302856753087,0.18415411449899421,7.260220465423584,,51.950469494458986
PI Industries Limited,PIIND.NS,2236.0,-0.03203463203463208,HOLD,0.505718462367657,Neutral,0.5926449787835927,0.57001414427157,Global 10d,6.6,10.701899069791992,0.02053856686444555,0.2678107166593069,36.2311344,,51.93657256488843
Confidence Petroleum India Limited,CONFIPET.NS,86.18000030517578,0.0015107175921862392,HOLD,0.473008991531872,Neutral,0.6360294117647058,0.5551470588235294,Global 10d,8.8,2.000000000000002,0.25725969123779047,0.0013972523841117024,23.709341596579744,,51.932658839459904
Arman Financial Services Limited,ARMANFIN.NS,1764.4000244140625,0.011581282999472364,HOLD,0.5155987199262574,Neutral,0.5936170212765958,0.5468085106382978,Global 10d,7.5,2.0000000000000018,0.11031404664359634,0.003173869592184575,5.2211714853515625,,51.90597558991281
Sunflag Iron And Steel Company Limited,SUNFLAG.NS,455.0,0.049596309111880066,HOLD,0.507902687141978,Neutral,0.5925449871465296,0.5179948586118253,Global 10d,8.6,2.0,0.32420517985411723,,8.86626147182312,,51.899333157441646
Swaraj Engines Limited,SWARAJENG.NS,3542.699951171875,-0.0009869719835857715,HOLD,0.4933596187600859,Neutral,0.5366795366795367,0.528957528957529,Global 10d,4.2,3.2023280344843466,0.005801367834429305,0.0343900139064679,2.6776138033691406,,51.89671361425735
Zydus Wellness Limited,ZYDUSWELL.NS,493.25,-0.03812400206386435,HOLD,0.45815743750315957,Neutral,0.5855855855855856,0.5353925353925354,Global 10d,6.3,2.0,0.006632653061224403,0.016418581068716076,10.816875838256836,,51.89201877716203
Aakash Exploration Services Limited,AAKASH.NS,8.34000015258789,-0.011848274024543137,HOLD,0.5045349251895312,Neutral,0.6863270777479893,0.6434316353887399,Global 10d,7.5,2.1140358330725086,0.0012005076798833336,0.14448440067859525,0.08075408175029755,0.05,51.87811710506604
Cura Technologies Limited,CURAA.NS,72.25,-0.0034482758620689724,HOLD,0.45389001446911686,Neutral,0.7532956685499058,0.5969868173258004,Global 10d,10.0,1.5960084876352683,0.005287285917573437,0.12650518186364623,0.0012768,,51.87400520544944
TCI Finance Limited,TCIFINANCE.NS,14.6899995803833,-0.006089320312172797,HOLD,0.4744844032887729,Neutral,0.6577608142493638,0.5674300254452926,Global 10d,8.5,1.5371610482127316,0.04110559445914541,0.06807352134545863,0.01344234530930519,0.05,51.864266869279135
Godawari Power And Ispat limited,GPIL.NS,211.32000732421875,-0.020169661434869535,HOLD,0.5380194240742106,Neutral,0.5286624203821656,0.5082802547770701,Global 10d,5.9,4.809268081091673,,0.20906677619028224,32.10207420497208,,51.86317927165108
Spandana Sphoorty Financial Limited,SPANDANA.NS,216.33999633789062,-0.02002173527327411,HOLD,0.5082337814034739,Neutral,0.6515151515151515,0.6242424242424243,Global 10d,6.2,3.838082606070982,0.19458856458697205,0.17546458055115877,2.148484035812378,,51.85888061741301
Nesco Limited,NESCO.NS,1028.199951171875,-0.017862329550191514,HOLD,0.47943306553241777,Neutral,0.5592783505154639,0.5322164948453608,Global 10d,6.2,3.5908542991522867,0.026070174649200473,0.10873376204764718,4.598226212036133,,51.84852076212329
Lords Chloro Alkali Limited,LORDSCHLO.NS,138.80999755859375,0.0019489265594467842,HOLD,0.4614784240688207,Neutral,0.6444444444444445,0.5777777777777777,Global 10d,9.7,2.738625108170498,0.06318933941690297,0.02312518385076845,0.15661946240997315,,51.833138062862986
Gujarat Ambuja Exports Limited,GAEL.NS,157.69000244140625,-0.01572938122998535,HOLD,0.4947172218237526,Neutral,0.5803571428571429,0.5433673469387755,Global 10d,5.5,2.4657814238771967,0.03958467645380792,0.061585527893063485,9.28403034824066,,51.80914788000707
Jtekt India Limited,JTEKTINDIA.NS,113.68000030517578,-0.01864637518128376,HOLD,0.5124137234335641,Neutral,0.6105398457583547,0.5874035989717223,Global 10d,5.5,6.8277834066891,,0.26680149648345175,1.0506234164367676,,51.8047478683363
Siyaram Silk Mills Limited,SIYSIL.NS,531.5499877929688,-0.015557040881854278,HOLD,0.5053586871041842,Neutral,0.58898847631242,0.558258642765685,Global 10d,6.8,3.0859592411351584,0.04563781137189338,0.12132637558676196,1.5153958601989745,,51.794223555667614
D.B.Corp Limited,DBCORP.NS,171.0800018310547,-0.008346872279993978,HOLD,0.5307227936634241,Neutral,0.5992317541613317,0.5787451984635084,Global 10d,5.7,4.527184947303727,,0.19651160069177998,1.1937941395156861,,51.79111194096037
Sundram Fasteners Limited,SUNDRMFAST.NS,1115.5999755859375,-0.007119971674819703,SELL,0.4443746310301628,Sell,0.5892169448010269,0.5519897304236201,Global 10d,5.5,3.2368687289327474,0.20461939620812908,0.120742269801001,17.201051182391357,,51.78695325961598
Star Health and Allied Insurance Company Limited,STARHEALTH.NS,535.25,-0.004556466712684282,HOLD,0.47545102078160806,Neutral,0.6666666666666666,0.6157407407407407,Global 10d,5.2,2.022394394580161,0.04337231968810906,0.0027557330285206127,25.265305538769532,,51.78547491143467
Gujarat Apollo Industries Limited,GUJAPOLLO.NS,324.8500061035156,-0.015606042110558715,HOLD,0.4824361985397784,Neutral,0.6528497409326425,0.5997409326424871,Global 10d,8.0,2.161815751894908,0.016699576403324645,0.14778441969757594,0.39365323739624025,,51.78410494731453
DCW Limited,DCW.NS,44.619998931884766,-0.021920210947244834,HOLD,0.49904655999654296,Neutral,0.6269230769230769,0.5641025641025641,Global 10d,8.4,1.5463029870768763,0.0040477835808812035,0.09399606059509313,5.433638642902374,,51.76502369218385
KN Agri Resources Limited,KNAGRI.NS,200.5,0.011961818294958793,HOLD,0.506323227480536,Neutral,0.6275510204081632,0.5714285714285714,Global 10d,9.2,2.0,0.00872890406097282,0.04239401496259343,0.1481298374656677,,51.75877248101847
Race Eco Chain Limited,RACE.NS,113.18000030517578,-0.041009968442284106,HOLD,0.49688339721356295,Neutral,0.7712418300653595,0.7124183006535948,Global 10d,10.0,3.2678528300784286,0.07754558451560145,0.008482055856901649,0.5708373172718048,,51.73413337494922
UCO Bank,UCOBANK.NS,22.93000030517578,-0.0150343802038847,HOLD,0.5096839306677053,Neutral,0.5961538461538461,0.5756410256410256,Global 10d,4.9,6.95817669504897,0.0491851606395155,0.18142170920395095,8.354725125,,51.72351461362674
Kansai Nerolac Paints Limited,KANSAINER.NS,175.27000427246094,-0.015281763788740355,HOLD,0.497052100697889,Neutral,0.6464516129032258,0.6283870967741936,Global 10d,5.8,6.166496746434449,0.12315525090683965,0.24336467272766593,2.7716771099243163,,51.67407653994733
Smartlink Holdings Limited,SMARTLINK.NS,212.10000610351562,0.0008966185556260609,HOLD,0.4884128291781417,Neutral,0.6152849740932642,0.5751295336787565,Global 10d,7.8,2.9012236861375973,0.04169738945883794,0.06506358979656812,0.08190582944641113,0.05,51.67287280328007
Aartech Solonics Limited,AARTECH.NS,47.91999816894531,-0.04427605200891671,HOLD,0.4861323846547843,Neutral,0.6619718309859155,0.6126760563380282,Global 10d,7.7,2.0,0.0005691187246767981,0.009631657921593595,0.14045179772472383,,51.65454565702694
Sudarshan Chemical Industries Limited,SUDARSCHEM.NS,1241.5,0.031231808973704034,HOLD,0.48175410708116145,Neutral,0.567741935483871,0.5083870967741935,Global 10d,7.6,1.5912520737127502,0.0813518216184923,0.08497784937575514,19.91352280883789,,51.63337282519918
Bhagiradha Chemicals & Industries Limited,BHAGCHEM.NS,236.14999389648438,-0.010060822152883064,HOLD,0.49717245207519034,Neutral,0.669683257918552,0.6515837104072398,Global 10d,5.9,4.351578444151895,0.0162766858173653,0.005144942687892673,1.6110508349197388,,51.62942471195182
ICICI Lombard General Insurance Company Limited,ICICIGI.NS,1563.0,-0.016981132075471694,HOLD,0.5073071619001764,Neutral,0.6129807692307693,0.5961538461538461,Global 10d,6.3,7.962324640327395,0.011912485242065785,0.13307741522712724,114.63399,,51.611985804418005
Reliance Industries Limited,RELIANCE.NS,1186.4000244140625,0.016014450650118306,HOLD,0.5085071150493109,Neutral,0.5597964376590331,0.5419847328244275,Global 10d,4.5,5.4353124647563,,0.1296358602731209,1582.57723055,,51.611615294450274
Sarda Energy & Minerals Limited,SARDAEN.NS,501.0,0.012632642748862999,HOLD,0.4607523845116754,Neutral,0.5488431876606684,0.5089974293059125,Global 10d,5.2,2.3663216696379377,0.026551852196947,0.07273069685770239,13.879944500335693,,51.60559991732934
Accuracy Shipping Limited,ACCURACY.NS,4.130000114440918,-0.03051645714935569,HOLD,0.5075078979431934,Neutral,0.7369791666666666,0.6953125,Global 10d,8.7,2.5591387892615685,0.01724142183446764,0.20581110922018309,0.01750992728612423,,51.58712099514399
SJVN Limited,SJVN.NS,57.15999984741211,-0.012951131099571467,HOLD,0.5352423227642435,Neutral,0.6240105540897097,0.6068601583113457,Global 10d,5.4,5.626190814398805,,0.1954164103124696,14.83272490712242,,51.58304841613653
Garware Hi-Tech Films Limited,GRWRHITECH.NS,6925.5,-0.012828736369467575,HOLD,0.47784516504228414,Neutral,0.5523809523809524,0.5047619047619047,Global 10d,7.8,2.6778134677840804,0.04324611645101162,0.03558487605291383,31.08061635,0.2,51.55377556308807
IFCI Limited,IFCI.NS,64.27999877929688,-0.013202342929223732,HOLD,0.5237264534763842,Neutral,0.5781448538754765,0.5247776365946633,Global 10d,8.9,2.517844079391005,0.06072607917221817,0.05989419021832787,523.8403890373565,,51.54740219911887
Apeejay Surrendra Park Hotels Limited,PARKHOTELS.NS,103.55000305175781,-0.02237533193124963,HOLD,0.5030891504178896,Neutral,0.7130434782608696,0.6956521739130435,Global 10d,6.6,4.253782001639415,0.0965254812790941,0.22363367787478627,1.7003143190917969,,51.53985250281151
Kalyani Investment Company Limited,KICL.NS,4693.2001953125,-0.0220462189388414,HOLD,0.4890711723978713,Neutral,0.5555555555555556,0.502710027100271,Global 10d,6.6,1.6404730213927232,0.006725998845368286,0.08468790336074727,0.5051408,0.05,51.53666228200175
Advani Hotels & Resorts (India) Limited,ADVANIHOTR.NS,46.97999954223633,-0.021453839102404282,HOLD,0.48690438738768266,Neutral,0.6267880364109233,0.6137841352405722,Global 10d,5.0,9.908253040141894,0.009750712407641249,0.14474244906327582,0.10250997153015137,,51.53155789806548
IndoStar Capital Finance Limited,INDOSTAR.NS,206.35000610351562,-0.033670447731928954,HOLD,0.534147113690056,Neutral,0.6356589147286822,0.5865633074935401,Global 10d,7.7,1.5959922813126106,0.08314526161181934,0.11635567626196863,2.2008101581604005,,51.52951999947605
Ganesh Benzoplast Limited,GANESHBE.NS,124.4000015258789,-0.04994654646087926,HOLD,0.45403575682465286,Neutral,0.5688888888888889,0.5022222222222222,Global 10d,8.3,2.0,0.15185186598036027,0.04493572265851031,2.7973719193950655,0.05,51.47956519515517
Nahar Poly Films Limited,NAHARPOLY.NS,225.63999938964844,0.001642451769743758,HOLD,0.49884682098160305,Neutral,0.6423076923076924,0.608974358974359,Global 10d,7.4,2.9289849088692863,0.0379538656405336,0.1212108056084773,0.1457148018798828,,51.46971057925585
Ramkrishna Forgings Limited,RKFORGE.NS,695.4500122070312,-0.009753631930799367,HOLD,0.48493896944543247,Neutral,0.5622593068035944,0.5134788189987163,Global 10d,5.6,2.214857932958155,0.055151021040136916,0.1112229121119217,40.63846653751831,,51.46155810989647
Thangamayil Jewellery Limited,THANGAMAYL.NS,4861.0,-0.03970762544448836,HOLD,0.51662694135068,Neutral,0.5383615084525357,0.5136540962288687,Global 10d,8.0,8.620907308024591,0.016201526079230755,0.17986234661830647,35.9154985,,51.459752334175114
Safari Industries (India) Limited,SAFARI.NS,1308.5999755859375,-0.050913889437306126,HOLD,0.5204216961252808,Neutral,0.6380368098159509,0.6104294478527608,Global 10d,6.9,4.1537272954976014,,0.18966840736112167,4.577879533947754,,51.456258630394906
Sundaram Brake Linings Limited,SUNDRMBRAK.NS,669.9500122070312,-0.00902296530741975,HOLD,0.5027351682438496,Neutral,0.5688545688545689,0.5405405405405406,Global 10d,7.4,3.3567057636704507,0.02991773672685949,0.006672231633771286,0.05423560904541016,,51.438101902851756
Orient Green Power Company Limited,GREENPOWER.NS,8.770000457763672,-0.006794956564076693,HOLD,0.4591685323188405,Neutral,0.6697860962566845,0.6443850267379679,Global 10d,6.4,12.393591616686672,0.009206085298434807,0.17445834128968074,1.778648920494461,,51.418237598238555
Coromandel International Limited,COROMANDEL.NS,1763.5999755859375,0.0030713369150439096,HOLD,0.5258712383879843,Neutral,0.5428937259923176,0.5249679897567221,Global 10d,6.1,4.8498148405347346,0.03446648181483414,0.18502786950958683,18.180613551098634,,51.39000984218552
Abans Financial Services Limited,AFSL.NS,201.0,0.0,HOLD,0.476058309563895,Neutral,0.5792682926829268,0.725609756097561,Global 10d,2.8,5.947705358335983,0.00018376909743755832,0.030825866395561174,0.125826,,51.38913279588694
Lodha Developers Limited,LODHA.NS,1105.5999755859375,-0.025903105210627775,HOLD,0.5080112303228911,Neutral,0.5816733067729084,0.5219123505976095,Global 10d,7.5,2.0000000000000044,0.05726571665855884,0.015787481747312704,157.6133004276123,,51.37920514391072
3i Infotech Limited,3IINFOLTD.NS,22.450000762939453,-0.003108334520485645,HOLD,0.5167839283902058,Neutral,0.6347381864623244,0.6028097062579821,Global 10d,8.4,6.231797845484766,0.034562210766411416,0.23830727359942427,0.6743742472640991,0.05,51.36248399644833
Vindhya Telelinks Limited,VINDHYATEL.NS,2577.300048828125,-0.015170023374808994,HOLD,0.47580286701203,Neutral,0.6305732484076433,0.5885350318471337,Global 10d,8.7,3.6387572960809136,0.03643386795160142,0.00880764782594734,16.47627237894287,,51.300490727692114
Bannari Amman Spinning Mills Limited,BASML.NS,22.540000915527344,-0.005295628097652938,HOLD,0.5210836145587227,Neutral,0.6360153256704981,0.6066411238825031,Global 10d,8.1,3.896268450624727,0.03510845865080525,0.15097289635523903,0.12200792574157715,,51.297930109457816
NACL Industries Limited,NACLIND.NS,130.2899932861328,-0.0009202543716470002,HOLD,0.5209440663368571,Neutral,0.5881006864988558,0.562929061784897,Global 10d,8.1,15.688127470967402,0.02108146429607749,0.4007215396750201,6.960662807447052,0.05,51.29233300646008
AXISCADES Technologies Limited,AXISCADES.NS,2307.300048828125,0.03410725139908699,HOLD,0.4815900352754468,Neutral,0.5874035989717223,0.5025706940874036,Global 10d,9.1,2.0,0.41987695312499995,,34.75425713132324,0.05,51.279501763772345
Kalyan Jewellers India Limited,KALYANKJIL.NS,556.8499755859375,0.053642337910950744,HOLD,0.48565300651173615,Neutral,0.6055776892430279,0.5856573705179282,Global 10d,6.8,2.95529413554528,0.0004421210926155439,0.1374081062921566,342.6924080155304,,51.22800240485391
Central Depository Services (India) Limited,CDSL.NS,1250.0,0.006036217303822866,HOLD,0.4962169246039738,Neutral,0.6784037558685446,0.6244131455399061,Global 10d,5.9,2.0,0.06089341297719453,0.006261128144296357,142.26767165,,51.208159505735395
Dhunseri Tea & Industries Limited,DTIL.NS,158.57000732421875,0.041784379014629724,HOLD,0.48129985849301393,Neutral,0.6623376623376623,0.6307977736549165,Global 10d,8.1,5.7369721238002365,0.017674818013151405,0.026449682051731482,0.05927143215942383,,51.15768707768412
Infosys Limited,INFY.NS,1020.5,-0.01400966183574881,HOLD,0.5037164300553775,Neutral,0.5191815856777494,0.5051150895140665,Global 10d,6.3,3.707611564336636,0.006509493467811822,0.13277804997550224,947.1356570577209,,51.147566866937055
Credo Brands Marketing Limited,MUFTI.NS,70.23999786376953,-0.028626742701061136,HOLD,0.5049368475860755,Neutral,0.7166666666666667,0.7,Global 10d,7.1,4.7284645862222,0.0019971382695553874,0.2345574678736042,0.414744273777771,,51.13039034242047
Vineet Laboratories Limited,VINEETLAB.NS,35.90999984741211,-0.033638320913153885,HOLD,0.4842095261743027,Neutral,0.6680497925311203,0.6348547717842323,Global 10d,8.1,5.529304979472004,0.02570698569058072,0.016429968117374072,0.22760776033191682,0.05,51.114540901976895
BEML Limited,BEML.NS,1962.300048828125,-0.015107395712258831,HOLD,0.47329219218494417,Neutral,0.5719745222929936,0.5070063694267516,Global 10d,7.2,2.0,0.060356681425455694,0.03067540164496463,46.453670848535154,,51.11323005223187
Rupa & Company Limited,RUPA.NS,130.5800018310547,0.0004596809426125059,HOLD,0.5073253881523937,Neutral,0.671071953010279,0.6563876651982379,Global 10d,6.7,5.292225427622222,0.004461552546574543,0.23652804278667072,1.4524443,,51.10272491963688
Websol Energy System Limited,WEBELSOLAR.NS,68.05999755859375,-0.009315857613947265,HOLD,0.5391815886176848,Neutral,0.5524652338811631,0.515802781289507,Global 10d,7.8,4.988780889460016,0.35486292793626917,0.28139240380325714,12.302311650422286,,51.05802591213161
Triveni Turbine Limited,TRITURBINE.NS,530.0,-0.0174268149584782,HOLD,0.5036758801932056,Neutral,0.5953757225433526,0.5563583815028902,Global 10d,6.0,2.2522729111810107,0.03636630269993302,0.04125021137464402,21.7474752255249,,51.057627367700306
Vishnu Prakash R Punglia Limited,VPRPL.NS,28.389999389648438,-0.0415260437115097,HOLD,0.5109135533263244,Neutral,0.656934306569343,0.6204379562043796,Global 10d,10.0,3.6075286969085756,0.13378587666279818,0.3737231714848215,1.645148506975174,0.02,51.05618895767314
Nath Bio-Genes (India) Limited,NATHBIOGEN.NS,137.74000549316406,-0.03550166061272786,HOLD,0.48510610764782114,Neutral,0.6910016977928692,0.66723259762309,Global 10d,6.4,4.310194176404892,0.026252319978985916,0.13125774719352146,0.1317560385749817,,51.028656426411935
Sunteck Realty Limited,SUNTECK.NS,279.45001220703125,0.007390116638978261,HOLD,0.4929039064363881,Neutral,0.6038216560509554,0.5770700636942675,Global 10d,6.8,3.6557632943960385,0.03432647372119613,0.1389970021851452,2.9519788034606935,,51.02527454856834
Shiva Texyarn Limited,SHIVATEX.NS,172.60000610351562,0.03433817435126141,SELL,0.4341087590452523,Sell,0.6416558861578266,0.5860284605433377,Global 10d,7.4,2.000000000000002,0.0007263899740355129,0.013128852198504903,0.0589375553527832,,51.024481774498874
United Spirits Limited,UNITDSPR.NS,1335.0999755859375,-0.013958659094580828,HOLD,0.5176503849777396,Neutral,0.5518565941101152,0.5083226632522407,Global 10d,4.5,1.8913167004892766,0.05914145066356924,0.06207793475015655,60.60628,,51.01162669985691
Venus Pipes & Tubes Limited,VENUSPIPES.NS,2204.89990234375,0.026919939480508415,HOLD,0.47335860534000007,Neutral,0.6071428571428571,0.5153061224489797,Global 10d,9.0,2.0,0.4443005503894779,,42.35698115643311,,51.00126360033334
Agri-Tech (India) Limited,AGRITECH.NS,89.95999908447266,-0.013271899843964374,HOLD,0.5275140294697631,Neutral,0.7585034013605442,0.7227891156462585,Global 10d,7.8,2.7252368855726856,,0.20097823493836997,0.024779253274917604,,50.98902754882903
Voltamp Transformers Limited,VOLTAMP.NS,10561.0,0.012948398235181235,HOLD,0.4799891774728596,Neutral,0.5480153649167734,0.5057618437900129,Global 10d,5.6,2.127724099447448,0.02943756701432898,0.0022725120727202786,16.46646885,,50.988032892609795
Asian Paints Limited,ASIANPAINT.NS,2366.0,-0.017033651848774367,HOLD,0.5187552749543344,Neutral,0.5173745173745173,0.546975546975547,Global 10d,4.7,3.2258214427850347,0.00043071816389828044,0.08190671626371282,131.34809439107667,,50.97212655209101
Dredging Corporation of India Limited,DREDGECORP.NS,895.2000122070312,-0.02716800659460905,HOLD,0.5481419722893629,Neutral,0.5575447570332481,0.5281329923273657,Global 10d,6.7,2.000000000000002,0.003025223761379481,0.06613048637150842,7.4616598,,50.93314800883532
Max Healthcare Institute Limited,MAXHEALTH.NS,917.0,-0.02545301227092356,HOLD,0.5389367859262165,Neutral,0.6330935251798561,0.6258992805755396,Global 10d,5.9,6.221110152024387,0.01730862087846985,0.13642309224202553,258.28758231260986,,50.91392054817138
Prestige Estates Projects Limited,PRESTIGE.NS,1445.0,-0.02765626556835965,HOLD,0.5088211036851661,Neutral,0.5628342245989305,0.5093582887700534,Global 10d,6.6,1.5786396074034483,0.02547727275286804,0.04691730491906276,77.93576891348877,,50.9044146627665
Dynamic Cables Limited,DYCL.NS,428.0,-0.020931016868894314,HOLD,0.49003864923790136,Neutral,0.5614973262032086,0.5240641711229946,Global 10d,9.2,3.2137795092145645,0.02724110469166474,0.10086804464820864,19.180657084054566,,50.88380504674036
Aeroflex Enterprises Limited,AEROENTER.NS,121.93000030517578,-0.016693545926001807,HOLD,0.45917636726959393,Neutral,0.6091954022988506,0.5114942528735632,Global 10d,8.8,1.8104594747836475,0.060566310047671434,0.11192619087350919,6.781705145828247,,50.87910195860622
MT Educare Limited,MTEDUCARE.NS,1.6699999570846558,-0.02906980854295338,HOLD,0.5056822123108003,Neutral,0.6433878157503715,0.6077265973254087,Global 10d,8.9,4.261577143378476,0.03726704487356014,0.1736527476135834,0.00632638017745018,0.05,50.87105352293038
Tech Mahindra Limited,TECHM.NS,1535.9000244140625,0.00189173151602251,HOLD,0.49272607915691263,Neutral,0.5275288092189501,0.5198463508322664,Global 10d,4.8,5.009827640404837,0.008327123585075258,0.008367932133727995,254.5234313,,50.86571761896924
Vital Chemtech Limited,VITAL.NS,53.459999084472656,-0.008163310370130406,SELL,0.44113701044397624,Sell,0.7109826589595376,0.653179190751445,Global 10d,8.7,2.8091876175465416,0.056521752897172206,0.06977178462615607,0.027931064278793334,0.02,50.85704514554662
Blue Coast Hotels Limited,BLUECOAST.NS,22.0,-0.0031717125415563485,HOLD,0.5045753876979461,Neutral,0.6893491124260355,0.6316568047337279,Global 10d,9.5,2.27531304172131,0.18470653535507497,0.2272727272727273,0.0021544180053710937,0.05,50.82919516431648
Texmo Pipes and Products Limited,TEXMOPIPES.NS,50.369998931884766,-0.062011206401189733,HOLD,0.4979991755013424,Neutral,0.6308290155440415,0.5867875647668394,Global 10d,9.5,2.388091371613343,0.08322578348139276,0.0022500428462384203,1.4998730646680831,,50.808762861272584
Torrent Power Limited,TORNTPOWER.NS,1234.199951171875,-0.0069998174199803476,HOLD,0.4872398183105351,Neutral,0.5646606914212549,0.530089628681178,Global 10d,5.2,2.1824354989336454,0.022594347678255522,0.05889225192734027,21.531405869848633,,50.804793518278665
The Ruby Mills Limited,RUBYMILLS.NS,499.6499938964844,-0.0002001122631628549,HOLD,0.4774892503211055,Neutral,0.5843989769820972,0.5076726342710998,Global 10d,8.7,2.0,0.3504512306220078,,1.3199589251464843,,50.78938152713796
SBFC Finance Limited,SBFC.NS,84.19000244140625,-0.015091259532837964,HOLD,0.5125876431659625,Neutral,0.6014492753623188,0.5942028985507246,Global 10d,5.7,3.422973043746151,0.005133718889791972,0.14384126908753214,6.922798295550537,,50.78928077779562
Voltas Limited,VOLTAS.NS,1053.199951171875,-0.015700980213200988,HOLD,0.5303386588815643,Neutral,0.5242346938775511,0.5051020408163265,Global 10d,6.2,7.708253712810081,,0.33828953197715106,66.36305674844971,,50.766762876051025
Healthcare Global Enterprises Limited,HCG.NS,668.75,0.004053768120284795,HOLD,0.4865630543671438,Neutral,0.5362318840579711,0.5113871635610766,Global 10d,6.6,3.0054047303303197,0.030788803963524458,0.009345794392523255,7.084505637451172,,50.7635058786498
Kshitij Polyline Limited,KSHITIJPOL.NS,3.940000057220459,-0.048309134230700934,SELL,0.3828328581073818,Sell,0.7114285714285714,0.6114285714285714,Global 10d,10.0,2.0704231476931088,0.10674160689570833,0.15989850388107918,0.9706755159741163,0.05,50.761933584656504
Ruchi Infrastructure Limited,RUCHINFRA.NS,4.840000152587891,-0.014256557433726447,HOLD,0.5272293193648019,Neutral,0.699238578680203,0.6522842639593909,Global 10d,8.5,2.3519997614542403,0.19506170978961945,0.26033051907466787,0.0362555030582428,,50.76019192347998
DCB Bank Limited,DCBBANK.NS,199.7100067138672,-0.018816874808880946,HOLD,0.497701577762363,Neutral,0.5642673521850899,0.532133676092545,Global 10d,5.6,1.9999999999999971,0.08097432592079667,0.019702054167316296,19.917535615289307,,50.755934800297126
Latteys Industries Limited,LATTEYS.NS,20.90999984741211,0.0,HOLD,0.4771871877697806,Neutral,0.6746268656716418,0.6298507462686567,Global 10d,8.4,2.662053790025892,0.032082902822659465,0.09564801600166084,0.08823720083932876,0.05,50.75282760102453
Bombay Dyeing & Mfg Company Limited,BOMDYEING.NS,101.54000091552734,-0.010620640817120552,HOLD,0.5347149999536832,Neutral,0.5705128205128205,0.5602564102564103,Global 10d,6.8,4.763766330564066,0.10740682878973962,0.20051211765587196,4.121424396286392,,50.744314364761195
Vraj Iron and Steel Limited,VRAJ.NS,121.76000213623047,-0.016875222960356706,HOLD,0.48260579496059014,Neutral,0.711340206185567,0.6907216494845361,Global 10d,6.5,3.05636069919179,0.016106174244981508,0.06348557179134184,0.20018891304969788,,50.7436325215803
Foseco India Limited,FOSECOIND.NS,6300.5,-0.012847630238934538,HOLD,0.4526434212148945,Neutral,0.6043533930857875,0.5390524967989756,Global 10d,7.5,2.0,0.1984972417728743,0.04436155860645985,8.41415445,,50.73581121259481
Sadhana Nitrochem Limited,SADHNANIQ.NS,2.4700000286102295,-0.023715392671163626,HOLD,0.5338046469978808,Neutral,0.5844155844155844,0.5324675324675325,Global 10d,8.9,2.460755474669867,0.0692641081359362,0.02024289544013369,0.4171749692254782,0.02,50.713636741397664
Trent Limited,TRENT.NS,2580.0,0.0,HOLD,0.5195680494394956,Neutral,0.5576923076923077,0.532051282051282,Global 10d,6.2,3.442682605193617,0.06329730343775508,0.10921362397878909,180.87061296087646,,50.70802779106623
Lumax Auto Technologies Limited,LUMAXTECH.NS,1978.9000244140625,-0.04709391296639864,HOLD,0.4952574274855575,Neutral,0.5522959183673469,0.514030612244898,Global 10d,6.9,2.599443309795699,0.0449913267355071,0.0662489130165913,24.0331035,,50.684841591834605
Century Plyboards (India) Limited,CENTURYPLY.NS,666.4500122070312,-0.02258555977166754,HOLD,0.5066058107800091,Neutral,0.5743589743589743,0.5448717948717949,Global 10d,5.6,4.520716303805397,0.07897634447955437,0.2193059624216469,3.778571634210205,,50.64552624149539
Valiant Organics Limited,VALIANTORG.NS,475.6499938964844,-0.0031436655542018688,HOLD,0.47956435717820606,Neutral,0.6389891696750902,0.555956678700361,Global 10d,9.5,2.0,0.6615142037721335,,3.029591592114258,0.05,50.64488452557696
Manaksia Aluminium Company Limited,MANAKALUCO.NS,33.7599983215332,-0.01631705647641568,HOLD,0.498547681134801,Neutral,0.6179775280898876,0.5823970037453183,Global 10d,8.0,3.740055614751626,0.051503631743294864,0.20097574442516009,0.15446258006744384,0.05,50.626409428801914
Max Financial Services Limited,MFSL.NS,1392.0,0.013543013874543153,HOLD,0.5004561963290918,Neutral,0.5537084398976982,0.5076726342710998,Global 10d,7.6,2.414712043764327,,0.1529454198376885,117.82847505,,50.62003348569018
Embassy Developments Limited,EMBDL.NS,56.04999923706055,-0.0014252953773794541,HOLD,0.5116915626411112,Neutral,0.6147959183673469,0.5778061224489797,Global 10d,9.6,2.6600006097158366,0.009455193554923857,0.20338986050050045,13.054203598143387,0.2,50.61622458665644
Oswal Greentech Limited,OSWALGREEN.NS,19.280000686645508,-0.05118105432076425,HOLD,0.5021839073468456,Neutral,0.6777493606138107,0.6445012787723785,Global 10d,8.4,4.399869426538289,0.03935317949374961,0.1877592740124847,0.2001958151298523,,50.60306069900245
Sampann Utpadan India Limited,SAMPANN.NS,24.010000228881836,-0.006619770248533774,HOLD,0.4974719134268744,Neutral,0.6586102719033232,0.6178247734138973,Global 10d,7.9,2.2579022487223086,0.010947378058182577,0.1870054030952113,0.03562020122833252,,50.59633043167036
PDS Limited,PDSL.NS,347.54998779296875,-0.013482827603137348,HOLD,0.47674708823429485,Neutral,0.6123188405797102,0.5905797101449275,Global 10d,6.5,4.543505190890318,0.017928475922496467,0.1023408341913774,3.1783571934875487,,50.59416799288985
Sree Rayalaseema Hi-Strength Hypo Limited,SRHHYPOLTD.NS,537.2999877929688,-0.01158938203810278,HOLD,0.46903033998191396,Neutral,0.6653846153846154,0.6051282051282052,Global 10d,9.0,2.7180253135497607,0.07441813001198838,0.01659353824278509,1.249839,,50.575745026931
Maral Overseas Limited,MARALOVER.NS,57.70000076293945,-0.043276414374406436,HOLD,0.4781149715258776,Neutral,0.6411238825031929,0.5913154533844189,Global 10d,9.0,3.221302436064927,0.06851853264702701,0.02894277550890334,0.11953721974525451,0.05,50.55229924079367
Asahi India Glass Limited,ASAHIINDIA.NS,944.25,-0.015226548425383957,HOLD,0.4813568037725739,Neutral,0.5300127713920817,0.5057471264367817,Global 10d,5.3,2.686556622249471,0.02635869565217397,0.0024253515189534003,13.9941627,,50.543355653704154
Supreme Infrastructure India Limited,SUPREMEINF.NS,66.94000244140625,-0.09418131178299571,HOLD,0.5320104523098562,Neutral,0.5637065637065637,0.5225225225225225,Global 10d,9.4,2.497348035870359,0.15195322213577356,0.30650578530105,0.26717875412063596,0.05,50.52202446265204
Adani Total Gas Limited,ATGL.NS,583.0499877929688,-0.01826912977785833,HOLD,0.4861888704321733,Neutral,0.6795580110497238,0.6325966850828729,Global 10d,7.5,2.0,0.011537062972310386,0.06471696229515222,36.449831953497316,,50.51782862373144
Munjal Auto Industries Limited,MUNJALAU.NS,105.55999755859375,0.014317265956940606,HOLD,0.47823277753395893,Neutral,0.6064102564102564,0.5358974358974359,Global 10d,8.0,2.000000000000002,0.07602945304261821,0.07984825600780554,3.069653091417694,,50.50430169337338
Roto Pumps Limited,ROTO.NS,62.2599983215332,-0.006383682203207397,HOLD,0.48761511402447394,Neutral,0.655,0.635,Global 10d,6.7,5.3484233424851215,0.017089553279186154,0.024831394572961463,2.107129147665024,,50.499039205284745
Sadbhav Infrastructure Project Limited,SADBHIN.NS,2.619999885559082,0.0076923006385032355,HOLD,0.4858106916081768,Neutral,0.7115009746588694,0.6549707602339181,Global 10d,8.5,1.7111124503763593,0.0025510180808263616,0.12595426585456315,0.027648793630743025,0.05,50.498436532842845
Tracxn Technologies Limited,TRACXN.NS,31.709999084472656,-0.03646310448202006,HOLD,0.48110186562275,Neutral,0.7159090909090909,0.6818181818181819,Global 10d,9.0,5.1933367529766565,0.01895881199641347,0.03437402031088754,0.6479115927257538,,50.48924298746709
Bharat Gears Limited,BHARATGEAR.NS,99.63999938964844,-0.017647647738752936,HOLD,0.501295398733416,Neutral,0.6202046035805626,0.6138107416879796,Global 10d,5.3,6.302720066679122,0.005956550426175378,0.06864716990349318,0.11894319287872314,0.05,50.483160794520074
Aavas Financiers Limited,AAVAS.NS,1190.9000244140625,-0.017328162040555428,HOLD,0.510065095947441,Neutral,0.6363636363636364,0.6225895316804408,Global 10d,6.4,5.2670000882991,0.1230667644242176,0.2552691189586396,10.016896700390625,,50.4547780354444
Tube Investments of India Limited,TIINDIA.NS,2320.0,-0.008547008547008517,HOLD,0.541065148549105,Neutral,0.6310679611650486,0.6116504854368932,Global 10d,5.5,3.551852329578406,0.07313537895157052,0.14405341174902064,50.619920807556156,,50.42247293812632
Siemens Limited,SIEMENS.NS,3701.10009765625,-0.027050447514129883,HOLD,0.4902259275919185,Neutral,0.5370843989769821,0.5076726342710998,Global 10d,4.8,2.0000000000000036,0.005078263037264774,0.030130157451772055,83.28443156673583,,50.41670116160501
TVS Motor Company Limited,TVSMOTOR.NS,4031.0,0.0024869435463814593,HOLD,0.5042377412756631,Neutral,0.48531289910600256,0.5823754789272031,Global 10d,4.2,9.156294633748173,0.007246376811594235,0.11132473331679482,251.09936641113282,,50.40174213624692
Bajaj Finserv Limited,BAJAJFINSV.NS,1751.4000244140625,0.010850772880662829,HOLD,0.515129084124008,Neutral,0.47570332480818417,0.5434782608695652,Global 10d,4.7,3.050222857271307,0.0056847685409489035,0.03240670063596429,135.22617668609618,,50.396763232295896
Rossari Biotech Limited,ROSSARI.NS,430.8999938964844,0.007835355395069632,HOLD,0.5145941633037876,Neutral,0.7282229965156795,0.7108013937282229,Global 10d,6.7,5.324614391331249,0.15017501578692705,0.2530750054657558,2.352752917184448,,50.3798583884457
PTC India Financial Services Limited,PFS.NS,28.809999465942383,-0.009284747540304061,HOLD,0.48708498419189494,Neutral,0.667590027700831,0.6149584487534626,Global 10d,7.5,2.2418130555644593,0.05261229749926888,0.12270044821038595,1.3669718725387574,,50.35043330071176
Shekhawati Industries Limited,SHEKHAWATI.NS,30.100000381469727,-0.04987373448503152,HOLD,0.46278887657068385,Neutral,0.6294277929155313,0.5245231607629428,Global 10d,9.1,2.0,0.627907017526667,,0.11853048374633789,0.05,50.3394438285342
The Jammu & Kashmir Bank Limited,J&KBANK.NS,139.97999572753906,0.009592512727030211,HOLD,0.502047890443491,Neutral,0.5778443113772455,0.5464071856287425,Global 10d,5.3,1.9999999999999951,0.10989527972661461,0.03586229765453064,20.79919833074341,,50.33148423416849
Balaji Amines Limited,BALAMINES.NS,1957.800048828125,-0.04599936877000921,HOLD,0.5360267449373262,Neutral,0.639030612244898,0.6160714285714286,Global 10d,7.7,3.486560772398488,0.043766318748735156,0.16289731801984986,35.82721831907959,,50.32532592574518
UFO Moviez India Limited,UFO.NS,56.4900016784668,-0.028045376520537846,HOLD,0.5289119891955941,Neutral,0.6891385767790262,0.6685393258426966,Global 10d,6.6,4.357287738127633,0.05097677541333567,0.23207641009243662,0.17532001112747192,,50.30548737119527
Polycab India Limited,POLYCAB.NS,8080.0,0.01126408010012514,HOLD,0.5225235354021875,Neutral,0.4782608695652174,0.591304347826087,Global 10d,4.2,2.787756673576253,0.08949049549710741,0.07435783966891751,235.4331169,,50.30133527998701
TRF Limited,TRF.NS,194.02000427246094,0.008786993320422098,BUY,0.5503502007328535,Neutral,0.6424936386768448,0.6208651399491094,Global 10d,7.8,3.570943636549397,,0.2266776350843609,0.2631799227401733,,50.25796805190986
Aro Granite Industries Limited,AROGRANITE.NS,22.350000381469727,-0.03994846553888942,HOLD,0.5133169003825625,Neutral,0.6610608020698577,0.6183699870633894,Global 10d,8.8,2.8522326670033378,0.06428573245093938,0.18568230638470218,0.008003340134620666,,50.23051483894478
Kovai Medical Center & Hospital Limited,KOVAI.NS,5993.5,-0.002247378058931271,HOLD,0.4746476032968618,Neutral,0.5515873015873016,0.5079365079365079,Global 10d,4.4,2.0,0.05213651016872123,0.0073415652420247834,2.37020495,,50.2015069815541
Swiggy Limited,SWIGGY.NS,238.8000030517578,0.003361357360326833,HOLD,0.5448785102250512,Neutral,0.5875,0.5625,Global 10d,7.7,2.4068009707401483,0.01068670620917267,0.13546897165539384,354.73213014178924,,50.19989503667217
Aarvi Encon Limited,AARVI.NS,137.1199951171875,0.0021193691606529175,HOLD,0.49514264184479617,Neutral,0.6601466992665037,0.6332518337408313,Global 10d,4.6,2.0,0.006538255894289247,0.03670002713169973,0.1103144145767212,,50.19047928158622
Maan Aluminium Limited,MAANALU.NS,99.33999633789062,-0.008285932377225524,HOLD,0.5132231855144868,Neutral,0.6422976501305483,0.6161879895561357,Global 10d,7.3,4.3117504269898985,,0.2880008220761232,0.6651766495056153,,50.18857441932747
Gabriel India Limited,GABRIEL.NS,1315.0,-0.019973206031353996,HOLD,0.5073678883415002,Neutral,0.5616966580976864,0.5282776349614395,Global 10d,9.1,3.5460890131768776,0.03690273665826882,0.0059839150911511485,27.943580537109376,,50.155444951766576
Tata Investment Corporation Limited,TATAINVEST.NS,615.0499877929688,-0.008063865976027484,HOLD,0.4576420412101663,Neutral,0.6074168797953964,0.5562659846547315,Global 10d,9.6,2.9322935139566604,0.04881156728748581,0.15044772069117118,31.81482831593628,,50.136052716186384
Tata Teleservices (Maharashtra) Limited,TTML.NS,34.33000183105469,-0.014072310972546243,HOLD,0.49222732876109404,Neutral,0.70595690747782,0.6818757921419518,Global 10d,8.0,2.9025534378170863,0.09961571384051493,0.17972612408555055,5.915202357560348,,50.12516115037549
Tata Communications Limited,TATACOMM.NS,1683.0,0.016181650536314818,HOLD,0.4736909124198652,Neutral,0.587708066581306,0.5518565941101152,Global 10d,5.8,1.999999999999997,0.0017857142857142794,0.006886857776716937,32.27021085,,50.11348516736237
BPL Limited,BPL.NS,45.290000915527344,-0.0065803736796766765,HOLD,0.4879559839942149,Neutral,0.669620253164557,0.6367088607594937,Global 10d,7.6,4.1697129982436945,0.20420101516993805,0.27511589385287105,0.17372361863059999,,50.09961684587842
RattanIndia Enterprises Limited,RTNINDIA.NS,25.31999969482422,-0.028396001008567318,HOLD,0.5240493991109568,Neutral,0.6696696696696697,0.6531531531531531,Global 10d,8.2,4.644681082015742,0.0085639989909021,0.3337283121953101,3.80800441618042,,50.08929916035932
ZF Commercial Vehicle Control Systems India Limited,ZFCVINDIA.NS,2201.300048828125,-0.0177152838785698,HOLD,0.5379825669998214,Neutral,0.5539845758354756,0.557840616966581,Global 10d,4.9,5.209713432718392,0.021517432221333177,0.13523824311472543,21.715198351391603,,50.08532093339108
Crompton Greaves Consumer Electricals Limited,CROMPTON.NS,211.5,0.04341392789465526,HOLD,0.5153526309428265,Neutral,0.6958333333333333,0.6791666666666667,Global 10d,5.7,6.646802307886679,,0.2387662991749786,52.32084289366684,,50.06763154714131
Kridhan Infra Limited,KRIDHANINF.NS,1.850000023841858,-0.01595743163077734,HOLD,0.49595981558689656,Neutral,0.6764705882352942,0.6509803921568628,Global 10d,8.1,30.173240827401003,0.02209949299826519,0.7999999355625471,0.01067244702821374,0.05,50.046411157416124
Nelcast Limited,NELCAST.NS,121.43000030517578,0.0033049783517582476,HOLD,0.5057906706166931,Neutral,0.632051282051282,0.5692307692307692,Global 10d,8.1,1.9633552671515397,0.07044007710358136,0.05573111915366136,0.9385493882751464,,50.02512088943683
TVS Supply Chain Solutions Limited,TVSSCS.NS,127.2699966430664,-0.008955003443980702,HOLD,0.4825056485024854,Neutral,0.5401459854014599,0.5036496350364963,Global 10d,6.1,2.3726436546352874,0.03555732353890417,0.0018072080066022789,6.7995318896774295,,50.018432678759076
Bhagyanagar India Limited,BHAGYANGR.NS,402.6499938964844,-0.020673720360409487,HOLD,0.49994399261444994,Neutral,0.5751633986928104,0.5294117647058824,Global 10d,8.2,2.0,0.10755056365393667,0.015770535700413202,5.957482901776123,0.05,50.00859121783641
Hero MotoCorp Limited,HEROMOTOCO.NS,5168.0,-0.013928639572600598,HOLD,0.49165232772475737,Neutral,0.5095785440613027,0.5044699872286079,Global 10d,4.9,3.1198467782979713,0.009029890732314083,0.043379398175524386,275.2002855,,49.982513789487996
Time Technoplast Limited,TIMETECHNO.NS,178.7100067138672,-0.005398408289476797,HOLD,0.49989250239678706,Neutral,0.528957528957529,0.5006435006435006,Global 10d,5.3,2.0,0.004991756598524688,0.03604184813572897,42.99471036973114,,49.965417120123774
Oracle Financial Services Software Limited,OFSS.NS,10470.0,0.004798464491362786,HOLD,0.5041229766647438,Neutral,0.5578144853875476,0.5082592121982211,Global 10d,7.1,2.087381199594489,0.0536379188890006,0.010936007640878653,199.2668295,,49.96307707812738
Amara Raja Energy & Mobility Limited,ARE&M.NS,741.5999755859375,-0.007760300560161304,HOLD,0.5310446730820395,Neutral,0.5782051282051283,0.5948717948717949,Global 10d,5.2,5.088075280051839,0.1134988715964742,0.17620368647969142,31.086232847735594,,49.94726750620775
Aditya Birla Money Limited,BIRLAMONEY.NS,112.81999969482422,-0.017076137875218222,HOLD,0.512495468899082,Neutral,0.6195372750642674,0.5989717223650386,Global 10d,6.7,4.507204859998364,0.18757894415604448,0.2267327980043743,0.3074305697654724,,49.93879329507996
Walchandnagar Industries Limited,WALCHANNAG.NS,196.0800018310547,-0.02077508763478031,HOLD,0.5227695754517848,Neutral,0.5989847715736041,0.5482233502538071,Global 10d,8.2,1.6916562217037767,0.019338746147326225,0.040391667151091104,9.219250092910766,,49.928365471711686
One Point One Solutions Limited,ONEPOINT.NS,78.33000183105469,0.05324726285094372,HOLD,0.5002161756475313,Neutral,0.6535626535626535,0.5896805896805897,Global 10d,7.8,2.0,0.46274515307265496,,24.37839677697029,,49.914658086225856
Reliable Data Services Limited,RELIABLE.NS,140.72999572753906,-0.02460495620871328,HOLD,0.4807112162955158,Neutral,0.5679012345679012,0.545679012345679,Global 10d,6.8,3.985411992493821,0.026104990834484587,0.019309372341685282,0.2758172356742859,,49.89990872441168
Narayana Hrudayalaya Ltd.,NH.NS,1741.4000244140625,-0.027911130578640142,HOLD,0.5203017103766922,Neutral,0.5290581162324649,0.503006012024048,Global 10d,5.6,2.0,0.006899966203583352,0.053138381227928244,33.929841521850584,,49.87728077233673
Dam Capital Advisors Limited,DAMCAPITAL.NS,146.55999755859375,-0.029917952195390063,HOLD,0.4705483140300631,Neutral,0.7066666666666667,0.64,Global 10d,9.5,1.8083142543162878,0.02453047335677061,0.052121803398189614,2.702211422897339,,49.87084905897641
G R Infraprojects Limited,GRINFRA.NS,790.2000122070312,-0.012990211961091847,HOLD,0.48831413951863284,Neutral,0.7405857740585774,0.7280334728033473,Global 10d,6.4,3.1024095321359653,0.006624219372014295,0.15793468218812334,1.5849831844848632,,49.85696583683809
Poonawalla Fincorp Limited,POONAWALLA.NS,433.3999938964844,-0.023544017265585193,HOLD,0.5098804796469038,Neutral,0.5937904269081501,0.55627425614489,Global 10d,7.4,1.9999999999999976,0.006444107742198835,0.0805260599630282,37.34443970446472,,49.85642525916195
Asian Energy Services Limited,ASIANENE.NS,458.6499938964844,-0.01735405699735537,HOLD,0.47327236017701796,Neutral,0.555045871559633,0.5275229357798166,Global 10d,8.6,2.9623601320047945,0.004507380620549339,0.2302821138630171,12.631651511811828,,49.84712586595924
Bharat Petroleum Corporation Limited,BPCL.NS,296.95001220703125,-0.012142361351873854,HOLD,0.49531064359242416,Neutral,0.5626598465473146,0.5038363171355499,Global 10d,5.3,1.5160983887777029,0.06653500566480997,0.05068188979388233,130.16326886642761,,49.84454610703452
Signpost India Limited,SIGNPOST.NS,259.3999938964844,-0.009923687417998539,HOLD,0.47798535929954206,Neutral,0.5929203539823009,0.5486725663716814,Global 10d,7.6,2.0,0.0906944450653715,0.019680944919329146,1.3484873848251342,,49.84038151567084
Nagreeka Exports Limited,NAGREEKEXP.NS,21.290000915527344,-0.018894001520605053,HOLD,0.46174353224813736,Neutral,0.6994884910485933,0.632992327365729,Global 10d,9.8,2.0,0.028502421779819764,0.17426016556752977,0.03718349742412567,,49.84020256630315
CG Power and Industrial Solutions Limited,CGPOWER.NS,882.2999877929688,0.003754252324196461,HOLD,0.48517583065011083,Neutral,0.5317258883248731,0.5050761421319797,Global 10d,5.9,2.5624063927907765,0.025691670858310145,0.00510030608892631,201.01712546766356,,49.83545778976695
UltraTech Cement Limited,ULTRACEMCO.NS,10710.0,-0.022453450164293565,HOLD,0.5075817271999,Neutral,0.5051150895140665,0.5089514066496164,Global 10d,4.4,5.423072886658827,0.013684040439798872,0.09995709617599302,320.416496,,49.819449993676756
Cholamandalam Financial Holdings Limited,CHOLAHLDNG.NS,1369.5999755859375,-0.011975166765735401,HOLD,0.5095445096483745,Neutral,0.5644329896907216,0.5322164948453608,Global 10d,5.8,2.4061255483669224,0.05033036790869283,0.12675232088235733,21.800051881762695,,49.7933248908085
Seya Industries Limited,SEYAIND.NS,13.1899995803833,-0.019330872309955893,HOLD,0.4676982407085351,Neutral,0.6568047337278107,0.606508875739645,Global 10d,7.3,2.237878376309085,0.042687745307281366,0.013646725618057243,0.011660193210697174,0.02,49.78456589227659
Control Print Limited,CONTROLPR.NS,618.0,0.017535234777589226,HOLD,0.49009187496269685,Neutral,0.6282051282051282,0.608974358974359,Global 10d,6.1,2.882475007934223,0.028033024950810503,0.09262043781301177,1.413336730847168,,49.704659232121685
Harrisons  Malayalam Limited,HARRMALAYA.NS,179.6699981689453,0.0030145328611255184,HOLD,0.5011545936711462,Neutral,0.5912596401028277,0.5475578406169666,Global 10d,6.4,1.789815742979718,0.14068943452000848,0.1075861414150987,0.15478570342254638,,49.701390977300655
Take Solutions Limited,TAKE.NS,12.649999618530273,-0.049586835483017344,HOLD,0.5215495559488346,Neutral,0.6005121638924455,0.5749039692701665,Global 10d,10.0,5.100512211258778,0.010383319170407024,0.5343873859869128,0.3780397329035759,0.05,49.70077751523096
NDL Ventures Limited,NDLVENTURE.NS,125.23999786376953,0.01040742999022437,HOLD,0.47867952209960274,Neutral,0.6144890038809832,0.5795601552393272,Global 10d,6.1,2.558595552311274,0.046971194093096136,0.04579851063723428,0.11175165009384155,0.05,49.69492202227955
CREDITACCESS GRAMEEN LIMITED,CREDITACC.NS,1239.0,-0.02594339622641506,HOLD,0.5343762626089735,Neutral,0.5267379679144385,0.5026737967914439,Global 10d,5.9,2.000000000000004,0.007098718658626435,0.04761904761904767,20.197305425048828,,49.66911867846704
Silver Touch Technologies Limited,SILVERTUC.NS,138.67999267578125,-0.012883569980861598,HOLD,0.5427197207411588,Neutral,0.5911330049261084,0.5443349753694582,Global 10d,9.4,2.0,0.1457166574039752,0.0731818216373592,6.178707891772461,0.05,49.663993704101244
Sangam (India) Limited,SANGAMIND.NS,634.5499877929688,0.01220284428295626,HOLD,0.48678369747542666,Neutral,0.5544174135723432,0.5134443021766966,Global 10d,6.1,2.0,0.15074579832281576,0.008588783093333552,1.12673386428833,,49.66008877299852
Mrs. Bectors Food Specialities Limited,BECTORFOOD.NS,213.02999877929688,0.030424654730604628,HOLD,0.4797424383783979,Neutral,0.6578947368421053,0.631578947368421,Global 10d,7.7,3.5866261702797972,0.02661967431493273,0.027947570852265624,21.9038125,,49.63626038038768
Krishna Institute of Medical Sciences Limited,KIMS.NS,736.25,-0.01359863890951829,HOLD,0.5111429871388792,Neutral,0.5462184873949579,0.5420168067226891,Global 10d,5.4,4.897187368872507,0.014957230797864263,0.008896418054965993,27.00411294506836,,49.619110548504665
Consolidated Finvest & Holdings Limited,CONSOFINVT.NS,279.6000061035156,-0.0486559649198407,HOLD,0.49640934923691665,Neutral,0.5935897435897436,0.5602564102564103,Global 10d,7.2,2.120471386082989,0.08041083585059305,0.13894877702640906,0.17200406695251466,0.05,49.59763736949264
Motherson Sumi Wiring India Limited,MSUMI.NS,32.88999938964844,-0.019087366923604132,HOLD,0.5374757246457239,Neutral,0.6829268292682927,0.673170731707317,Global 10d,5.6,6.890183261048174,,0.2644084781865279,32.65916563602715,,49.579477289196795
Morepen Laboratories Limited,MOREPENLAB.NS,133.72000122070312,0.06135410340503289,HOLD,0.47556704516675685,Neutral,0.5777496839443742,0.504424778761062,Global 10d,8.9,2.0,0.3802782605367605,,199.43587535079652,,49.576245220832575
Axis Bank Limited,AXISBANK.NS,1222.199951171875,0.004190268415281473,HOLD,0.49361404169506723,Neutral,0.4622279129321383,0.5185659411011524,Global 10d,4.4,4.874902158598108,0.007619617094799969,0.06105418907335003,706.2387661261353,,49.57589746931003
Foods & Inns Limited,FOODSIN.NS,49.38999938964844,-0.03004710986478354,HOLD,0.5206021893776792,Neutral,0.6926605504587156,0.6743119266055047,Global 10d,8.2,3.0340060522808696,0.1286800752397561,0.1940738375966813,0.37155375168304444,,49.556863174994
Bank of Baroda,BANKBARODA.NS,232.8000030517578,0.008578094033061312,HOLD,0.4986946060525021,Neutral,0.5305343511450382,0.5178117048346056,Global 10d,4.7,2.9951688379384773,,0.07989686684235675,165.47428697885744,,49.55307157453078
BGR Energy Systems Limited,BGRENERGY.NS,239.7100067138672,-0.009994623219524379,HOLD,0.5048373878624801,Neutral,0.5473145780051151,0.5038363171355499,Global 10d,10.0,2.7661118521938484,0.04221742049507471,0.12531806117710564,1.4827078614135742,0.05,49.54179918654779
VRL Logistics Limited,VRLLOG.NS,285.04998779296875,-0.007313272325099374,HOLD,0.4923686317155818,Neutral,0.6113207547169811,0.6113207547169811,Global 10d,4.4,5.3053391792830125,0.007421773696328016,0.06541621829903121,3.5454431508026123,,49.52846522522116
Zodiac Clothing Company Limited,ZODIACLOTH.NS,66.70999908447266,-0.03360857215486468,HOLD,0.48209341261491206,Neutral,0.6935064935064935,0.6779220779220779,Global 10d,6.0,6.560599436659804,0.14034186469184018,0.27417180582430123,0.021378759476470947,,49.52385191942763
Valor Estate Limited,DBREALTY.NS,91.69999694824219,-0.04993783529281204,HOLD,0.5325385538985586,Neutral,0.6267696267696268,0.6151866151866152,Global 10d,8.1,4.071160142114769,0.09820355626637345,0.25757910068321777,9.927660774719238,,49.50990723602295
ZUARI INDUSTRIES LIMITED,ZUARIIND.NS,281.8500061035156,-0.0012402767128828485,HOLD,0.4894953638034912,Neutral,0.6035805626598465,0.5588235294117647,Global 10d,7.6,2.0,0.1251406630159837,0.013461041733934254,1.592255239480591,,49.50980661171549
Indian Hume Pipe Company Limited,INDIANHUME.NS,346.1000061035156,-0.018990878461664917,HOLD,0.4770877894449114,Neutral,0.573076923076923,0.5307692307692308,Global 10d,6.9,2.0,0.01421247209821419,0.026026599226322222,1.7454687637207031,,49.49871047513591
Geojit Financial Services Limited,GEOJITFSL.NS,75.69999694824219,-0.011620308554684433,HOLD,0.47528252309806635,Neutral,0.5681528662420382,0.5273885350318471,Global 10d,7.1,2.0,0.0045116286509678805,0.00684095603531687,1.959159983418274,,49.48350347529516
IndusInd Bank Limited,INDUSINDBK.NS,886.5999755859375,-0.00028189660808730643,HOLD,0.5148882729049772,Neutral,0.5353016688061617,0.5353016688061618,Global 10d,4.9,3.659120203786842,0.014202843477641114,0.004857914789375473,163.39024363551636,,49.47920038442577
Zee Entertainment Enterprises Limited,ZEEL.NS,73.56999969482422,0.022942179753716596,HOLD,0.5285704584770654,Neutral,0.6274007682458387,0.6209987195902689,Global 10d,6.8,5.652488375683551,0.107760831959959,0.28770630802246844,107.67846637292976,,49.462876795613624
Gufic Biosciences Limited,GUFICBIO.NS,418.3999938964844,-0.03148149560998992,HOLD,0.4794261001032443,Neutral,0.5896774193548387,0.5341935483870968,Global 10d,6.6,1.6232386836588935,0.03538724963370976,0.06331751328328483,3.1900906793304444,,49.460994459856174
Ajanta Pharma Limited,AJANTPHARM.NS,3581.0,-0.010992059293913892,HOLD,0.48864513256523806,Neutral,0.5454545454545454,0.5070422535211268,Global 10d,4.0,1.8029354059626597,0.045547445255474495,0.060039095224797556,27.422541957128907,,49.43688365323194
RITES Limited,RITES.NS,205.74000549316406,-0.017853686798998347,HOLD,0.46899254994470824,Neutral,0.6473684210526316,0.6210526315789473,Global 10d,6.7,2.8876141344433983,0.031022172411924176,0.02693112077061377,7.160355836183166,,49.42759674142256
IRB Infrastructure Developers Limited,IRB.NS,16.8700008392334,-0.007647009456858922,HOLD,0.5082742048244907,Neutral,0.5806451612903226,0.5651612903225807,Global 10d,5.7,5.038108513694185,,0.22110251076939647,18.671842681166076,,49.418011316493356
Bartronics India Limited,ASMS.NS,5.920000076293945,-0.023102288417082395,HOLD,0.5365946141388975,Neutral,0.6624040920716112,0.6355498721227621,Global 10d,7.9,2.778918705626971,,0.2449324373305497,0.12394609550356865,,49.416797927918964
Finolex Industries Limited,FINPIPE.NS,149.30999755859375,-0.007841105000317872,HOLD,0.4970490596434594,Neutral,0.5889175257731959,0.6108247422680413,Global 10d,4.6,4.094500622768544,0.008510601019004582,0.05485233792326771,4.8854541346244815,,49.41415790574763
NIIT Limited,NIITLTD.NS,83.88999938964844,-0.012361702632185945,HOLD,0.5155935369091926,Neutral,0.6683738796414853,0.645326504481434,Global 10d,7.7,3.64443430404136,0.186798715039725,0.18767384870581472,1.320191132081604,,49.40422585094737
Heritage Foods Limited,HERITGFOOD.NS,394.75,-0.020228329659836897,HOLD,0.4630918102749089,Neutral,0.583011583011583,0.5250965250965252,Global 10d,7.6,1.67851847294877,0.13011741710672386,0.08904368308165767,11.855625241246033,,49.4009433170008
ICICI Bank Limited,ICICIBANK.NS,1332.0,0.01632841813879571,HOLD,0.502905888576629,Neutral,0.5139949109414759,0.5038167938931297,Global 10d,3.7,2.3663592084988,0.011975955767676183,0.039695813941978075,1338.1874159103759,,49.389782259335064
NRB Bearing Limited,NRBBEARING.NS,542.5999755859375,0.016009714424491728,HOLD,0.4841524203099761,Neutral,0.6048593350383632,0.5421994884910486,Global 10d,8.5,2.0,0.22982765315818887,,24.27080788807373,,49.377753057581785
Xchanging Solutions Limited,XCHANGING.NS,58.130001068115234,-0.026787183766671552,HOLD,0.4979890209535978,Neutral,0.6653796653796654,0.6074646074646075,Global 10d,7.5,2.020024876250042,0.26218885142476633,0.10518118571460122,0.4209859702671051,,49.36603257453496
Arrow Greentech Limited,ARROWGREEN.NS,865.2000122070312,0.010688656672553254,HOLD,0.4813440802966104,Neutral,0.6332703213610587,0.5614366729678639,Global 10d,9.0,2.0000000000000013,0.2858995324480289,0.10119046065387605,3.4954080493164064,0.05,49.358949446462546
Coffee Day Enterprises Limited,COFFEEDAY.NS,29.690000534057617,-0.01493028748186942,HOLD,0.4699793087034803,Neutral,0.6485355648535565,0.6192468619246863,Global 10d,9.2,2.921493900533845,0.0008427632643430716,0.1868193239360385,1.9206475962581635,0.05,49.353563992435575
Indbank Merchant Banking Services Limited,INDBANK.NS,25.200000762939453,-0.006309142096266318,HOLD,0.4791740227332147,Neutral,0.6542416452442159,0.6221079691516709,Global 10d,7.8,5.41751285539138,,0.33928567373833807,0.10899856945495605,,49.325453493130325
Hester Biosciences Limited,HESTERBIO.NS,2126.800048828125,-0.022520451742057412,HOLD,0.4860250463456815,Neutral,0.6109022556390977,0.5845864661654135,Global 10d,7.8,3.402687646453535,0.03329745354559965,0.04806463854001275,0.716666387878418,,49.31622400311848
Bajaj Auto Limited,BAJAJ-AUTO.NS,10045.0,-0.07623689534669853,HOLD,0.5090441770099692,Neutral,0.5190839694656488,0.5407124681933843,Global 10d,5.0,4.538024118227444,0.010702591081058088,6.219541197283185e-05,183.7897881,,49.316181186085764
Nitin Spinners Limited,NITINSPIN.NS,594.5999755859375,-0.0061842090632159286,HOLD,0.4820388541668703,Neutral,0.5344387755102041,0.5127551020408163,Global 10d,4.9,2.526208389153157,0.15220197523732337,0.11839896956720874,4.023766805041504,,49.31405215348971
Viyash Scientific Limited,VIYASH.NS,229.07000732421875,-0.011564153940803679,HOLD,0.5149491192259533,Neutral,0.5913757700205339,0.5585215605749487,Global 10d,6.0,2.0,0.1460376312203917,0.047714638871562354,53.97885129036865,,49.31321271941554
Kirloskar Electric Company Limited,KECL.NS,120.43000030517578,-0.0017407086002577676,HOLD,0.5062787344793117,Neutral,0.6185567010309279,0.5902061855670103,Global 10d,8.2,3.0948700443203405,0.04676225215741758,0.02715267487154427,1.2988415567100524,0.02,49.294396678138654
Dishman Carbogen Amcis Limited,DCAL.NS,150.35000610351562,-0.04521493022158818,HOLD,0.5437183211977185,Neutral,0.5917312661498708,0.5671834625322998,Global 10d,8.3,2.726601940560853,0.1700389580040127,0.1811107058339012,2.3905449809875488,,49.24797653419009
Diligent Media Corporation Limited,DNAMEDIA.NS,2.4200000762939453,-0.00819671330225158,HOLD,0.5068070322496384,Neutral,0.7651331719128329,0.7336561743341404,Global 10d,9.3,4.623702162843791,0.038626676195224086,0.19421488173256618,0.00810388999724388,,49.24593362584657
Hemisphere Properties India Limited,HEMIPROP.NS,111.5,-0.02253002280792349,HOLD,0.5291027348711038,Neutral,0.6323529411764706,0.6360294117647058,Global 10d,6.3,6.106574257116269,0.002697869244523865,0.2730941430335623,2.965833346561432,,49.186129883549235
Ganesha Ecosphere Limited,GANECOS.NS,976.2000122070312,-0.024385332774586543,HOLD,0.4927836390258767,Neutral,0.7001862197392924,0.6424581005586592,Global 10d,7.8,1.7823725086493523,0.04686328386812999,0.088301588946047,6.305400611749268,,49.18403384157185
Orient Technologies Limited,ORIENTTECH.NS,229.25,-0.009847530736050603,SELL,0.448377639224808,Sell,0.7692307692307693,0.7472527472527473,Global 10d,7.5,4.155188271049382,0.0010917030567685337,0.19738276990185377,2.0688363040924074,,49.16484305982159
Zee Media Corporation Limited,ZEEMEDIA.NS,7.199999809265137,-0.0013869942897262177,HOLD,0.4921410155180365,Neutral,0.639030612244898,0.6224489795918368,Global 10d,7.4,4.125103569835189,0.01408449379940424,0.2486111123988659,0.8571677615262985,,49.16278857087848
Kalyani Forge Limited,KALYANIFRG.NS,944.75,-0.046718115496956036,SELL,0.44651647240168724,Sell,0.6038709677419355,0.5509677419354839,Global 10d,8.8,3.5082386560086984,0.5934439568367429,0.26197406721354866,0.2708568133239746,0.05,49.151630071697255
KEC International Limited,KEC.NS,370.54998779296875,-0.004834210503669167,HOLD,0.514414202712124,Neutral,0.5865139949109415,0.5648854961832062,Global 10d,7.3,3.855428994940776,,0.15935776617415232,25.865475969158936,,49.12783481754003
IKIO Technologies Limited,IKIO.NS,192.22000122070312,0.006598211471179338,HOLD,0.452242389243621,Neutral,0.5918367346938775,0.5510204081632653,Global 10d,9.1,3.0339385766858435,0.03902703362542237,0.0602434801660352,3.947102986932373,,49.08917357292744
Mazagon Dock Shipbuilders Limited,MAZDOCK.NS,2074.0,0.004844961240310086,HOLD,0.5192194398193983,Neutral,0.6290909090909091,0.6581818181818182,Global 10d,5.6,16.318998811020972,0.009888275631180221,0.24058280325269932,134.333853,,49.08601798529807
Titan Company Limited,TITAN.NS,4580.0,0.014239166000047154,HOLD,0.5074110050949782,Neutral,0.5217948717948718,0.5384615384615384,Global 10d,4.0,4.3796288909073136,0.1562874028049237,0.13042578551446504,278.16024705,,49.081928170601195
Bharti Hexacom Limited,BHARTIHEXA.NS,1379.199951171875,-0.0318006660780098,HOLD,0.5263546373669374,Neutral,0.6666666666666666,0.6388888888888888,Global 10d,5.7,2.2810484124543886,,0.0927479312828523,12.218186138598632,,49.081800120850986
Cholamandalam Investment and Finance Company Limited,CHOLAFIN.NS,1580.0,-0.024691358024691357,HOLD,0.5293634785374427,Neutral,0.5109961190168176,0.5394566623544632,Global 10d,5.6,4.030865790256039,0.017432812886172044,0.015803561391661614,242.3090455206299,,49.027379627075895
Essar Shipping Limited,ESSARSHPNG.NS,17.18000030517578,-0.09052404127708558,HOLD,0.5136456607137426,Neutral,0.6739130434782609,0.6434782608695653,Global 10d,10.0,2.6863834745781183,0.09357099067214247,0.24214201242818567,0.28675866417131424,0.05,49.00214981516547
Zuari Agro Chemicals Limited,ZUARI.NS,211.4600067138672,-0.006670415898040738,HOLD,0.4964093529270512,Neutral,0.6111111111111112,0.5987654320987654,Global 10d,7.2,3.0683058492765474,0.008513192493760258,0.14915346772314497,1.4602893098709107,0.05,49.001731295740306
Exide Industries Limited,EXIDEIND.NS,405.25,-0.010257692225705939,HOLD,0.5133713771231233,Neutral,0.5712468193384224,0.5254452926208651,Global 10d,5.7,2.0,0.07808315289009093,0.006404799202487821,79.6743509095047,,48.99604740212198
Bandhan Bank Limited,BANDHANBNK.NS,168.27000427246094,-0.04392043027010828,HOLD,0.5131271851997208,Neutral,0.549618320610687,0.5063613231552162,Global 10d,6.9,2.051173845160252,0.05235088286926559,0.0366552021521116,219.31311460364455,,48.98466881295367
GACM Technologies Limited,GATECHDVR.NS,0.46000000834465027,-0.02127657550770312,HOLD,0.4801094917020543,Neutral,0.7096018735362998,0.6627634660421546,Global 10d,7.8,2.0,0.022222267845531718,0.06521739271277505,0.016599532975932956,,48.98173970355745
HCL Technologies Limited,HCLTECH.NS,1201.9000244140625,-0.03314291045050932,HOLD,0.5133508283410501,Neutral,0.532133676092545,0.5051413881748072,Global 10d,6.3,2.0,0.00518530860197064,0.03527468864850314,341.48584922624514,,48.960048584672485
VA Tech Wabag Limited,WABAG.NS,1999.5,-0.0026934133115393832,HOLD,0.4848402872817794,Neutral,0.5585464333781965,0.5074024226110363,Global 10d,7.2,2.3299631340407934,0.07731681034482762,0.12428882303709576,102.6240375163208,,48.942368417595056
Niva Bupa Health Insurance Company Limited,NIVABUPA.NS,72.9800033569336,-0.024461893615580488,HOLD,0.5164404715525811,Neutral,0.7272727272727273,0.7402597402597403,Global 10d,5.4,2.99998997932781,0.013611157735188728,0.05508353601198457,6.540058235905456,,48.93445995679009
Elgi Equipments Limited,ELGIEQUIP.NS,591.2000122070312,0.011203262669035485,HOLD,0.4806127061837259,Neutral,0.5809768637532133,0.5411311053984575,Global 10d,5.1,1.9999999999999953,0.047924823582870424,0.026725283265785382,18.98977009319458,,48.93104646249326
Container Corporation of India Limited,CONCOR.NS,442.0,-0.012290502793296132,HOLD,0.521145904684558,Neutral,0.5756035578144854,0.5844980940279543,Global 10d,5.5,10.03823304534899,0.015502638423030124,0.20266836810439504,46.341512859933474,,48.89459735250064
Tata Consultancy Services Limited,TCS.NS,2114.39990234375,0.018987904743975825,HOLD,0.49945028932606544,Neutral,0.5854591836734694,0.5599489795918368,Global 10d,6.1,3.3064782514233233,0.07547194050782902,0.13474279211258544,703.62947825,,48.88966994862425
The Bombay Burmah Trading Corporation Limited,BBTC.NS,1334.199951171875,-0.017091552103221774,HOLD,0.4888971425391809,Neutral,0.5809768637532133,0.5668380462724936,Global 10d,7.0,8.550806504101494,0.014909459873678754,0.16774101110673367,5.978553840966797,,48.86135200661308
Hexaware Technologies Limited,HEXT.NS,495.1499938964844,0.009582998414666477,HOLD,0.5048550545925448,Neutral,0.6911764705882353,0.6470588235294117,Global 10d,6.8,2.0,0.04904659723831428,0.002959346406992802,8.03122445,,48.860336368126234
Punjab Chemicals & Crop Protection Limited,PUNJABCHEM.NS,1040.9000244140625,-0.012897084481685583,HOLD,0.48956788375820975,Neutral,0.5612244897959183,0.5471938775510203,Global 10d,6.7,5.865860246169551,0.02039020618168097,0.1459592616441212,0.40431551083984374,,48.85678178550891
Winsome Yarns Limited,WINSOME.NS,836.6666870117188,0.0,SELL,0.4405149175006268,Sell,0.5850556438791733,0.5659777424483307,Global 10d,3.3,27.999914551042338,0.24257432518607636,0.04780876377768317,0.01041833306274414,0.02,48.85132481049304
K.M.Sugar Mills Limited,KMSUGAR.NS,27.739999771118164,-0.1763658099832257,HOLD,0.5009333376998429,Neutral,0.6106770833333334,0.5872395833333333,Global 10d,8.3,5.943263461561952,0.031035125308836564,0.008471526151888398,0.4647189738117218,,48.84507415349609
Surana Solar Limited,SURANASOL.NS,24.149999618530273,-0.028950590929104236,HOLD,0.5020156598893037,Neutral,0.6778350515463918,0.6275773195876289,Global 10d,6.9,2.0,0.0662251666782736,0.07246376926056874,0.061499161125183104,,48.831661816618734
Wipro Limited,WIPRO.NS,162.13999938964844,0.017508586001059756,HOLD,0.5102378386604678,Neutral,0.5356234096692112,0.5229007633587786,Global 10d,5.7,4.440286692271158,,0.1379055180370199,181.55850970559158,,48.825886843964874
Mishra Dhatu Nigam Limited,MIDHANI.NS,440.1000061035156,0.014990774696733267,HOLD,0.4675530484834258,Neutral,0.6259541984732825,0.5826972010178118,Global 10d,7.9,2.0,0.08565900341285482,0.032329172612475254,54.00813080630493,,48.82213168565333
Country Condo's Limited,COUNCODOS.NS,6.329999923706055,-0.010937526659108299,HOLD,0.4798951607636188,Neutral,0.6414141414141414,0.601010101010101,Global 10d,7.7,1.9999999999999982,0.09137926130034146,0.05766192953175353,0.013093831199121475,,48.82105696684746
Dalmia Bharat Limited,DALBHARAT.NS,1682.0999755859375,-0.000950273583380401,HOLD,0.4958014296715169,Neutral,0.5388888888888889,0.5166666666666666,Global 10d,5.8,2.197625744701415,0.004237750431252296,0.09328252998213338,12.856655638867187,,48.81355022499598
Navkar Urbanstructure Limited,NAVKARURB.NS,0.8299999833106995,-0.02352945878843815,HOLD,0.5212185994333223,Neutral,0.7361111111111112,0.7083333333333333,Global 10d,8.8,3.116907400393049,0.05063286172982795,0.05385399354532838,0.048343204275506736,,48.807909786373486
Narmada Agrobase Limited,NARMADA.NS,12.300000190734863,-0.0008123662502805828,HOLD,0.5350827441052242,Neutral,0.56353591160221,0.5193370165745856,Global 10d,8.4,2.0,0.18440057001897792,0.017886200294088272,0.5830667953147888,,48.80517719493128
Gloster Limited,GLOSTERLTD.NS,539.0,-0.013001237691540934,HOLD,0.5043435622790052,Neutral,0.580952380952381,0.5523809523809524,Global 10d,5.8,2.0,0.11874396858606517,0.07768768057241826,0.03747525210876465,,48.797716199225455
Par Drugs And Chemicals Limited,PAR.NS,123.94999694824219,-0.02124133334152667,SELL,0.448069904292987,Sell,0.6498516320474778,0.6172106824925816,Global 10d,8.5,16.03582325837476,0.02387245537692717,0.45219850287824226,0.20414619716644286,0.05,48.77329845010385
PNB Gilts Limited,PNBGILTS.NS,71.62999725341797,-0.031896211359497495,HOLD,0.5002917704716233,Neutral,0.6332046332046332,0.595881595881596,Global 10d,7.8,2.0,0.09828390689611344,0.05121810744954014,2.711575752978516,,48.73016398079041
Nakoda Group of Industries Limited,NGIL.NS,36.83000183105469,-0.04163409995876588,HOLD,0.5248412988084795,Neutral,0.6340425531914894,0.5872340425531914,Global 10d,9.1,2.0,0.03223098419402448,0.08172680347235839,0.1322342589439392,,48.72686878544663
Banswara Syntex Limited,BANSWRAS.NS,105.0999984741211,-0.03231748565054271,HOLD,0.5089732457103743,Neutral,0.6782051282051282,0.6307692307692307,Global 10d,6.3,2.019073877092928,0.0751346292523678,0.1301887046192669,0.272711,,48.72031604645641
Mcleod Russel India Limited,MCLEODRUSS.NS,42.5099983215332,-0.04984361361807654,HOLD,0.5183227028764917,Neutral,0.6395939086294417,0.5862944162436547,Global 10d,9.5,1.6961632391862567,0.018447451176400786,0.1347918979811178,1.119290016430664,0.05,48.70109550382546
MODISON LIMITED,MODISONLTD.NS,486.04998779296875,0.04989734307557847,HOLD,0.46805784423059543,Neutral,0.6382113821138211,0.5528455284552846,Global 10d,8.7,1.5911659477772286,0.7361080490435936,0.12334124825154147,3.8125169615142824,0.05,48.68322123152648
GTL Infrastructure Limited,GTLINFRA.NS,1.059999942779541,-0.009345896432088385,HOLD,0.5131827997117734,Neutral,0.6846057571964956,0.6871088861076345,Global 10d,6.2,4.666668984626128,0.08163257362146625,0.22641511555879235,3.348480390185934,,48.67682944361135
Bajaj Electricals Limited,BAJAJELEC.NS,299.79998779296875,-0.011865544416404639,HOLD,0.5269572337033565,Neutral,0.6368286445012787,0.6419437340153453,Global 10d,6.5,3.494278533648251,0.004989013704442158,0.1477942089809352,3.218622688946533,,48.64035232400133
India Motor Parts and Accessories Limited,IMPAL.NS,1009.0999755859375,-0.027373517507530143,HOLD,0.48677003773481625,Neutral,0.5699346405228758,0.5411764705882354,Global 10d,5.5,2.0,0.011916463218763607,0.014977125618722109,0.20370424528198242,,48.63430962899365
Texmaco Rail & Engineering Limited,TEXRAIL.NS,117.18000030517578,-0.07630458977300292,HOLD,0.5016164711820476,Neutral,0.5885350318471337,0.5414012738853503,Global 10d,9.3,2.0,0.015989835006305464,0.048367033353376554,33.7395661584404,,48.598358757408654
Magnum Ventures Limited,MAGNUM.NS,18.6200008392334,0.007575827947240654,SELL,0.43867992815560153,Sell,0.6666666666666666,0.643765903307888,Global 10d,6.8,4.049738619490827,0.01785716892331357,0.09094160020396957,0.028627002688980104,,48.586566244892886
Vadilal Industries Limited,VADILALIND.NS,7187.0,-0.009099682889838645,HOLD,0.4725342581399444,Neutral,0.5231416549789621,0.5077138849929874,Global 10d,6.3,3.8138178239480274,0.02442785890722754,0.10955626776953564,9.1791984,,48.58489931878217
Flair Writing Industries Limited,FLAIR.NS,226.57000732421875,-0.011991975894680595,HOLD,0.5146522961609762,Neutral,0.744,0.728,Global 10d,6.2,2.8945215415132166,,0.1620102504642369,2.090381978607178,,48.566410723794775
Savita Oil Technologies Limited,SOTL.NS,727.2000122070312,-0.003152827680560355,HOLD,0.48967522994072477,Neutral,0.5752895752895753,0.5315315315315315,Global 10d,7.1,1.5815300063279987,0.08784921734893092,0.1123256429714814,17.22481911458435,,48.5436426207139
Tasty Bite Eatables Limited,TASTYBITE.NS,9453.5,-0.003531147886581598,HOLD,0.4829033489375043,Neutral,0.6485260770975056,0.6190476190476191,Global 10d,6.0,2.0,0.09016047836058538,0.003044940384526962,2.4233904,,48.54330094186264
S Chand And Company Limited,SCHAND.NS,140.5,-0.021383347270338082,HOLD,0.49373036569994905,Neutral,0.716589861751152,0.684331797235023,Global 10d,7.0,2.450935430511853,0.03884630173857184,0.10344596139788043,0.3321818609802246,,48.54317436670793
Creative Eye Limited,CREATIVEYE.NS,6.170000076293945,0.008169965959124559,HOLD,0.49318067510987973,Neutral,0.6434108527131783,0.6072351421188631,Global 10d,8.8,4.001074893354348,0.06379308161922714,0.0940032279634,0.009264492322349549,,48.51848028263076
TTK Prestige Limited,TTKPRESTIG.NS,506.3999938964844,-0.018319244231269405,HOLD,0.5089548081273367,Neutral,0.6206451612903225,0.6012903225806452,Global 10d,6.9,3.3890318137453286,0.21008676242111002,0.16739375382950472,3.221210361175537,,48.51718054448621
Gland Pharma Limited,GLAND.NS,2874.39990234375,-0.008622473905648964,HOLD,0.47326246190242566,Neutral,0.6127819548872181,0.5676691729323309,Global 10d,5.2,1.599868150977689,0.032378522885426975,0.05792517663758279,144.1837389,,48.5121382733022
Just Dial Limited,JUSTDIAL.NS,653.1500244140625,-0.019515123506052,HOLD,0.489298064881351,Neutral,0.653160453808752,0.6401944894651539,Global 10d,6.5,3.164966474333003,0.024870605562042902,0.09224526946018252,8.53188535484619,,48.50776557948052
Balkrishna Industries Limited,BALKRISIND.NS,2083.5,-0.015824279641001415,HOLD,0.5041457780101414,Neutral,0.549618320610687,0.5674300254452926,Global 10d,5.3,5.252058875660202,0.013106627058314224,0.09386679428404832,38.50953449736328,,48.490958537800175
Greenlam Industries Limited,GREENLAM.NS,211.7100067138672,-0.008941056300804329,HOLD,0.5282424272930335,Neutral,0.6104868913857678,0.6161048689138577,Global 10d,5.6,7.804184450441746,0.023840088982410634,0.21983254651572004,1.1802832609260558,,48.490781357637545
Newgen Software Technologies Limited,NEWGEN.NS,458.75,0.0052591078435089145,HOLD,0.5246355018327201,Neutral,0.6767676767676768,0.6742424242424243,Global 10d,6.8,3.2596218811679734,0.008556899827776965,0.1554569237327461,26.56020136789856,,48.487987402532525
R.P.P. Infra Projects Limited,RPPINFRA.NS,52.599998474121094,0.021557521061773333,HOLD,0.4917063236786989,Neutral,0.6272108843537415,0.5904761904761905,Global 10d,9.8,3.5213373600330624,,0.24315591799532,0.23755218753414153,,48.43565631998936
Sharda Cropchem Limited,SHARDACROP.NS,709.2000122070312,-0.019765014226632682,HOLD,0.5010077300719299,Neutral,0.5539568345323741,0.5377697841726619,Global 10d,6.3,8.46922216653992,,0.3187218267350378,7.6663596661743165,,48.430482426857886
Cantabil Retail India Limited,CANTABIL.NS,224.66000366210938,-0.02837123745333836,HOLD,0.4896516718157298,Neutral,0.5570652173913043,0.5597826086956521,Global 10d,5.5,3.28471627983913,0.0009575336395175604,0.13172842542953478,2.5883010756591798,,48.41076856782267
Automotive Stampings and Assemblies Limited,ASAL.NS,426.8999938964844,-0.015224927574430502,HOLD,0.4988852010341535,Neutral,0.5917843388960206,0.6046213093709885,Global 10d,5.8,3.90257600089123,0.0846036262108465,0.16420709090127938,0.44240299846801756,,48.40615126538228
GPT Infraprojects Limited,GPTINFRA.NS,118.66000366210938,0.0027041349849719065,HOLD,0.4846690535526987,Neutral,0.6694915254237288,0.6207627118644068,Global 10d,5.8,2.0,0.07483329085664225,0.005544509985244694,1.5951109777862549,,48.40315925321727
TSF INVESTMENTS LIMITED,TSFINV.NS,409.1499938964844,-0.019177754086184162,HOLD,0.5184814986201401,Neutral,0.5353535353535354,0.5202020202020202,Global 10d,7.8,3.001480254012121,0.030085552170689533,0.04506135022419411,4.0213008,,48.38887063941741
Nippon Life India Asset Management Limited,NAM-INDIA.NS,1046.0,-0.02242990654205612,HOLD,0.5183406689032939,Neutral,0.508557457212714,0.5403422982885085,Global 10d,5.6,7.6709522821700835,0.018807424040223175,0.17925430210325044,105.0470916,,48.373143308814626
Trident Limited,TRIDENT.NS,22.15999984741211,-0.012477748662284793,HOLD,0.5015301457026419,Neutral,0.6397435897435897,0.6602564102564102,Global 10d,4.4,4.321524480516279,0.029097430258619328,0.14318651981114128,5.211354216708756,,48.36086668240232
Astral Limited,ASTRAL.NS,1344.0,-0.0192644658083323,HOLD,0.48376646029758247,Neutral,0.5347043701799485,0.570694087403599,Global 10d,4.8,2.9124898558382295,0.00347669100581105,0.09322103612237309,75.0551088,,48.33584365780601
Goodyear India Limited,GOODYEAR.NS,694.2999877929688,-0.012586270801125954,HOLD,0.4974095393254753,Neutral,0.6647398843930635,0.7052023121387283,Global 10d,5.8,3.1619884525306587,0.0019978140919783005,0.10588551854377037,0.2641531544494629,,48.32064090937539
Bharat Wire Ropes Limited,BHARATWIRE.NS,160.1199951171875,-0.025797064233504363,HOLD,0.5128949717485516,Neutral,0.6893004115226338,0.6831275720164609,Global 10d,6.9,3.676769758328558,0.013417690615110667,0.23463657550527817,1.933275685935974,,48.314965001170826
Ruchira Papers Limited,RUCHIRA.NS,101.30999755859375,-0.01878936989255453,HOLD,0.45123515533327735,Neutral,0.6166666666666667,0.5833333333333333,Global 10d,6.5,2.5252929598804617,0.03200224011182873,0.09054388917225786,0.3611256857875824,,48.31334751755951
PC Jeweller Limited,PCJEWELLER.NS,13.0600004196167,0.01872080581167057,HOLD,0.4576259962178872,Neutral,0.6174183514774495,0.5614307931570762,Global 10d,9.0,2.0,0.14360773488321832,0.10566608854727,447.88840486836244,,48.303290677824464
Patel Engineering Limited,PATELENG.NS,25.729999542236328,-0.007330267496078791,HOLD,0.505913438754949,Neutral,0.623574144486692,0.6159695817490494,Global 10d,6.9,5.388965530949917,0.013790401617143067,0.09988339450241779,5.053466011443138,,48.29586583420571
Digicontent Limited,DGCONTENT.NS,25.43000030517578,0.0,HOLD,0.4723657206015582,Neutral,0.7041420118343196,0.6597633136094674,Global 10d,8.7,2.0077955442026334,0.08721676525351296,0.08533228667922121,0.014485757662773132,,48.2765642272347
Weizmann Limited,WEIZMANIND.NS,71.44999694824219,0.008041756728436322,HOLD,0.49619952145496216,Neutral,0.6876606683804627,0.6748071979434447,Global 10d,6.4,3.357450640117321,0.034008661736818935,0.12666204952133953,0.00748725,,48.27269405174119
Oswal Agro Mills Limited,OSWALAGRO.NS,33.11000061035156,-0.024742271979706465,HOLD,0.49204224219532217,Neutral,0.7567567567567568,0.7351351351351352,Global 10d,8.5,6.185566320214497,0.023176760996725276,0.17034126504622105,0.08281548238067626,,48.26926044041712
Mastek Limited,MASTEK.NS,1608.199951171875,0.03381330445580977,HOLD,0.4995868449493391,Neutral,0.5749039692701664,0.5544174135723432,Global 10d,6.7,2.4083047910588244,0.009176535037094036,0.10559096156313252,12.96569136817627,,48.26256979049364
Murudeshwar Ceramics Limited,MURUDCERA.NS,28.010000228881836,-0.001781868781616791,HOLD,0.4982746176906094,Neutral,0.6478149100257069,0.6336760925449871,Global 10d,7.6,6.617758042822399,0.018545462868430507,0.15298107148866547,0.040337948328113556,,48.25752553957812
Paramount Communications Limited,PARACABLES.NS,56.5099983215332,0.0026614213902986794,HOLD,0.5164029089377953,Neutral,0.6118836915297092,0.5802781289506953,Global 10d,8.1,3.691772362497553,0.34611717336199965,0.25464525980816344,9.233420044895935,,48.254869424976576
S.A.L. Steel Limited,SALSTEEL.NS,98.91999816894531,-0.001413278751249969,HOLD,0.4945090649544528,Neutral,0.6111817026683609,0.5501905972045743,Global 10d,8.3,1.9999999999999982,0.46331361541101623,,5.502992608918762,0.02,48.23989628033594
GM Breweries Limited,GMBREW.NS,952.0,-0.015460998002273518,HOLD,0.49474426463757926,Neutral,0.5412371134020618,0.538659793814433,Global 10d,5.4,3.548066322900619,0.01720866206406102,0.017857142857142794,3.711318696496582,,48.224226807314935
Hindustan Construction Company Limited,HCC.NS,20.229999542236328,-0.008819221289636858,HOLD,0.5077868202119321,Neutral,0.5964467005076142,0.5786802030456852,Global 10d,8.0,3.2811183177804955,0.030565481768787484,0.023232883407726,37.7510139910635,,48.205220910086446
Bajaj Housing Finance Limited,BAJAJHFL.NS,82.91000366210938,0.011097605635480123,HOLD,0.4938406096631911,Neutral,0.5454545454545454,0.6022727272727273,Global 10d,5.2,3.626122993287287,0.011879116946874158,0.06048721931540668,25.94998085549469,,48.20109671214399
Shipping Corporation of India Land and Assets Limited,SCILAL.NS,37.2599983215332,0.016643840934728704,HOLD,0.49654261944460404,Neutral,0.8303571428571429,0.8214285714285714,Global 10d,6.0,4.840534680843977,0.029281699896507973,0.16122093425348627,0.8018508392429352,,48.196479670468314
Globus Spirits Limited,GLOBUSSPR.NS,786.9000244140625,0.0005722070062257334,HOLD,0.5061204698170291,Neutral,0.5679487179487179,0.5564102564102564,Global 10d,5.8,4.285605582223921,,0.17578548324740995,5.506660625,,48.19063887546683
Moschip Technologies Limited,MOSCHIP.NS,195.83999633789062,-0.011058942861717602,HOLD,0.48329742663248093,Neutral,0.6376811594202898,0.6231884057971014,Global 10d,7.1,3.907167776681357,0.019734408882625232,0.0947712311359088,24.527776275154114,,48.17464573789091
Muthoot Finance Limited,MUTHOOTFIN.NS,2716.39990234375,0.007155761369135538,HOLD,0.5060439883117676,Neutral,0.49162011173184356,0.5279329608938548,Global 10d,5.4,7.497248816671213,0.016997342697023576,0.16216320788785277,155.91120377480468,,48.16073204664494
Bhansali Engineering Polymers Limited,BEPL.NS,124.7699966430664,0.008160912163884593,HOLD,0.48273401498637797,Neutral,0.6219667943805874,0.5759897828863346,Global 10d,6.2,1.9174433297042333,0.05393418433129149,0.0954012088050411,13.541398024930572,,48.1572164429273
Nahar Spinning Mills Limited,NAHARSPING.NS,255.5,-0.017496589142665497,HOLD,0.522236114905292,Neutral,0.6356687898089172,0.6089171974522293,Global 10d,7.4,2.0,0.0019607843137254832,0.10385181518055497,0.5810807765457153,0.02,48.119311677573826
TVS Electronics Limited,TVSELECT.NS,397.3999938964844,-0.045055869938722126,HOLD,0.5159706391759736,Neutral,0.6288659793814433,0.586340206185567,Global 10d,9.3,2.0,0.12196493563134769,0.056618017980797575,1.0560106637695312,0.02,48.10436052216063
Transport Corporation of India Limited,TCI.NS,877.0999755859375,0.005272178321991339,HOLD,0.4584357616107529,Neutral,0.577120822622108,0.5308483290488433,Global 10d,6.8,1.6056054901949226,0.003906263192779091,0.09267334477651068,2.617682141986084,,48.097241342231584
Noida Toll Bridge Company Limited,NOIDATOLL.NS,3.559999942779541,-0.07532466728222009,HOLD,0.5490476416227529,Neutral,0.6475826972010178,0.6119592875318066,Global 10d,9.7,2.0,0.10216715843881441,0.10674160689570833,0.028963617090010642,0.05,48.093219745276
Genus Power Infrastructures Limited,GENUSPOWER.NS,280.25,0.0008928571428572507,HOLD,0.5080926274415983,Neutral,0.6169665809768637,0.5668380462724936,Global 10d,6.9,2.0,0.3259943291005609,0.043770708553649396,44.30204368811035,,48.070098381505794
FSN E-Commerce Ventures Limited,NYKAA.NS,339.54998779296875,0.044929912409529704,HOLD,0.46991741272651216,Neutral,0.5739910313901345,0.5291479820627802,Global 10d,5.3,2.0,0.06550561167217084,0.027168329951878345,137.0963772,,48.06037875941803
Orchid Pharma Limited,ORCHPHARMA.NS,965.9000244140625,-0.02434340968276516,HOLD,0.500756448266412,Neutral,0.5671232876712329,0.5150684931506849,Global 10d,9.2,1.6705319990822696,0.014654143629547312,0.13262239605351067,8.030703647937012,,48.04231893240182
HFCL Limited,HFCL.NS,250.27000427246094,0.04996645255752763,HOLD,0.49222698316387997,Neutral,0.5736235595390525,0.5172855313700384,Global 10d,7.5,2.0,0.38361653973262855,0.024735100972457902,133.4682711260948,0.05,48.029189533780865
Ashoka Metcast Limited,ASHOKAMET.NS,14.529999732971191,-0.04281953617503986,SELL,0.4363014807050181,Sell,0.7847222222222222,0.7291666666666667,Global 10d,8.7,2.7088426471387352,0.07549959191775502,0.20275296178890123,0.08856301223735809,,48.02788274647389
SBI Cards and Payment Services Limited,SBICARD.NS,566.0,0.004971569126918762,HOLD,0.5111935747916121,Neutral,0.5780730897009967,0.6445182724252492,Global 10d,6.6,3.055841874639553,0.0009726550200646056,0.1286218865600155,80.8426713647461,,48.02006294640909
Premier Explosives Limited,PREMEXPLN.NS,682.0499877929688,-0.002996620181447751,HOLD,0.5015304389017932,Neutral,0.5871369294605809,0.553941908713693,Global 10d,4.8,1.8421858368583606,0.044862056012294316,0.029219337993659167,12.590514661987305,,47.99707128537307
AYM Syntex Limited,AYMSYNTEX.NS,279.95001220703125,-0.041759308383815585,HOLD,0.48053793362294406,Neutral,0.6073500967117988,0.5647969052224371,Global 10d,7.6,2.5786565546798426,0.07157899409389956,0.004536484937649021,2.677745598347473,,47.968709324524234
Ksolves India Limited,KSOLVES.NS,241.13999938964844,-0.03078779569193113,HOLD,0.5094515180026779,Neutral,0.701067615658363,0.6868327402135231,Global 10d,6.6,3.0946305327508346,,0.18167874648864024,0.7476959797668457,,47.96462809467718
Surana Telecom and Power Limited,SURANAT&P.NS,15.649999618530273,-0.020650809334120446,HOLD,0.48771496965833316,Neutral,0.6438709677419355,0.6103225806451613,Global 10d,5.8,1.698203604562569,0.008159741534394582,0.07987220641973347,0.06263447866239548,,47.950086269406036
Ashok Leyland Limited,ASHOKLEY.NS,152.60000610351562,0.01408832028288387,HOLD,0.5051440852712242,Neutral,0.5203045685279187,0.5076142131979695,Global 10d,5.8,2.8013103582572367,0.03860800970769862,0.0979685212994088,162.47831757862855,,47.942054517514535
BEML Land Assets Limited,BLAL.NS,157.8300018310547,-0.015162815169556199,HOLD,0.49316521776540806,Neutral,0.7368421052631579,0.7697368421052632,Global 10d,5.2,9.708762796997474,0.014983934604853255,0.19115502641405313,0.27431970408477785,,47.93446579290641
Expleo Solutions Limited,EXPLEOSOL.NS,848.75,-0.010607886978981296,HOLD,0.4809765101021812,Neutral,0.6384615384615384,0.6107692307692307,Global 10d,6.2,1.999999999999997,0.0014683458331741228,0.005382029107719788,1.361479875,,47.92844315736457
PVP Ventures Limited,PVP.NS,50.470001220703125,-0.04988700610818353,HOLD,0.46760057737460664,Neutral,0.625,0.578125,Global 10d,9.4,4.204610835921507,0.6042594624744606,0.42460867419961645,9.967714519901275,0.02,47.89877886873033
Alicon Castalloy Limited,ALICON.NS,871.9500122070312,0.002471860708480822,SELL,0.4441101951988237,Sell,0.6028460543337646,0.5640362225097024,Global 10d,9.0,3.432202844173612,0.04481681387585801,0.16364726141620323,2.455135552478027,,47.880040008600716
The Anup Engineering Limited,ANUP.NS,1566.699951171875,-0.018542941020380233,HOLD,0.531997070857659,Neutral,0.6714285714285714,0.6885714285714286,Global 10d,6.9,7.599697266092419,0.10867456530250208,0.4025272117526475,3.6578765,,47.87294991714122
Bodal Chemicals Limited,BODALCHEM.NS,189.75,-0.04335773047078917,SELL,0.40808557127856576,Sell,0.6581920903954802,0.5748587570621468,Global 10d,8.9,2.0,1.832089552238806,,44.841011188885496,,47.870945230594955
Nuvoco Vistas Corporation Limited,NUVOCO.NS,322.1000061035156,-0.046477152921258647,HOLD,0.4837036414097898,Neutral,0.6883116883116883,0.6536796536796536,Global 10d,7.3,2.4268427507635106,0.04197333151157512,0.05557278347499239,9.418396803601075,,47.85624736971109
Mahindra & Mahindra Limited,M&M.NS,2857.60009765625,-0.0008391266936188524,HOLD,0.5251166180894774,Neutral,0.5205128205128206,0.5217948717948718,Global 10d,4.6,4.1094113124403915,,0.12580486692132165,645.4211522,,47.85583090447387
REC Limited,RECLTD.NS,295.6499938964844,0.027454366277964715,HOLD,0.5150459685946177,Neutral,0.5573979591836735,0.5522959183673469,Global 10d,5.2,7.20938642264732,,0.23958121206927485,145.82982096534118,,47.82780863381253
3P Land Holdings Limited,3PLAND.NS,31.1200008392334,0.003547262481124136,HOLD,0.484543617705216,Neutral,0.6335483870967742,0.6012903225806452,Global 10d,7.3,2.414331140262318,0.034230685907892466,0.09158098665205339,0.005799122985649109,,47.81038241277503
VIP Industries Limited,VIPIND.NS,280.75,-0.03505761051411549,HOLD,0.5190151895590206,Neutral,0.5574193548387096,0.6438709677419354,Global 10d,6.6,3.347148736236822,0.008984725965857976,0.17257347118256527,8.854658283691407,,47.810238363845016
The Karnataka Bank Limited,KTKBANK.NS,326.75,0.01601366230952972,HOLD,0.48021762700501797,Neutral,0.5433673469387755,0.5038265306122449,Global 10d,5.5,2.0,0.05454249980178605,0.04233871351730856,56.88679977852173,,47.80539794674959
Univastu India Limited,UNIVASTU.NS,134.25,0.009702115079678775,HOLD,0.5018421205644842,Neutral,0.5415549597855228,0.5067024128686327,Global 10d,8.5,3.8781239476949687,1.1220264173742533,0.3331843257172369,0.7710616709350586,0.05,47.805242757446734
Avanti Feeds Limited,AVANTIFEED.NS,711.0999755859375,-0.0006324393433370101,HOLD,0.5288031935640274,Neutral,0.5942782834850455,0.5552665799739922,Global 10d,7.6,2.0,,0.056783757475690644,18.3810985682251,,47.7930855559647
Cambridge Technology Enterprises Limited,CTE.NS,38.90999984741211,-0.03664272256997447,HOLD,0.5121430991863793,Neutral,0.6087516087516087,0.5894465894465895,Global 10d,9.3,4.0831649071139084,0.020991845296461253,0.3875610868720589,0.03615896380882263,0.05,47.79235472167253
Shaily Engineering Plastics Limited,SHAILY.NS,3009.10009765625,-0.017597095117123707,HOLD,0.4778318147623965,Neutral,0.6403940886699507,0.6009852216748768,Global 10d,7.0,2.0,0.1454431031828134,0.07375370195281938,35.1879933,,47.78051439140391
M K Proteins Limited,MKPL.NS,3.9000000953674316,-0.022556369412079502,HOLD,0.49039278280603343,Neutral,0.814404432132964,0.7867036011080333,Global 10d,7.9,3.3557030904789538,0.05978261538568197,0.20512812675260572,0.032416589229011535,,47.7611507426082
Ankit Metal & Power Limited,ANKITMETAL.NS,2.059999942779541,0.04568523495545507,HOLD,0.5333019769927541,Neutral,0.6639209225700164,0.6309719934102141,Global 10d,5.5,1.9999999999999913,0.25227961499384755,,0.0018882650083303452,,47.7339426897728
The United Nilgiri Tea Estates Company Limited,UNITEDTEA.NS,416.95001220703125,-0.025590048716154223,HOLD,0.4921369266355305,Neutral,0.5349740932642487,0.5038860103626943,Global 10d,5.2,1.6042418031065593,0.009017116306533568,0.07851093253661423,0.10029864145202637,,47.72803415281446
GANESH HOUSING LIMITED,GANESHHOU.NS,699.0999755859375,-0.027677363580059122,HOLD,0.4880162091916036,Neutral,0.5841836734693877,0.5510204081632653,Global 10d,6.4,1.9683007495172535,0.021597660162151477,0.05124541340889355,1.8438476309814453,,47.68160677105295
Integra Essentia Limited,ESSENTIA.NS,1.0,0.0,HOLD,0.4851826122854492,Neutral,0.7411347517730497,0.7216312056737588,Global 10d,6.9,10.807019084884661,,0.440000057220459,0.1905936546002865,,47.6683504724285
Mahindra Holidays & Resorts India Limited,MHRIL.NS,194.85000610351562,0.003088834509732852,HOLD,0.5053420275571021,Neutral,0.6427656850192062,0.6338028169014085,Global 10d,6.4,5.524299775142153,0.03527973621372382,0.21493450506629364,2.548049319168091,,47.66183819127524
PCBL Chemical Limited,PCBL.NS,320.3500061035156,-0.003576963908194064,HOLD,0.46489328139506864,Neutral,0.5692307692307692,0.5346153846153846,Global 10d,7.0,2.407674887228906,0.03606083203532462,0.01793967656314588,35.99356067024994,,47.63999714432368
Kohinoor Foods Limited,KOHINOOR.NS,28.950000762939453,-0.035964032601116025,HOLD,0.48623722274633624,Neutral,0.7067567567567568,0.6662162162162162,Global 10d,8.5,2.0,0.0108240705271474,0.024179579866779433,0.4131349758556366,,47.6351909829159
DRC Systems India Limited,DRCSYSTEMS.NS,13.020000457763672,-0.009885868025685252,HOLD,0.47821367454036295,Neutral,0.7747035573122529,0.7272727272727273,Global 10d,8.3,2.1927439595423404,0.04746585982084506,0.10983097551650034,0.051770981698179244,,47.63158217425689
Sammaan Capital Limited,SAMMAANCAP.NS,133.11000061035156,0.004755471792950328,HOLD,0.5256527399846083,Neutral,0.5911330049261084,0.6157635467980296,Global 10d,5.7,4.052576613872645,0.031860469847686534,0.14476751697169155,58.475112319732666,,47.626435093987254
Lemon Tree Hotels Limited,LEMONTREE.NS,107.86000061035156,0.0017646739540955192,HOLD,0.49492021071359726,Neutral,0.6,0.6050632911392405,Global 10d,5.9,5.632520879551663,0.007974573311702482,0.07250138745200152,22.045536166148377,,47.61458420396884
Kalyani Steels Limited,KSL.NS,913.0,-0.05427804339021647,HOLD,0.5098660764942594,Neutral,0.5612244897959183,0.5267857142857143,Global 10d,8.0,2.0,0.11887254901960786,0.06395850995878094,10.3686128,,47.60348789834241
Agarwal Industrial Corporation Limited,AGARIND.NS,386.0,-0.015180538389391374,HOLD,0.5178477469304542,Neutral,0.6086956521739131,0.6504347826086956,Global 10d,7.2,4.4792451950471595,0.08085584229592668,0.22483158358375133,1.4144946883026124,,47.60004541097825
Akash Infra-Projects Limited,AKASH.NS,24.950000762939453,0.000400971478255574,HOLD,0.4607706462961802,Neutral,0.6834862385321101,0.6674311926605505,Global 10d,6.3,3.146717510966145,0.032129092889508604,0.04208413647105802,0.007707833005428314,,47.575945149319104
Indian Railway Catering And Tourism Corporation Limited,IRCTC.NS,452.79998779296875,-0.0028628458336785734,HOLD,0.50122316298539,Neutral,0.6666666666666666,0.7320872274143302,Global 10d,5.6,2.964108316552519,0.015188153637998747,0.05894461423706665,29.729393685253907,,47.573363192401374
Pritika Auto Industries Limited,PRITIKAUTO.NS,16.110000610351562,-0.05679152913860319,HOLD,0.5359723257551758,Neutral,0.7161016949152542,0.6779661016949152,Global 10d,9.3,2.0,0.13690899954920877,0.043451199818144826,0.3115052994743347,0.05,47.558577939700605
The Indian Hotels Company Limited,INDHOTEL.NS,718.0,-0.014616103832051142,HOLD,0.4879824213887984,Neutral,0.5267857142857143,0.5076530612244898,Global 10d,4.8,2.110674056604925,0.01629576710610614,0.044227698865999754,111.82515540183105,,47.557479474750956
Repco Home Finance Limited,REPCOHOME.NS,337.75,-0.01155988313116596,HOLD,0.49179261472425484,Neutral,0.5984126984126984,0.5984126984126984,Global 10d,5.1,3.6379139880108595,0.020896944486726632,0.09228243565991812,2.316586101330566,,47.55569323304157
Praj Industries Limited,PRAJIND.NS,303.25,-0.008500918919830402,HOLD,0.4843468651950876,Neutral,0.5905006418485238,0.5956354300385109,Global 10d,4.9,5.555833203225889,0.019697852944323024,0.13456648068862065,12.694020604333495,,47.540004288930156
Jio Financial Services Limited,JIOFIN.NS,212.0,-0.0023529411764705577,HOLD,0.5291711414127648,Neutral,0.60431654676259,0.6330935251798562,Global 10d,5.0,5.370441286334429,,0.15766623045284178,270.2520127611717,,47.525223737304906
Fortis Healthcare Limited,FORTIS.NS,763.7999877929688,-0.027006384977109832,BUY,0.5637286679166547,Neutral,0.5115979381443299,0.5940721649484536,Global 10d,6.3,4.849211671258145,,0.23811396159672027,91.8630920167633,,47.519766729166065
Cyber Media (India) Limited,CYBERMEDIA.NS,17.690000534057617,-0.015033327626863158,SELL,0.4379927659171757,Sell,0.6432584269662921,0.5926966292134832,Global 10d,8.7,2.000000000000002,0.10562503337860107,0.014697545802691891,0.07096837826194763,0.05,47.50467006603632
EPL Limited,EPL.NS,232.38999938964844,-0.019451479368571944,HOLD,0.4853149890336214,Neutral,0.5668380462724936,0.5745501285347043,Global 10d,5.0,3.7048576500276464,0.01925438328793172,0.030143314691727374,53.92324050767517,,47.48833737175286
Pyramid Technoplast Limited,PYRAMID.NS,154.33999633789062,-0.010704430663076137,HOLD,0.5060929507354751,Neutral,0.5985401459854015,0.5766423357664234,Global 10d,5.9,1.999999999999997,0.010578283481340156,0.059152334467060586,0.5450601559875489,,47.45239549708441
Ester Industries Limited,ESTER.NS,93.4000015258789,-0.022194254519390055,HOLD,0.4857414282877624,Neutral,0.6558988764044944,0.627808988764045,Global 10d,9.1,3.040043928170076,0.04079495288890467,0.02186850618979097,0.3763405185836792,,47.44992185783262
Graphite India Limited,GRAPHITE.NS,816.4000244140625,0.0384786606380203,HOLD,0.4685997864087403,Neutral,0.5525641025641026,0.5025641025641026,Global 10d,7.6,2.0000000000000027,0.20324248255572952,0.07098229965569414,137.57108532179566,,47.432714843765154
Mukta Arts Limited,MUKTAARTS.NS,55.91999816894531,-0.020493991601251427,HOLD,0.4735913849262939,Neutral,0.5818181818181818,0.5571428571428572,Global 10d,8.8,3.2400693112201053,0.026997197160856468,0.10094782814651815,0.009365525715637207,,47.42361062808162
National Aluminium Company Limited,NATIONALUM.NS,340.0,0.015228444898365723,HOLD,0.5083888756581418,Neutral,0.4802547770700637,0.5528662420382165,Global 10d,5.3,2.9145026153768376,0.02347098268509451,0.08107582423134341,165.35029218272706,,47.412802440452694
Silgo Retail Limited,SILGO.NS,70.16999816894531,-0.0005697324604607701,SELL,0.4416477952109525,Sell,0.6081081081081081,0.5675675675675675,Global 10d,5.6,2.088066212137768,0.042903087151155095,0.0959099833625483,0.2849627556724548,,47.39485729883941
Kellton Tech Solutions Limited,KELLTONTEC.NS,12.420000076293945,-0.03346305777514691,HOLD,0.5218740767402127,Neutral,0.6767676767676768,0.6646464646464647,Global 10d,7.1,4.828598783840194,,0.2640901540114904,2.2945213943984983,,47.39067353398032
The Federal Bank  Limited,FEDERALBNK.NS,327.3500061035156,0.028755479401211037,HOLD,0.4989641882481348,Neutral,0.5076923076923077,0.5512820512820513,Global 10d,4.3,3.2203504645168346,0.18537835055413265,0.11257065958893797,180.300882125,,47.386858895782765
Hindustan Unilever Limited,HINDUNILVR.NS,1838.4000244140625,0.0013072028399032654,HOLD,0.5128484564338046,Neutral,0.5468549422336328,0.5892169448010269,Global 10d,4.5,8.653539945665083,,0.20657460505672542,241.28171392404786,,47.375756155023566
Bcl Industries Limited,BCLIND.NS,31.239999771118164,-0.017301073563056768,HOLD,0.529504500814244,Neutral,0.6600790513833992,0.6403162055335969,Global 10d,6.9,2.0,0.002322185921312947,0.013519395437528114,1.4665707206439973,,47.37510589239763
NOCIL Limited,NOCIL.NS,168.85000610351562,-0.013207845823005715,HOLD,0.49314354964817686,Neutral,0.611749680715198,0.5644955300127714,Global 10d,8.9,2.4377159576701923,0.06940235622406599,0.04871904769799529,26.50518262694092,,47.358500853898356
The Motor & General Finance Limited,MOTOGENFIN.NS,25.079999923706055,-0.016470591227213505,HOLD,0.4860135355609489,Neutral,0.6945169712793734,0.6488250652741514,Global 10d,9.2,1.9999999999999982,0.019097899296954823,0.0562200897807561,0.10432219841766358,0.02,47.357977498748
Vijaya Diagnostic Centre Limited,VIJAYA.NS,1428.0,-0.006746853656055651,HOLD,0.501133959094843,Neutral,0.5502183406113537,0.5327510917030568,Global 10d,6.3,2.6014725110284007,0.034782608695652195,0.10001459443659622,15.704494115368652,,47.35698292914619
Inox Green Energy Services Limited,INOXGREEN.NS,149.9499969482422,-0.05691825818715601,BUY,0.551470896937869,Neutral,0.6744186046511628,0.6395348837209303,Global 10d,7.9,1.6292270964525981,0.13101519744525203,0.09856618259484495,22.32751242015381,,47.33938173480959
Indian Renewable Energy Development Agency Limited,IREDA.NS,109.0,-0.018018018018018056,HOLD,0.5022212935945459,Neutral,0.6141732283464567,0.6299212598425197,Global 10d,6.0,5.258740884141447,0.015078776756524359,0.10402058111240575,40.29437203458977,,47.3134897563213
The Grob Tea Company Limited,GROBTEA.NS,878.5,-0.0336596374521021,HOLD,0.45760744662112773,Neutral,0.653276955602537,0.638477801268499,Global 10d,6.5,3.4649069525705656,0.025986415993570322,0.1046456819873125,0.009051580017089843,,47.29784638171478
CIE Automotive India Limited,CIEINDIA.NS,378.0,0.004384200530690441,HOLD,0.4842266219224343,Neutral,0.5879332477535302,0.5969191270860077,Global 10d,5.2,2.8066785532091103,0.002180810905308306,0.11861556229054782,8.849294183612061,,47.287841597478256
Can Fin Homes Limited,CANFINHOME.NS,711.0,-0.011401574065422526,HOLD,0.5161817828851777,Neutral,0.5389527458492975,0.5504469987228608,Global 10d,4.7,5.250810421166367,,0.19880446636559412,17.962551303149414,,47.275755810925546
Divi's Laboratories Limited,DIVISLAB.NS,9196.0,-0.0057303492269434875,HOLD,0.4973068968247893,Neutral,0.5515463917525774,0.5322164948453608,Global 10d,4.1,1.9999999999999931,0.03059509133699434,,465.84656545,,47.26985388443565
Veto Switchgears And Cables Limited,VETO.NS,136.7899932861328,-0.04154994313235827,HOLD,0.49633805522426977,Neutral,0.6214689265536724,0.5781544256120528,Global 10d,8.2,2.0,0.1732626402274864,0.11735978721493456,1.162686281427002,,47.24764878979379
21st Century Management Services Limited,21STCENMGM.NS,38.0,-0.017326046047847155,HOLD,0.5092598593140835,Neutral,0.6520681265206812,0.6520681265206812,Global 10d,6.2,3.7614935833404464,0.01713060436811409,0.0818421213250411,0.010299771322631835,0.02,47.24486430476228
Lakshmi Finance & Industrial Corporation Limited,LFIC.NS,133.82000732421875,0.019814099065146307,SELL,0.4441042283809533,Sell,0.6445047489823609,0.5902306648575305,Global 10d,9.5,2.0,0.016569016949700144,0.09774640102792098,0.021557316708374023,,47.19772284569441
Ind-Swift Laboratories Limited,INDSWFTLAB.NS,385.75,-0.02378841969297063,HOLD,0.4679958482762731,Neutral,0.582798459563543,0.5340179717586649,Global 10d,7.5,2.0,0.204715756695806,,25.078240125207518,,47.186774997492336
Gujarat Pipavav Port Limited,GPPL.NS,167.60000610351562,0.010368948457158744,HOLD,0.4927025111727403,Neutral,0.5502008032128514,0.5153949129852744,Global 10d,5.2,2.0,0.060692436744973044,0.006316194002443876,22.278742888536073,,47.18466535965828
Hi-Tech Pipes Limited,HITECH.NS,71.41999816894531,-0.016388960630811522,HOLD,0.508548814581653,Neutral,0.6934156378600823,0.6995884773662551,Global 10d,6.4,13.726799285305052,0.014200511587644238,0.2598712638452363,3.698827421170044,,47.16240236000933
Schneider Electric Infrastructure Limited,SCHNEIDER.NS,1268.0999755859375,-0.005723732702199613,HOLD,0.49579336972066795,Neutral,0.5326409495548962,0.526706231454006,Global 10d,6.7,3.254034930808716,0.02019306161378731,0.08035645956619364,28.964363159997557,0.05,47.1588683902219
Triveni Engineering & Industries Limited,TRIVENI.NS,230.9199981689453,-0.02028001205424934,HOLD,0.48902134955956483,Neutral,0.5467349551856594,0.5224071702944942,Global 10d,8.0,6.385471181663387,0.05404001861159413,0.35766985195286627,13.797465847351074,0.05,47.14667897156664
Dangee Dums Limited,DANGEE.NS,2.9000000953674316,-0.006849308357518069,HOLD,0.4726323090983065,Neutral,0.7436619718309859,0.6901408450704225,Global 10d,9.6,2.0,0.03202852470483175,0.07586203522971458,0.0150689,,47.143091125527135
Visagar Polytex Limited,VIVIDHA.NS,0.5,-0.01960782480441492,HOLD,0.48464089155719486,Neutral,0.706436420722135,0.6828885400313971,Global 10d,8.4,3.1249981914056844,0.04166668994973155,0.13999998569488525,0.012071536952579022,,47.12734633764768
Apollo Pipes Limited,APOLLOPIPE.NS,512.5999755859375,0.009353095255164146,HOLD,0.4687539299881176,Neutral,0.6273885350318471,0.6114649681528662,Global 10d,6.9,3.439877114300659,0.03242693975012578,0.02082045106197805,8.437521571405028,,47.119901071225
Intellect Design Arena Limited,INTELLECT.NS,600.2000122070312,-0.01759554756561188,HOLD,0.5373626134089905,Neutral,0.5981651376146789,0.620183486238532,Global 10d,7.3,6.7613102043423865,0.01811403321964944,0.15350063310423723,17.708092499588012,,47.109578178975816
Platinum Industries Limited,PLATIND.NS,202.0,-0.023446971043783793,HOLD,0.5028037409769771,Neutral,0.543859649122807,0.6140350877192983,Global 10d,6.2,9.505108386604732,0.014820381326370091,0.1856435643564356,1.040502,,47.09532511603776
Bang Overseas Limited,BANG.NS,31.440000534057617,-0.025720480692040693,HOLD,0.470896884743119,Neutral,0.6201550387596899,0.5710594315245479,Global 10d,9.4,2.0,0.13093530204650272,0.008269727241263514,0.072410620003891,,47.09068698454638
Aksh Optifibre Limited,AKSHOPTFBR.NS,7.070000171661377,0.014347257457661522,HOLD,0.4690322271840035,Neutral,0.682741116751269,0.633248730964467,Global 10d,9.8,2.0,0.11338587052631932,0.03606787409206191,0.2502575094226837,0.05,47.08979835677777
GRM Overseas Limited,GRMOVER.NS,77.87000274658203,-0.013304554570763405,HOLD,0.501515544222062,Neutral,0.7237569060773481,0.7071823204419889,Global 10d,7.4,4.554156300207851,,0.2391164050396133,8.841165094146728,,47.08609028660956
India Nippon Electricals Limited,INDNIPPON.NS,1224.4000244140625,-0.016072002256201534,SELL,0.44601088812026085,Sell,0.567741935483871,0.5109677419354839,Global 10d,9.2,2.0,0.16266266527336581,0.043939828230204814,10.313978485656738,,47.08087950157551
Bajaj Holdings & Investment Limited,BAJAJHLDNG.NS,10666.0,-0.011308861698183126,HOLD,0.48601600147622315,Neutral,0.5496774193548387,0.5135483870967742,Global 10d,5.8,2.0,0.05152120023571949,0.0022456300303625998,43.2782196,,47.06896812064833
Mawana Sugars Limited,MAWANASUG.NS,145.9600067138672,0.05128212736803017,HOLD,0.4796248906307339,Neutral,0.6033163265306123,0.5561224489795918,Global 10d,8.1,2.0,0.18850264323332766,0.12359545393484073,2.6122906295684816,0.05,47.05796795562531
KEI Industries Limited,KEI.NS,4638.2001953125,0.03025326417425589,HOLD,0.5147248697721668,Neutral,0.5237483953786907,0.5301668806161746,Global 10d,5.1,4.332658242809838,0.04299532163537223,0.1433314166472086,141.3282398,,47.044927699288756
Marico Limited,MARICO.NS,781.3499755859375,-0.0059160615954994,HOLD,0.5077511168214008,Neutral,0.5205655526992288,0.512853470437018,Global 10d,4.1,1.9999999999999953,0.08482219714405215,0.036407299051932185,125.69987263477783,,47.03757715896781
Ventive Hospitality Limited,VENTIVE.NS,552.2000122070312,-0.011103173237746566,HOLD,0.4871453286102314,Neutral,0.6891891891891891,0.7297297297297297,Global 10d,5.5,4.694210708914301,0.017692659515376796,0.10467219578998921,1.445671907498169,,47.030316966858315
Ramky Infrastructure Limited,RAMKY.NS,274.6000061035156,-0.016123252961631973,HOLD,0.5454691351609541,Neutral,0.6166219839142091,0.6032171581769437,Global 10d,8.5,7.032918701560833,,0.48806212235669255,1.1773383959106445,,47.02466319236406
Sai Life Sciences Limited,SAILIFE.NS,1511.300048828125,-0.01940040441930657,HOLD,0.4772928617471102,Neutral,0.26666666666666666,0.8,Global 10d,5.5,7.619389636530401,0.01130890266191531,0.12287431031042995,75.24145296663818,,47.016475387711864
Dabur India Limited,DABUR.NS,378.6499938964844,0.011756830718729017,HOLD,0.4820531769125888,Neutral,0.5380645161290323,0.5703225806451613,Global 10d,4.7,6.127580096242883,0.028800452262148113,0.15674107238924395,76.71433469725037,,47.009291592635
The South Indian Bank Limited,SOUTHBANK.NS,48.540000915527344,0.023187232728945517,HOLD,0.4949639832986303,Neutral,0.5441741357234315,0.5224071702944942,Global 10d,6.1,2.0,0.09324327325600357,0.016887207434758578,51.70674010531464,,46.99264232448573
Indo-National Limited,NIPPOBATRY.NS,314.45001220703125,-0.039554007119339096,HOLD,0.4770315633795623,Neutral,0.6507731958762887,0.6224226804123711,Global 10d,7.0,2.797550432586604,0.2380584365814753,0.14400284971360033,0.05196033362121582,,46.98275653303286
UNO Minda Limited,UNOMINDA.NS,1111.0,-0.05042735042735047,HOLD,0.5262085724532151,Neutral,0.5441741357234315,0.5249679897567221,Global 10d,6.7,2.0,0.007126427888705544,0.06559801924131214,61.671402,,46.97748302268519
MphasiS Limited,MPHASIS.NS,2250.199951171875,0.04446716170192233,HOLD,0.48755177355036167,Neutral,0.5579617834394904,0.5210191082802548,Global 10d,6.1,1.6918609040953319,0.02650419731185827,0.0519245024875874,69.3745825,,46.976608093509626
L&T Technology Services Limited,LTTS.NS,3219.5,-0.014780601048539066,HOLD,0.5044898446754206,Neutral,0.6089743589743589,0.6217948717948718,Global 10d,6.0,3.66224435117199,0.021414974619289318,0.09470988186941476,16.63265307397461,,46.95170247065766
DOMS Industries Limited,DOMS.NS,2097.5,-0.004508780256288536,HOLD,0.46895714528874316,Neutral,0.6470588235294118,0.7478991596638656,Global 10d,4.8,3.677046344090071,0.01910132360893324,0.08696062090286061,5.880474946289063,,46.9485913271005
General Insurance Corporation of India,GICRE.NS,319.1000061035156,-0.014819351291814997,HOLD,0.5011443935534765,Neutral,0.644927536231884,0.6304347826086957,Global 10d,5.1,2.555177903183057,,0.09977855797501478,16.534761997787477,,46.944808835902585
Uniphos Enterprises Limited,UNIENTER.NS,87.0199966430664,-0.01949299557108275,HOLD,0.4978419992248126,Neutral,0.6305483028720626,0.6253263707571801,Global 10d,6.4,8.127812267412414,0.027459137643032427,0.25677106510519576,0.04324952928924561,,46.938147666733826
Maruti Suzuki India Limited,MARUTI.NS,11386.0,-0.04855017966073372,HOLD,0.5248626804615295,Neutral,0.4662420382165605,0.5031847133757962,Global 10d,5.3,5.970951864195838,,0.17457291638280514,426.313767,,46.90980068974314
EIH Associated Hotels Limited,EIHAHOTELS.NS,296.1000061035156,-0.0035335278968052775,HOLD,0.48526559045071505,Neutral,0.6254826254826255,0.5855855855855856,Global 10d,6.1,1.5660899051213943,0.025746781823974496,0.04694357855441922,0.3980374134338379,,46.903070290726
Privi Speciality Chemicals Limited,PRIVISCL.NS,3573.0,-0.003791919167441371,HOLD,0.48635850623141846,Neutral,0.540952380952381,0.540952380952381,Global 10d,5.2,3.093997419877098,0.024234445744899746,0.0021969416774485495,34.4703411022583,,46.900341880703444
Ddev Plastiks Industries Limited,DDEVPLSTIK.NS,247.61000061035156,-0.007575147854302355,HOLD,0.5007643028533549,Neutral,0.6056338028169014,0.5633802816901409,Global 10d,6.5,2.0,0.07161515826869702,0.05695059527946089,1.9236176210464477,,46.897125220872255
Steelcast Limited,STEELCAS.NS,356.45001220703125,-0.055010602673605136,HOLD,0.5004676908085899,Neutral,0.589041095890411,0.54337899543379,Global 10d,8.1,2.0000000000000018,0.21583843160931893,0.021181056345661142,4.702352424163818,,46.89709003963851
Exxaro Tiles Limited,EXXARO.NS,6.039999961853027,-0.004942373799000865,HOLD,0.4739809368784897,Neutral,0.7359307359307359,0.7359307359307359,Global 10d,5.7,3.160689327760483,0.007506268082230205,0.14072846192068433,0.12103876142072678,,46.869410071090556
Ausom Enterprise Limited,AUSOMENT.NS,139.0,-0.01194194457809683,HOLD,0.45765756144507175,Neutral,0.6136054421768707,0.563265306122449,Global 10d,7.4,2.0,0.21554472768199817,0.09980790792069016,0.08394981655883789,0.05,46.86823692206575
Manugraph India Limited,MANUGRAPH.NS,16.459999084472656,-0.04965361579126115,SELL,0.40627894065244347,Sell,0.6611039794608472,0.6213093709884467,Global 10d,10.0,3.033129219320119,0.12662556271518466,0.022478788567031893,0.034772007732391357,0.05,46.86383226926675
Brooks Laboratories Limited,BROOKS.NS,54.79999923706055,-0.017921147198436405,HOLD,0.5219715987758603,Neutral,0.6443812233285917,0.6201991465149359,Global 10d,9.1,3.451102229029951,0.2298024584421876,0.30748179787241514,0.1877119173866272,0.05,46.85002538894135
Sambhaav Media Limited,SAMBHAAV.NS,5.420000076293945,-0.055749077976336214,HOLD,0.5435530169413002,Neutral,0.6126943005181347,0.5906735751295337,Global 10d,9.0,3.863061607458928,0.06903350942449338,0.26752763631999965,0.01692891590666771,0.05,46.83865232071159
R. S. Software (India) Limited,RSSOFTWARE.NS,30.040000915527344,0.010427224287393955,HOLD,0.4975562242983403,Neutral,0.6058673469387755,0.5867346938775511,Global 10d,8.6,3.9999951068899895,0.0358621005354256,0.15778953792639472,0.06456672937431336,0.05,46.83798360673288
Quess Corp Limited,QUESS.NS,336.20001220703125,0.003731900147617706,HOLD,0.4764038311327183,Neutral,0.6059322033898306,0.5889830508474576,Global 10d,7.3,3.109621744133129,0.03765435866367661,0.029667075636085283,14.934476466696166,,46.833402792453406
Federal-Mogul Goetze (India) Limited.,FMGOETZE.NS,444.25,-0.003141465086185069,HOLD,0.47236878757835604,Neutral,0.5723514211886305,0.5568475452196382,Global 10d,7.3,3.2630479573191153,0.030264349312455696,0.04345563853655943,11.94867850635376,,46.824582172731695
Country Club Hospitality & Holidays Limited,CCHHL.NS,12.989999771118164,-0.0007692483755258328,HOLD,0.4918518995333028,Neutral,0.7015810276679841,0.6877470355731226,Global 10d,7.6,3.955836322906758,0.03259140301261021,0.03214014651785524,0.0286535115026474,,46.80673777443477
L&T Finance Limited,LTF.NS,263.75,-0.002269741213021481,HOLD,0.5482353968461667,Neutral,0.526241134751773,0.5375886524822695,Global 10d,6.7,2.8721808789242775,0.029871119539888857,0.09725116169283177,131.2445360583893,,46.80452115036234
Restaurant Brands Asia Limited,RBA.NS,93.98999786376953,0.01919319691647381,HOLD,0.4832622942841298,Neutral,0.6083650190114068,0.5855513307984791,Global 10d,6.3,3.7099853898034687,0.47852758085544034,0.18257265722020044,24.257189439662934,,46.799870100771756
Kajaria Ceramics Limited,KAJARIACER.NS,1225.0999755859375,-0.008096510564058579,HOLD,0.4759512588108383,Neutral,0.6028097062579821,0.5708812260536398,Global 10d,5.7,2.0116467588622116,0.0372724233154027,0.006991032549067633,19.09223502113037,,46.7874651294789
AWL Agri Business Limited,AWL.NS,176.14999389648438,0.004104208235554019,HOLD,0.48737655232955746,Neutral,0.7061611374407583,0.6966824644549763,Global 10d,5.5,2.7681982216930163,0.0343487708123158,0.10530799713032546,25.738978889833067,,46.77152738215778
LLOYDS ENGINEERING WORKS LIMITED,LLOYDSENGG.NS,102.19999694824219,0.03956870599381257,HOLD,0.5024532898689861,Neutral,0.6453608247422681,0.5979381443298969,Global 10d,8.8,2.0,0.2073641994216111,,69.8935279824379,,46.757408613893766
Pavna Industries Limited,PAVNAIND.NS,15.359999656677246,-0.0064683299626765445,HOLD,0.4863851180494961,Neutral,0.7813765182186235,0.7489878542510122,Global 10d,9.1,2.2128040184171556,0.0019569297534567376,0.23307297899737156,0.10858369852867127,,46.746476273371314
GACM Technologies Limited,GATECH.NS,0.6499999761581421,-0.04411769217479555,HOLD,0.5214684791716727,Neutral,0.6509009009009009,0.6126126126126126,Global 10d,9.8,2.0,0.01562498544808455,0.03076929425347008,0.5422041869717598,,46.74028878871604
Future Market Networks Limited,FMNL.NS,8.079999923706055,-0.03233538268607217,HOLD,0.5187281250734088,Neutral,0.6227951153324288,0.5902306648575305,Global 10d,9.2,2.0654367378651246,0.10684927569743974,0.08415845440551517,0.04163058415193558,0.05,46.73132769532924
Archidply Industries Limited,ARCHIDPLY.NS,101.79000091552734,-0.016521730284760006,HOLD,0.4957330569592469,Neutral,0.637997432605905,0.6123234916559692,Global 10d,7.6,2.6648084686362696,0.04884078016197124,0.06975143344397039,0.16707689242858886,,46.73093038511607
Nahar Capital and Financial Services Limited,NAHARCAP.NS,237.30999755859375,-0.030992227550233453,HOLD,0.48820004606383827,Neutral,0.6521739130434783,0.6240409207161126,Global 10d,7.2,2.0,0.09490688886784282,0.07467978008020681,0.0449049897277832,,46.72937705233137
Royal Orchid Hotels Limited,ROHLTD.NS,298.6499938964844,-0.004002041629497133,HOLD,0.4661953979875835,Neutral,0.6248399487836107,0.6107554417413572,Global 10d,7.3,3.5972936684316,0.022773951700288952,0.09768635623998767,0.40564702821350096,,46.722850282420886
Tolins Tyres Limited,TOLINS.NS,84.58999633789062,-0.014791570736464976,HOLD,0.5222438853467252,Neutral,0.8522727272727273,0.8522727272727273,Global 10d,7.0,14.522729151651594,0.018665647944055452,0.3373921521585803,0.31088187769851683,,46.712270671532096
Satin Creditcare Network Limited,SATIN.NS,216.2899932861328,-0.0491493729923661,HOLD,0.47389785887318214,Neutral,0.5942307692307692,0.5865384615384616,Global 10d,6.0,4.084472858248208,0.02995234898158472,0.1386102190926266,4.553256342041015,,46.704877026450504
The Orissa Minerals Development Company Limited,ORISSAMINE.NS,3538.60009765625,-0.03091877374880181,HOLD,0.5333681961146566,Neutral,0.6090425531914894,0.6156914893617021,Global 10d,7.1,4.570505168477718,0.14129982185333012,0.2397558014271457,2.44266275,,46.69608181679959
Home First Finance Company India Limited,HOMEFIRST.NS,1096.199951171875,-0.026205917455437322,HOLD,0.5032107596540367,Neutral,0.5882352941176471,0.584313725490196,Global 10d,7.0,5.167732623319622,0.019365861919709015,0.034574006661417966,21.539208121582032,,46.68849049558643
Epigral Limited,EPIGRAL.NS,982.2000122070312,-0.029925913869598753,HOLD,0.5220698959155826,Neutral,0.6939655172413793,0.7327586206896552,Global 10d,7.3,12.845654252461376,0.013622303619227338,0.23600079913673344,3.5426355617370606,,46.68182202433709
Kakatiya Cement Sugar & Industries Limited,KAKATCEM.NS,103.08999633789062,-0.01987073551265539,HOLD,0.48721696107898027,Neutral,0.6619718309859155,0.6606914212548015,Global 10d,6.6,3.301237106526394,0.007230072054731362,0.1764574277268507,0.01565725376281738,,46.67202841595599
Blue Star Limited,BLUESTARCO.NS,1510.0,0.03453002552554163,HOLD,0.49205441616578155,Neutral,0.44316730523627074,0.5031928480204342,Global 10d,6.5,2.977421303413904,0.006170332571180159,0.13199803090199214,100.89553674224854,,46.67114035260065
The Andhra Sugars Limited,ANDHRSUGAR.NS,91.05999755859375,-0.022436971906055314,HOLD,0.4808387864135086,Neutral,0.604381443298969,0.6108247422680413,Global 10d,5.5,2.9113925941943837,0.011322545163690023,0.14469726625452717,2.8685253548698424,,46.66110399856498
Indian Terrain Fashions Limited,INDTERRAIN.NS,29.219999313354492,-0.006798122448021693,HOLD,0.4631649178089074,Neutral,0.6629834254143646,0.6243093922651934,Global 10d,8.3,1.933104704393229,0.0006848818456341998,0.15799685742220504,0.04690974263591766,,46.64068293234163
Sadbhav Engineering Limited,SADBHAV.NS,6.800000190734863,-0.048951034960032724,HOLD,0.5427487113161581,Neutral,0.6101910828025477,0.6063694267515923,Global 10d,8.6,5.563664596273292,0.12396693824052618,0.36029407949183745,0.1274898626373291,0.02,46.64050809799764
Timken India Limited,TIMKEN.NS,3098.800048828125,-0.01186222932776626,HOLD,0.4918531710833383,Neutral,0.5522959183673469,0.5573979591836735,Global 10d,5.8,3.990825414851732,0.02071617297204975,0.024956302347342696,13.060626473828124,,46.63894558126319
Navkar Corporation Limited,NAVKARCORP.NS,85.06999969482422,0.00223848312387398,HOLD,0.5031114683637861,Neutral,0.6588693957115009,0.6510721247563354,Global 10d,7.2,2.9742240535789413,0.14881831450248417,0.16856710965943056,2.6889674777557375,,46.619019376713155
RattanIndia Power Limited,RTNPOWER.NS,6.730000019073486,-0.0014836427869816537,HOLD,0.5129601371069114,Neutral,0.6159695817490495,0.6121673003802282,Global 10d,5.8,7.751414954429706,,0.2912332177942023,9.822456841194201,,46.598577197550895
Aditya Birla Fashion and Retail Limited,ABFRL.NS,44.34000015258789,-0.004266755713393855,BUY,0.5609517689181153,Neutral,0.6170212765957447,0.6366612111292962,Global 10d,6.9,10.16158065121508,,0.442715360694939,16.868232638027383,,46.5809217792391
Loyal Textile Mills Limited,LOYALTEX.NS,206.5,-0.004819277108433773,SELL,0.4313845080164711,Sell,0.6162162162162163,0.5567567567567567,Global 10d,9.0,2.133881870842315,0.05357911521866665,0.11864406779661008,0.005422713075256348,0.02,46.55228118267566
BOROSIL RENEWABLES LIMITED,BORORENEW.NS,449.6000061035156,-0.018661983863085152,HOLD,0.5095280267600182,Neutral,0.6269430051813472,0.6113989637305699,Global 10d,7.9,4.92554299420696,0.20085473673331,0.2782473407589605,21.1817553,,46.536769598695926
Procter & Gamble Hygiene and Health Care Limited,PGHH.NS,6639.0,-0.023461057586232292,HOLD,0.5440523771192769,Neutral,0.6251604621309371,0.6469833119383825,Global 10d,6.3,9.604879574544693,,0.35589702897092845,13.808647,,46.53595218929718
PG Electroplast Limited,PGEL.NS,487.70001220703125,0.01371857414214106,HOLD,0.5292952366582545,Neutral,0.5155807365439093,0.5070821529745042,Global 10d,5.9,4.458921577328923,0.07402693430033502,0.18556858743074822,42.97609304511719,,46.504054319405554
Mangal Credit and Fincorp Limited,MANCREDIT.NS,218.97000122070312,-0.00797351760477727,HOLD,0.49328245855240666,Neutral,0.3888888888888889,0.5777777777777777,Global 10d,5.1,4.7805981095914,0.036211301806359675,0.19012982310252813,2.9336340812164305,,46.481608625476696
63 moons technologies limited,63MOONS.NS,802.25,-0.010850117656638236,HOLD,0.4843370294092432,Neutral,0.5734355044699873,0.541507024265645,Global 10d,8.9,2.175097834687823,0.08796022630447453,0.17064009168207717,25.124766316186523,,46.47741840720709
Union Bank of India,UNIONBANK.NS,167.97000122070312,0.0022674675763243446,HOLD,0.4901687703451711,Neutral,0.5614702154626109,0.5310519645120405,Global 10d,5.2,2.0,0.0538362330970481,0.02700955605582922,123.36424074626083,,46.47528377262254
Suraj Limited,SURAJLTD.NS,193.50999450683594,-0.007641053811097809,HOLD,0.49051783523885367,Neutral,0.8539325842696629,0.8651685393258427,Global 10d,6.6,4.736473971057183,0.007864554723103767,0.21389075791734524,0.011800449813842774,,46.46938349104324
Vikas EcoTech Limited,VIKASECO.NS,1.0099999904632568,-0.019417457749564604,HOLD,0.4828742931881096,Neutral,0.7179856115107913,0.716546762589928,Global 10d,5.9,6.0120276770258005,0.020202000741265103,0.14851482928167314,0.16247258855956792,,46.4549435006931
Asahi Songwon Colors Limited,ASAHISONG.NS,371.25,-0.045997672304334825,HOLD,0.49505014411444775,Neutral,0.594017094017094,0.5484330484330484,Global 10d,8.8,1.5105496065549966,0.09248611677198681,0.11051115447111926,0.4400140938720703,,46.43723273790417
Suprajit Engineering Limited,SUPRAJIT.NS,481.04998779296875,-0.0003117714261361426,HOLD,0.4768103613874,Neutral,0.5818181818181818,0.5675324675324676,Global 10d,5.5,2.599712251295406,0.03435483467386513,0.031123332536819426,3.2833635506256105,,46.43360754803111
Nectar Lifesciences Limited,NECLIFE.NS,10.229999542236328,-0.025714329310825845,HOLD,0.5157312800101628,Neutral,0.6234096692111959,0.6170483460559797,Global 10d,8.0,7.582769754414464,0.021467766212380335,0.1964809695819829,0.12751775,0.05,46.43347899005033
Panacea Biotec Limited,PANACEABIO.NS,359.04998779296875,-0.01898910439079582,HOLD,0.5055926814116738,Neutral,0.5732647814910026,0.5424164524421593,Global 10d,7.5,2.290835245016657,0.04862731948972532,0.016571542708036624,2.6943588,,46.423012174498396
JSW Holdings Limited,JSWHL.NS,11258.0,-0.007756037369998192,HOLD,0.45810373961077766,Neutral,0.5747422680412371,0.5373711340206185,Global 10d,7.2,1.749081364829398,0.0007111111111111068,0.08456208918102681,3.1126939,,46.422458674669905
KIOCL Limited,KIOCL.NS,323.8500061035156,-0.025428775202717357,HOLD,0.5180292849457305,Neutral,0.6039387308533917,0.5973741794310722,Global 10d,7.7,2.6620329314704865,0.002476453616396812,0.13941637500557147,2.312710048587036,,46.39573233712622
Hindustan Media Ventures Limited,HMVL.NS,77.44000244140625,0.019483983343492772,HOLD,0.5148907819406189,Neutral,0.6181575433911882,0.6008010680907877,Global 10d,8.5,4.732917582769566,0.2034188698939816,0.39669421813289496,0.18704498929672242,,46.38109182531163
Hindustan Composites Limited,HINDCOMPOS.NS,380.79998779296875,-0.001311303477595338,HOLD,0.4876122998675885,Neutral,0.6099476439790575,0.5837696335078534,Global 10d,6.1,2.3117328583664554,0.04853134172846563,0.11802237730170262,0.13767622776489258,,46.35566413174428
Jocil Limited,JOCIL.NS,147.83999633789062,0.01804155829199905,HOLD,0.4607715717074041,Neutral,0.5852713178294574,0.562015503875969,Global 10d,8.5,4.349634319311401,0.03338921930734129,0.024209463998312586,0.06552194344177246,,46.34834062569171
Hindware Home Innovation Limited,HINDWAREAP.NS,170.52999877929688,0.003294684677130677,HOLD,0.5084348696826775,Neutral,0.594855305466238,0.6237942122186495,Global 10d,7.8,8.328682126839063,0.0001759459196297719,0.4985339822800119,1.5125333328796386,,46.34188087349497
UPL Limited,UPL.NS,502.5,-0.027670255670937394,HOLD,0.5420329865875303,Neutral,0.5057618437900128,0.5556978233034571,Global 10d,6.4,4.215358172865021,,0.17611940298507456,120.60939974234924,,46.30164932937651
LTM Limited,LTM.NS,4007.0,-0.009394313967861612,HOLD,0.4993767049424062,Neutral,0.5590717299578059,0.5548523206751055,Global 10d,7.1,2.923431946467761,0.015174888686584787,0.058098279183304236,160.93976,,46.29282926177478
Eureka Forbes Limited,EUREKAFORB.NS,342.1499938964844,-0.029361719442597467,BUY,0.5523632142849147,Neutral,0.7078651685393258,0.7415730337078652,Global 10d,6.8,7.837058890261977,,0.41217305763839884,6.3886915632141115,,46.284827380912404
TCPL Packaging Limited,TCPLPACK.NS,3927.10009765625,-0.04277774967642112,HOLD,0.4784121704951847,Neutral,0.5961538461538461,0.5769230769230769,Global 10d,8.3,3.1002851773487743,0.03617416824703157,0.12319518032561438,2.6298500014282227,,46.28190488059085
Krishana Phoschem Limited,KRISHANA.NS,184.58999633789062,-0.019338041078836854,HOLD,0.4861215732182909,Neutral,0.5921658986175116,0.5506912442396313,Global 10d,5.9,2.0,0.07814957712363513,0.050436089405147655,11.32350975,,46.28019063777864
Havells India Limited,HAVELLS.NS,1046.699951171875,0.006442260742187456,HOLD,0.5199946153991283,Neutral,0.517948717948718,0.5512820512820513,Global 10d,5.6,4.947469382938637,,0.16636418294134847,79.47086834179078,,46.26639743662308
Kirloskar Brothers Limited,KIRLOSBROS.NS,1767.5999755859375,-0.004112935223230307,HOLD,0.4925559668011654,Neutral,0.5571245186136072,0.5340179717586649,Global 10d,7.1,2.5095506511466543,0.04086681569279982,0.05381081577366453,4.794657903881836,,46.263394450380446
EIH Limited,EIHOTEL.NS,298.29998779296875,0.0015107660910933518,HOLD,0.4776214487060974,Neutral,0.5936305732484076,0.5490445859872611,Global 10d,6.2,1.7831660395595434,0.06059904893733048,0.07660076110822489,4.722709964701843,,46.24830348431564
Anant Raj Limited,ANANTRAJ.NS,577.8499755859375,-0.035147851010223996,HOLD,0.5020115915349754,Neutral,0.5342639593908629,0.5888324873096447,Global 10d,7.0,5.594892579810278,0.011376564763714292,0.01416820237144023,101.37762850322265,,46.2473372194702
Hinduja Global Solutions Limited,HGS.NS,367.04998779296875,-0.008107012833299732,HOLD,0.4979685257488477,Neutral,0.6551724137931034,0.7126436781609196,Global 10d,5.4,2.5536559285313256,0.0836733744563718,0.09717968112625841,0.35666641625976564,,46.24349395827251
Kfin Technologies Limited,KFINTECH.NS,867.5,0.04266826923076916,HOLD,0.5033758357447315,Neutral,0.6227544910179641,0.6347305389221557,Global 10d,6.3,2.8701382216746256,0.014601588828089485,0.055449616795920864,45.805540605322264,,46.22783528851095
Sanofi Consumer Healthcare India Limited,SANOFICONR.NS,3787.199951171875,-0.004102266081819739,HOLD,0.5027035887750125,Neutral,0.7441860465116279,0.7674418604651163,Global 10d,5.0,3.457568531169057,,0.15301564740256768,1.8460122735351563,,46.201846105417296
Campus Activewear Limited,CAMPUS.NS,205.8300018310547,-0.01436575192115852,HOLD,0.4866773340139314,Neutral,0.693069306930693,0.7178217821782178,Global 10d,4.4,4.293145251062612,,0.13401835902967352,6.96954275579834,,46.200533367363235
S.J.S. Enterprises Limited,SJS.NS,2039.5999755859375,-0.05565333388496141,BUY,0.5617939788591846,Neutral,0.5714285714285714,0.5345622119815668,Global 10d,7.1,1.794489972122901,0.27197172539817305,0.11933256136132231,22.928421109887694,,46.18074354216925
Eicher Motors Limited,EICHERMOT.NS,6920.0,-0.032167832167832144,HOLD,0.5266243705380788,Neutral,0.4451530612244898,0.548469387755102,Global 10d,4.0,2.0000000000000053,0.002072984905141073,0.016022230191016007,263.425008,,46.175744659018385
Snowman Logistics Limited,SNOWMAN.NS,34.11000061035156,-0.015300195976771791,HOLD,0.49758557085654614,Neutral,0.6732142857142858,0.6625,Global 10d,6.7,2.5613405707654824,0.11836067574923148,0.1374962926645531,0.404228617301178,,46.1750731235147
Oriental Trimex Limited,ORIENTALTL.NS,4.809999942779541,-0.004140782865927561,HOLD,0.4602923777933927,Neutral,0.6379084967320261,0.6209150326797386,Global 10d,8.0,6.217221719450219,0.02340428467625899,0.1725571587484105,0.03265985099978447,,46.17433021868875
Sigachi Industries Limited,SIGACHI.NS,28.34000015258789,-0.015972190856196944,SELL,0.44991679762918374,Sell,0.6255707762557078,0.5936073059360731,Global 10d,10.0,3.3143376344150397,0.03086875988419724,0.36363510584150993,13.250799101454353,0.02,46.171550470053056
Ambika Cotton Mills Limited,AMBIKCO.NS,1505.800048828125,-0.009732952121158323,HOLD,0.48776164713754894,Neutral,0.6104725415070242,0.5938697318007663,Global 10d,4.5,2.7157794803733015,0.28310484885880527,0.09473733407120632,1.2647885935791017,,46.16679499901508
Sonata Software Limited,SONATSOFTW.NS,254.0,-0.00019682366131534845,HOLD,0.5474671728970111,Neutral,0.5694267515923567,0.578343949044586,Global 10d,8.1,4.616794577142602,0.023250743314503275,0.12746424020388725,24.416387320266722,,46.16288622959614
IRM Energy Limited,IRMENERGY.NS,259.5,0.006984818423379391,HOLD,0.4903197720860051,Neutral,0.6666666666666666,0.6434108527131783,Global 10d,6.9,2.0,0.00406263394612516,0.02199607416792393,1.3925514368041991,,46.15857788004628
Hindustan Zinc Limited,HINDZINC.NS,560.9500122070312,0.010629717221547264,HOLD,0.4818175195597953,Neutral,0.5153452685421995,0.5460358056265985,Global 10d,5.8,3.7200885334855274,0.020748400376783716,0.09383931335274243,227.061645,,46.134745949730984
Interarch Building Solutions Limited,INTERARCH.NS,1666.9000244140625,-0.0038843073414415175,HOLD,0.4854706914166563,Neutral,0.6,0.6777777777777778,Global 10d,6.1,3.2122337654771966,0.0180242495019467,0.0726498133134923,6.1493831505615235,,46.12171585818681
GMR Power and Urban Infra Limited,GMRP&UI.NS,100.8499984741211,-0.010012803032884543,HOLD,0.49379151053782283,Neutral,0.6908212560386473,0.6811594202898551,Global 10d,7.2,3.0137433627572134,0.03627207963795964,0.021318805735337953,15.15858121794777,,46.117961824575545
Gillette India Limited,GILLETTE.NS,6899.0,-0.014428571428571457,HOLD,0.49298501747479045,Neutral,0.5721649484536082,0.5721649484536082,Global 10d,4.7,3.296158612143742,,0.09639078127264811,12.7949295,,46.11591754040619
Prince Pipes And Fittings Limited,PRINCEPIPE.NS,246.89999389648438,-0.03460412943701119,HOLD,0.5056399524240294,Neutral,0.5838709677419355,0.6129032258064516,Global 10d,6.8,4.025951854340122,0.019198154883329765,0.0955855405127799,3.092587660934448,,46.108802671618406
Compucom Software Limited,COMPUSOFT.NS,13.050000190734863,-0.03189906276733656,HOLD,0.47892016147143823,Neutral,0.6796407185628742,0.6511976047904191,Global 10d,7.3,2.0,0.007318098631572845,0.06719019264912895,0.027683835102272035,,46.10792911931773
GPT Healthcare Limited,GPTHEALTH.NS,151.47000122070312,0.0048427471204528505,HOLD,0.4972852953490099,Neutral,0.45535714285714285,0.5625,Global 10d,6.1,3.9223759487679177,0.02614057152754845,0.020666801675206514,1.9215497213699342,,46.10372190288436
Somany Ceramics Limited,SOMANYCERA.NS,610.9000244140625,-0.005372822740772554,HOLD,0.49953476324532026,Neutral,0.6120358514724712,0.5902688860435339,Global 10d,5.6,2.0,0.15340318371529338,,5.737211063253784,,46.083050674708204
Zaggle Prepaid Ocean Services Limited,ZAGGLE.NS,171.72999572753906,-0.008372774047616494,HOLD,0.5011398579049634,Neutral,0.7557251908396947,0.732824427480916,Global 10d,7.2,2.0882909669924343,0.11252912055263775,0.09788620495433964,14.47900243777771,,46.069389253651636
SHREE CEMENT LIMITED,SHREECEM.NS,21900.0,-0.019914969791899773,HOLD,0.505315562026084,Neutral,0.5521628498727735,0.5801526717557253,Global 10d,5.2,4.799993084002374,,0.17624240751192644,36.617425,,46.0657781013042
BF Investment Limited,BFINVEST.NS,428.70001220703125,-0.012325713020154061,HOLD,0.4806057709163715,Neutral,0.5785123966942148,0.559228650137741,Global 10d,5.4,2.0,0.11065980603897185,0.0371720329425933,0.6583796709167481,,46.06476433710121
IRIS RegTech Solutions Limited,IRIS.NS,225.10000610351562,0.007699888902793495,HOLD,0.4828011445162133,Neutral,0.695067264573991,0.6547085201793722,Global 10d,8.3,1.6853502944190977,0.0074969364613584055,0.1195024130035518,0.4323862019775391,0.05,46.04624152304474
VLS Finance Limited,VLSFINANCE.NS,230.8699951171875,-0.013755398654692219,HOLD,0.49113558245415784,Neutral,0.6038461538461538,0.5846153846153845,Global 10d,6.4,2.000000000000002,0.0016125210630948406,0.07780504186907344,0.1632667891242981,,46.04353235066811
Rail Vikas Nigam Limited,RVNL.NS,196.9499969482422,-0.0002538225977554154,HOLD,0.5053471510611702,Neutral,0.6783625730994152,0.7309941520467836,Global 10d,7.4,4.392312848181223,0.009223690023339781,0.19839716519005668,78.57619600022736,,46.04224746797469
Ador Welding Limited,ADOR.NS,1570.4000244140625,-0.01344391491243957,HOLD,0.4721512412600904,Neutral,0.5428937259923176,0.5032010243277849,Global 10d,6.0,1.8964061735802384,0.05601509662812254,0.016938343843863723,4.594159509240723,,46.04137560684326
SRM Contractors Limited,SRM.NS,398.75,-0.01397130064727603,HOLD,0.5215334594933059,Neutral,0.6355140186915887,0.691588785046729,Global 10d,6.3,3.5109733147900544,0.03962980756301282,0.1507210184414185,1.7024430943054198,,46.03777074077266
Aspinwall and Company Limited,ASPINWALL.NS,240.10000610351562,-0.007235889831861186,HOLD,0.4735506074495775,Neutral,0.6220806794055201,0.5966029723991507,Global 10d,6.8,2.0,0.00376258012857833,0.040299656665063965,0.05288934096221924,,46.031430281094515
Pricol Limited,PRICOLLTD.NS,704.4500122070312,-0.0409121685404612,HOLD,0.5181193395299261,Neutral,0.5148771021992238,0.517464424320828,Global 10d,6.0,3.184992172076231,0.18719193125263334,0.16828729610146986,21.37530714151001,,46.02354237225063
Inox Wind Limited,INOXWIND.NS,67.80000305175781,-0.013818137428977306,HOLD,0.5217082287939788,Neutral,0.6399253731343284,0.6305970149253731,Global 10d,7.6,3.8274395314509833,,0.19675509937229663,69.60579146299285,,46.01750099193776
Lotus Eye Hospital and Institute Limited,LOTUSEYE.NS,115.68000030517578,-0.0018120552729194994,HOLD,0.48629341770884094,Neutral,0.6184895833333334,0.62109375,Global 10d,6.0,3.7346483086406024,0.02177273461348439,0.09785615201383902,0.07317696090202332,,46.015049122764054
Ramco Industries Limited,RAMCOIND.NS,302.29998779296875,-0.017230228235961986,HOLD,0.519446314570711,Neutral,0.5307692307692308,0.5038461538461538,Global 10d,6.4,2.0575617060563234,0.05112937107862536,0.07530442800457404,2.6488650692230227,,46.01375236474582
Indowind Energy Limited,INDOWIND.NS,8.4399995803833,-0.028768701043938694,HOLD,0.48767759201418803,Neutral,0.6560102301790282,0.6112531969309463,Global 10d,7.7,1.981534410498875,0.06030141798246902,0.12203794561818837,0.07546056685619354,,46.00640469370461
Parsvnath Developers Limited,PARSVNATH.NS,2.130000114440918,0.01913885259057757,HOLD,0.5493361987157037,Neutral,0.5730622617534943,0.6416772554002541,Global 10d,5.1,149.13888444613582,0.5777778346842688,3.6009388094831936,0.018530714856761693,0.02,46.00014326911852
Vardhman Textiles Limited,VTL.NS,529.25,-0.010007437018817233,HOLD,0.5096783724840652,Neutral,0.5749039692701664,0.5492957746478873,Global 10d,6.1,2.1044550657221355,0.04952948592183071,0.011450867915645091,13.054998765161132,,45.99798622996856
Railtel Corporation Of India Limited,RAILTEL.NS,252.3000030517578,-0.019051356620190196,HOLD,0.5029863803350382,Neutral,0.7265625,0.7421875,Global 10d,6.9,8.176891353405356,0.017338721982894434,0.1795481668799852,12.354695172935486,,45.98224820136816
Ice Make Refrigeration Limited,ICEMAKE.NS,623.6500244140625,-0.009371715500448019,HOLD,0.5351569219840929,Neutral,0.5945945945945946,0.6019656019656019,Global 10d,6.4,3.877196686911145,,0.2147269471320099,1.3703843972412109,,45.957846099204644
Palash Securities Limited,PALASHSECU.NS,84.5,0.0029673590504450953,HOLD,0.4820786142607627,Neutral,0.7222222222222222,0.7270531400966184,Global 10d,7.0,3.0420565664999524,0.0019762845849802257,0.1650887664253189,0.006303089778137207,0.02,45.95570936916462
U. Y. Fincorp Limited,UYFINCORP.NS,22.860000610351562,0.04862391790771192,HOLD,0.488223696465328,Neutral,0.5662650602409639,0.5301204819277108,Global 10d,6.7,2.0,0.21048452916566807,,0.17682785845155716,0.05,45.932793526609636
Happiest Minds Technologies Limited,HAPPSTMNDS.NS,304.20001220703125,-0.0016409582539178569,HOLD,0.5158821122782918,Neutral,0.6690909090909091,0.7345454545454546,Global 10d,5.7,8.143752709301031,,0.28410769726549034,19.098032133303832,,45.92743894724792
Crown Lifters Limited,CROWN.NS,111.52999877929688,-0.03244554500465924,HOLD,0.4771494869455144,Neutral,0.6442048517520216,0.6226415094339622,Global 10d,9.0,5.244197919537749,0.035561763598705554,0.058011308988771715,0.1651536221923828,,45.914510990220975
Entertainment Network (India) Limited,ENIL.NS,91.69000244140625,-0.01788772662840088,HOLD,0.5165865034689053,Neutral,0.6269230769230769,0.6128205128205129,Global 10d,6.4,2.5595012310123373,,0.12116916037221537,0.1025636681388855,,45.9119735851603
ACC Limited,ACC.NS,1182.800048828125,-0.017689500199057462,HOLD,0.5073301270724603,Neutral,0.5838668373879642,0.6094750320102433,Global 10d,5.4,6.090502628351213,,0.19607518209717045,13.023637975341797,,45.89983968695635
Five-Star Business Finance Limited,FIVESTAR.NS,519.0999755859375,0.025382667824074057,HOLD,0.4858683871916987,Neutral,0.6627906976744186,0.6337209302325582,Global 10d,8.2,2.0,0.0009302024752821936,0.013370509121253038,29.32032299213867,,45.89109603440388
Dc Infotech And Communication Limited,DCI.NS,342.95001220703125,0.023731379722481405,HOLD,0.4681130820464798,Neutral,0.571917808219178,0.5342465753424658,Global 10d,9.2,3.7039492271403005,0.3186737459883304,0.3524741644972085,5.455207,,45.890128988168726
Teamlease Services Limited,TEAMLEASE.NS,1179.4000244140625,0.026815296432870728,HOLD,0.4757236175690232,Neutral,0.694949494949495,0.6767676767676767,Global 10d,6.2,2.2175422071105095,0.10720998730477849,0.0937764738820357,1.806015257385254,,45.887255714092106
Emami Limited,EMAMILTD.NS,372.6499938964844,-0.016884300494899196,HOLD,0.5064727952574893,Neutral,0.5703324808184144,0.5728900255754475,Global 10d,6.3,3.070101737760573,0.0318427251678044,0.10962030530681566,78.633209925,,45.86876870862247
Power & Instrumentation (Gujarat) Limited,PIGL.NS,93.87000274658203,-0.025638298580017094,HOLD,0.5163470170681355,Neutral,0.6311475409836066,0.6092896174863388,Global 10d,9.1,2.3466506305803105,0.009354868242817505,0.16895706984443493,0.4288169807746887,,45.86012039299427
Greenply Industries Limited,GREENPLY.NS,303.70001220703125,0.012502083171817668,HOLD,0.4899490441118523,Neutral,0.6103225806451613,0.5651612903225807,Global 10d,7.7,2.0000000000000036,0.06672256938319143,0.032189571360920155,6.674181775,,45.850248749165104
Bedmutha Industries Limited,BEDMUTHA.NS,110.33000183105469,0.0033648849550989013,HOLD,0.4898048858911525,Neutral,0.633423180592992,0.6185983827493262,Global 10d,7.9,3.275510682408142,0.04232406326057081,0.03326382768093383,0.04823827738723755,0.05,45.82213901093125
Sumit Woods Limited,SUMIT.NS,47.7599983215332,-0.03690263814123396,HOLD,0.499979459209404,Neutral,0.7398373983739838,0.6910569105691057,Global 10d,8.5,1.9014049119824639,0.24019882369066847,0.188835262328106,0.07641085404510498,,45.796559672864454
Varun Beverages Limited,VBL.NS,439.6000061035156,0.03362336873028071,HOLD,0.5090956663320001,Neutral,0.5635964912280702,0.5942982456140351,Global 10d,4.8,2.489498072723585,0.020496817826898717,0.01888077269729216,218.66115375,,45.78784374925744
Malu Paper Mills Limited,MALUPAPER.NS,31.040000915527344,-0.01366375618714033,SELL,0.44504633811945543,Sell,0.671523178807947,0.6317880794701987,Global 10d,7.7,1.848890346004613,0.0074651559095029185,0.11895937667061984,0.03847649205226898,,45.78621378989148
JK Lakshmi Cement Limited,JKLAKSHMI.NS,466.79998779296875,-0.02056235456366806,HOLD,0.5396944054626861,Neutral,0.5900383141762452,0.5900383141762452,Global 10d,6.7,3.5800539944996257,,0.14610114393850138,4.157486149841309,,45.784720273134305
Vikas Lifecare Limited,VIKASLIFE.NS,1.2000000476837158,-0.00826445466776271,HOLD,0.4887025575910559,Neutral,0.7672413793103449,0.8017241379310345,Global 10d,6.9,9.762699472406059,0.010526330583313204,0.14999995032946467,0.20266603875272274,,45.77898641913764
Blue Dart Express Limited,BLUEDART.NS,4496.7998046875,-0.028559126228667076,HOLD,0.5022441842253548,Neutral,0.5668789808917197,0.5732484076433121,Global 10d,5.3,3.450190845724415,,0.12958108446479844,3.177262417138672,,45.778875877934404
Camlin Fine Sciences Limited,CAMLINFINE.NS,91.01000213623047,-0.022973691407336183,HOLD,0.5473830664101103,Neutral,0.6073394495412844,0.6036697247706422,Global 10d,7.7,7.669930587708959,,0.47016811241775525,4.831330255050659,,45.75325117983272
Bhandari Hosiery Exports Limited,BHANDARI.NS,2.819999933242798,-0.024221511806380325,HOLD,0.45862063901231415,Neutral,0.6986899563318777,0.7139737991266375,Global 10d,5.9,8.060904446346775,0.008732592963273555,0.10973881527148466,0.034937620676457885,,45.742754145036855
Ajax Engineering Limited,AJAXENGG.NS,586.4000244140625,-0.0010221049164181872,HOLD,0.4710601277717841,Neutral,0.6119402985074627,0.5671641791044777,Global 10d,7.0,1.8459593175212663,0.05458148959153264,0.05062667719169189,4.315411257019043,,45.7291804250981
Plastiblends India Limited,PLASTIBLEN.NS,193.6199951171875,-0.03330170449113057,HOLD,0.48845701546584747,Neutral,0.6323907455012854,0.5861182519280206,Global 10d,7.6,1.9999999999999978,0.07290603672895091,0.02102059408562318,0.5154795764831543,,45.723021411937246
Vodafone Idea Limited,IDEA.NS,12.739999771118164,0.007911346920827844,HOLD,0.5171373927942997,Neutral,0.5542784163473818,0.5376756066411239,Global 10d,6.6,2.0,0.011111062334119293,0.004709609159705197,540.8468523551969,,45.707575724553855
Gujarat State Fertilizers & Chemicals Limited,GSFC.NS,147.25999450683594,0.0024506509551338596,HOLD,0.481615057813879,Neutral,0.5862068965517241,0.5836526181353767,Global 10d,5.3,2.5273720885402065,0.09485483987879983,0.09076591389849042,14.69439659622345,,45.7045764963247
Sumitomo Chemical India Limited,SUMICHEM.NS,414.70001220703125,-0.006944429727248402,HOLD,0.5466640751072789,Neutral,0.6437908496732027,0.6372549019607843,Global 10d,6.2,1.9999999999999971,0.004530282719465983,0.0659136060480987,11.99258139104309,,45.694086146175245
HCL Infosystems Limited,HCL-INSYS.NS,10.039999961853027,-0.0059406353812402335,HOLD,0.5109721132673061,Neutral,0.7198641765704584,0.7198641765704584,Global 10d,7.6,3.0236914235782426,0.014141449365382641,0.1952191280472102,0.27663094761657714,,45.687996960961605
SKF India Limited,SKFINDIA.NS,1445.9000244140625,-0.0029650578558755303,HOLD,0.4951928324323556,Neutral,0.5843989769820972,0.6112531969309463,Global 10d,7.0,7.538037639645323,0.014310785278191851,0.14351166170257712,5.72541560390625,,45.686332725753395
Veranda Learning Solutions Limited,VERANDA.NS,213.8000030517578,-0.031483564884449367,HOLD,0.5290818643134568,Neutral,0.6089108910891089,0.5841584158415842,Global 10d,8.8,2.0,0.007492596834008047,0.05238539190072333,7.7241827,,45.68026726500341
Aptus Value Housing Finance India Limited,APTUS.NS,223.64999389648438,-0.012146643437001892,HOLD,0.5243647679888094,Neutral,0.6008583690987125,0.630901287553648,Global 10d,6.9,3.3614735577227703,0.1694646184608264,0.1712944270247796,33.36505340198975,,45.66763317894902
Omax Autos Limited,OMAXAUTO.NS,201.13999938964844,0.004093410720091173,HOLD,0.5012904226863312,Neutral,0.5701530612244898,0.5331632653061225,Global 10d,8.9,2.0,0.15078769982633022,0.048164331904609003,1.2510270662200929,0.05,45.655005785785164
Vedanta Limited,VEDL.NS,255.0500030517578,0.011902400173286143,HOLD,0.4940236135546621,Neutral,0.4719387755102041,0.5216836734693877,Global 10d,6.9,6.022469181058172,0.01573080287391493,0.12291703771657914,187.6340655802208,,45.65470379552282
Linc Limited,LINC.NS,86.54000091552734,-0.023581139598986334,HOLD,0.50781902421381,Neutral,0.6461824953445066,0.6424581005586592,Global 10d,7.1,3.7587775034262094,0.03380528385334425,0.1410908129801267,0.13163591616859435,,45.65332028481821
Go Digit General Insurance Limited,GODIGIT.NS,256.29998779296875,-0.014420304464637934,HOLD,0.4596847123660543,Neutral,0.7524752475247525,0.7425742574257426,Global 10d,7.2,5.3187943861833,0.020912107856571494,0.1349980794047656,6.54346,,45.624408387145664
Indian Card Clothing Company Limited,INDIANCARD.NS,188.3699951171875,0.012034546691089831,HOLD,0.5270249307672202,Neutral,0.6491002570694088,0.6105398457583547,Global 10d,8.5,2.0273201066620126,0.23117643867442816,0.15729683946946693,0.019487691775512694,,45.61997684586375
PSP Projects Limited,PSPPROJECT.NS,747.0999755859375,-0.02594527303006844,HOLD,0.5466632252537525,Neutral,0.544392523364486,0.5327102803738317,Global 10d,7.2,1.9459376187974193,0.0007367059164982148,0.11631645998369677,4.4984941,,45.60742811273167
Apollo Tyres Limited,APOLLOTYRE.NS,401.6000061035156,-0.007782566760924925,HOLD,0.4685543927699727,Neutral,0.5810983397190294,0.5478927203065134,Global 10d,6.0,1.8000561226205876,0.030217350142362154,0.06153381782734679,23.1062869875,,45.59649330000733
Ambuja Cements Limited,AMBUJACEM.NS,366.5,0.011732229123533555,HOLD,0.511828153816804,Neutral,0.6040868454661558,0.6066411238825031,Global 10d,5.8,6.399919568009921,,0.21946338134876653,49.15904793510132,,45.5914076908402
Vakrangee Limited,VAKRANGEE.NS,5.119999885559082,-0.0038910469739347198,HOLD,0.4927267946652974,Neutral,0.6119592875318066,0.6653944020356234,Global 10d,7.1,3.5000008692345825,0.11062901025468785,0.1875000116415324,0.5732278741995573,,45.5841360922909
Dilip Buildcon Limited,DBL.NS,399.1000061035156,-0.017479088848222135,HOLD,0.4651646260474321,Neutral,0.6063829787234043,0.6042553191489362,Global 10d,5.7,3.2891774738402715,0.025876760367214757,0.09899741234868609,5.36394399203186,,45.582722501780864
Prudential Sugar Corporation Limited,PRUDMOULI.NS,13.869999885559082,0.028169023045833574,HOLD,0.4765715361673011,Neutral,0.6585365853658537,0.6260162601626016,Global 10d,8.9,2.184397040486434,0.11182364662050892,0.18240805723476106,0.01031934422607422,,45.576997620148084
Huhtamaki India Limited,HUHTAMAKI.NS,227.52000427246094,-0.02234443503337169,HOLD,0.5221882579423404,Neutral,0.5518565941101152,0.5595390524967989,Global 10d,7.6,3.695169255996046,0.13775759139843036,0.18573989379735933,2.467039038193512,,45.5766851551641
Dreamfolks Services Limited,DREAMFOLKS.NS,60.5,-0.016260162601625994,HOLD,0.48234153043425954,Neutral,0.7445652173913043,0.8152173913043479,Global 10d,7.4,3.3868342116275554,0.0803571428571428,0.17190085166741986,0.2733289206867218,0.05,45.57302890266536
Mahindra EPC Irrigation Limited,MAHEPC.NS,96.75,0.004672865358065881,HOLD,0.47361682328019433,Neutral,0.7105263157894737,0.700657894736842,Global 10d,6.0,4.657837282736797,0.052660169133318835,0.21808783952579947,0.14476034581336975,,45.53176707550204
Jaiprakash Power Ventures Limited,JPPOWER.NS,14.90999984741211,0.007432409139163987,HOLD,0.5042982898376306,Neutral,0.6207332490518331,0.5828065739570165,Global 10d,7.0,1.5807555283552728,0.035416683499460255,0.06170356040973579,54.43964283379822,,45.5248651732578
Associated Alcohols & Breweries Ltd.,ASALCBR.NS,595.6500244140625,-0.025282198967625846,HOLD,0.5424549403451314,Neutral,0.6885245901639344,0.701639344262295,Global 10d,7.0,10.323364788986293,,0.49598355940822025,2.635094390478516,,45.52274701725657
Asian Granito India Limited,ASIANTILES.NS,47.95000076293945,-0.03482285691645004,HOLD,0.48368625576125135,Neutral,0.6051282051282051,0.6205128205128205,Global 10d,6.6,6.616258329328144,0.1203271406000288,0.3128258552936978,12.628772545453645,,45.50783190339504
Brigade Enterprises Limited,BRIGADE.NS,569.5499877929688,-0.0099087565528575,HOLD,0.5034523707326216,Neutral,0.545338441890166,0.5095785440613028,Global 10d,7.0,2.0000000000000036,0.06168830707682371,0.011338037354990504,17.027322667877197,,45.48596996308513
Williamson Magor & Company Limited,WILLAMAGOR.NS,21.190000534057617,-0.07829487842456817,BUY,0.5504914230966728,Neutral,0.6422136422136422,0.6306306306306306,Global 10d,8.8,2.290944903970186,0.003789669417007202,0.274185904648953,0.006430393385601044,,45.4817682681321
AVG Logistics Limited,AVG.NS,166.0,-0.0073551142675566394,HOLD,0.4933561789509964,Neutral,0.7064935064935065,0.6727272727272727,Global 10d,8.8,2.1646237120493685,0.029666251097979934,0.07287739017815453,0.14691557744293213,,45.47214082905598
Share India Securities Limited,SHAREINDIA.NS,205.08999633789062,0.0003902338090742141,SELL,0.4393901629316836,Sell,0.6996336996336996,0.6373626373626373,Global 10d,9.5,1.999999999999998,0.238360941494681,0.01782113097330873,39.3079000474823,,45.45311213617597
Nagreeka Capital & Infrastructure Limited,NAGREEKCAP.NS,25.34000015258789,-0.026507895345988852,HOLD,0.4669028953519095,Neutral,0.6326530612244898,0.5918367346938775,Global 10d,9.9,2.0146883326012746,0.09083085027682425,0.17699288199172347,0.04398086932621002,0.05,45.44576422088479
Arshiya Limited,ARSHIYA.NS,0.8100000023841858,0.0,HOLD,0.48340194027671995,Neutral,0.7209595959595959,0.702020202020202,Global 10d,8.6,5.490195757606704,0.19117646156504087,0.37037038399740396,0.013812284166586399,,45.43631831839992
Sapphire Foods India Limited,SAPPHIRE.NS,209.82000732421875,-0.010656330098659073,HOLD,0.5080395176373231,Neutral,0.6289592760180995,0.5972850678733032,Global 10d,7.9,2.000000000000002,0.16956529800824316,0.013726000969837004,11.467523662298584,,45.43356897781797
M TEK COPPER LIMITED,MCL.NS,52.08000183105469,-0.04685207882851372,HOLD,0.5278324508423025,Neutral,0.6404494382022472,0.6134831460674157,Global 10d,9.0,1.976235800760264,0.012048208847332376,0.17108294036386118,0.2883696191963196,0.02,45.42032805016799
Trigyn Technologies Limited,TRIGYN.NS,51.79999923706055,-0.02448209556341352,HOLD,0.5049544300296744,Neutral,0.6841432225063938,0.6419437340153453,Global 10d,9.3,1.6883140065772761,0.019283737664723688,0.14034750125174367,0.18904927721557618,,45.41453067218855
Norben Tea & Exports Limited,NORBTEAEXP.NS,69.04000091552734,0.04211322136645057,HOLD,0.479574110716306,Neutral,0.5482166446499339,0.5125495376486129,Global 10d,8.6,2.0,0.017988811946223482,0.05735803928099359,0.01209785,0.05,45.412988056845464
Cemindia Projects Limited,CEMPRO.NS,1178.9000244140625,-0.011155785356927184,HOLD,0.5114254458097794,Neutral,0.5115384615384615,0.5474358974358975,Global 10d,7.4,5.704756016373853,0.02175418142114882,0.14937651364751026,26.76278028515625,,45.406375350569476
Jain Irrigation Systems Limited,JISLDVREQS.NS,18.709999084472656,-0.022466056368232734,HOLD,0.5142526023325765,Neutral,0.6405797101449275,0.6478260869565218,Global 10d,8.1,3.000926697720245,0.011351301863386842,0.24746131986493003,0.040667218432998656,,45.39461581020815
The Byke Hospitality Ltd,BYKE.NS,28.809999465942383,-0.010645651248517463,HOLD,0.4934978796370512,Neutral,0.6456808199121523,0.6427525622254758,Global 10d,7.9,2.951145324235374,0.09752378917875748,0.22839292071090012,0.10557019264030457,,45.388116673571204
B&B Triplewall Containers Limited,BBTCL.NS,229.49000549316406,0.0035859856158870773,HOLD,0.4702198610548282,Neutral,0.5747126436781609,0.5344827586206897,Global 10d,6.4,1.8962279568529532,0.058358901109793804,0.04126264670297064,0.08711570918884277,,45.36891447499239
Vinyl Chemicals (India) Limited,VINYLINDIA.NS,214.22999572753906,-0.021914820246127453,HOLD,0.48790400455214944,Neutral,0.6756756756756757,0.7052767052767053,Global 10d,7.0,3.4211155164006217,0.014106488651072446,0.06445625338130245,0.12056658776245117,,45.33721357877704
Sanofi India Limited,SANOFI.NS,3024.199951171875,-0.004345806148768672,HOLD,0.4853627224705832,Neutral,0.5987179487179487,0.6166666666666667,Global 10d,5.0,3.8959852742011867,,0.11500563932399799,4.148412130322265,,45.33480279019583
TRANSWORLD SHIPPING LINES LIMITED,TRANSWORLD.NS,159.0,-0.01851851851851849,HOLD,0.45948285035315434,Neutral,0.6444159178433889,0.6251604621309371,Global 10d,5.9,2.3540877730145384,0.0276296756699852,0.05528297664234483,0.0415078,0.02,45.30697407527568
Biofil Chemicals & Pharmaceuticals Limited,BIOFILCHEM.NS,29.309999465942383,-0.03522053075649978,HOLD,0.45267264353039316,Neutral,0.7304964539007093,0.7139479905437351,Global 10d,9.0,3.084306726243212,0.010689636756633814,0.18321395213511438,0.03978769657783508,,45.30235859234899
Sun TV Network Limited,SUNTV.NS,599.9000244140625,-0.008429711712293342,HOLD,0.4798323744691096,Neutral,0.6025806451612903,0.5690322580645162,Global 10d,8.5,2.0,0.11663036458932452,0.021697306925892335,40.62008888619385,,45.27980455996927
Aries Agro Limited,ARIES.NS,477.3999938964844,-0.006554976540424917,HOLD,0.4794670923435238,Neutral,0.5662805662805663,0.5135135135135135,Global 10d,6.3,1.5274559906274354,0.35304544338788113,0.0932453945778946,0.7440420345413208,,45.26318708603735
Aptech Limited,APTECHT.NS,87.02999877929688,-0.013936135589879828,HOLD,0.49474564047854114,Neutral,0.6662420382165605,0.6853503184713376,Global 10d,7.1,6.552126462113622,0.017894722564875787,0.14737193762246958,0.5095380230514527,,45.261844498228044
Shree Rama Multi-Tech Limited,SHREERAMA.NS,43.15999984741211,-0.013034523228697692,HOLD,0.4670826939202694,Neutral,0.5527318932655655,0.5374841168996187,Global 10d,8.8,3.278229496404086,0.02008977656657973,0.08063020283919187,0.23655522353782654,0.05,45.25934554500668
Indo Count Industries Limited,ICIL.NS,443.6499938964844,-0.03638140795407141,HOLD,0.4878023322574263,Neutral,0.5301668806161746,0.5044929396662388,Global 10d,8.0,2.0000000000000018,0.08724422783607078,0.04129094688092749,19.6506909,,45.25794168193982
Indian Railway Finance Corporation Limited,IRFC.NS,76.5,-0.007267033173313342,HOLD,0.5103242247497826,Neutral,0.6795366795366795,0.7567567567567568,Global 10d,6.0,5.667939955360093,,0.1875816794002758,66.17104738041458,,45.24954457082246
The New India Assurance Company Limited,NIACL.NS,158.36000061035156,-0.011547381723912564,HOLD,0.46784266909322697,Neutral,0.6600985221674877,0.6379310344827587,Global 10d,9.2,3.5938408654001224,0.03678126078223243,0.017071402976206906,60.601137674801635,,45.24207748384283
Crisil Limited,CRISIL.NS,4428.60009765625,-0.004987801744726794,HOLD,0.46069607016874997,Neutral,0.5449871465295629,0.5539845758354756,Global 10d,5.6,3.462747738796313,0.02216384304951191,0.003569519445753011,16.379827278808595,,45.23918194639077
Sheetal Cool Products Limited,SCPL.NS,620.4500122070312,-0.013828199744780556,HOLD,0.4787153894398393,Neutral,0.5174418604651163,0.5755813953488372,Global 10d,6.4,3.9199481506345077,0.01997373772461364,0.09597870355605398,0.34521404741516115,,45.23773914264594
Stel Holdings Limited,STEL.NS,574.1500244140625,0.007104102791729572,HOLD,0.4936747987533359,Neutral,0.5269709543568465,0.5006915629322268,Global 10d,8.1,1.9999999999999973,0.09848383378445313,0.10302179023552349,0.2603770152099609,,45.23240611362144
Grasim Industries Limited,GRASIM.NS,2962.0,-0.032626769499316755,HOLD,0.5226566861373558,Neutral,0.4884910485933504,0.5524296675191815,Global 10d,4.1,2.0,0.10576497995759482,0.002414033584718256,246.7960883,,45.226551574806614
Pennar Industries Limited,PENIND.NS,173.6199951171875,-0.05641307001528528,HOLD,0.49813994195041317,Neutral,0.5708502024291497,0.52361673414305,Global 10d,8.6,1.9999999999999973,0.07172836492091039,0.04452254103403308,10.743032270462036,,45.20240346664397
NRB Industrial Bearings Limited,NIBL.NS,31.31999969482422,-0.016640523714211986,HOLD,0.4702879311600115,Neutral,0.6189710610932476,0.594855305466238,Global 10d,8.5,3.0353331321956927,0.05810808416175739,0.06178159274574169,0.04335330570755005,,45.185229152621176
Usha Martin Education & Solutions Limited,UMESLTD.NS,4.570000171661377,0.017817462053743016,HOLD,0.48803704628691014,Neutral,0.6511024643320363,0.6147859922178989,Global 10d,9.5,2.0,0.013303756038703485,0.21444200924771906,0.010734286414909363,0.05,45.14985530664377
Magellanic Cloud Limited,MCLOUD.NS,24.25,-0.03232240555484478,HOLD,0.5034565385186848,Neutral,0.6521739130434783,0.6666666666666667,Global 10d,7.7,3.0609690425735674,0.014644367659251367,0.18041237113402064,2.413311150172615,0.1,45.14116601815706
Softtech Engineers Limited,SOFTTECH.NS,474.29998779296875,-0.03890579981161346,HOLD,0.47623165007480833,Neutral,0.5942408376963351,0.5549738219895288,Global 10d,8.8,2.0,0.14995750698363808,0.032890589300046624,0.2871972138885498,0.02,45.12961122093284
Setco Automotive Limited,SETCO.NS,18.1299991607666,-0.00983071056395124,HOLD,0.4956230607555505,Neutral,0.59375,0.55,Global 10d,7.6,2.0,0.07724297343753528,0.02482078233700391,0.07940961529388428,0.02,45.125430029962374
Lincoln Pharmaceuticals Limited,LINCOLN.NS,567.2000122070312,-0.02551323064578348,HOLD,0.48002724713035,Neutral,0.6294820717131474,0.6374501992031872,Global 10d,5.2,3.469383821266115,0.04369529855312648,0.1386413316993369,1.6426679553527832,,45.12421496503302
Shalby Limited,SHALBY.NS,133.5500030517578,-0.03678320280730918,HOLD,0.532615809315046,Neutral,0.6674876847290641,0.6798029556650247,Global 10d,8.9,3.3100518500760683,0.01320086128057607,0.26536878795630825,1.6323655302368163,,45.10739253637576
Bharti Airtel Limited,BHARTIARTL.NS,1779.9000244140625,0.022284790863354997,HOLD,0.5111568878695821,Neutral,0.5340179717586649,0.5609756097560976,Global 10d,4.2,2.2934256828825106,0.025943450161194814,0.057320482194398004,836.6990635072083,,45.105973062017895
Le Travenues Technology Limited,IXIGO.NS,161.89999389648438,-0.006077754907444444,HOLD,0.49902613220721603,Neutral,0.6565656565656566,0.6767676767676767,Global 10d,7.6,3.143631922428481,0.013966278907196594,0.05880175806892152,14.578030163012695,,45.10383569232106
MOIL Limited,MOIL.NS,232.66000366210938,-0.02145016387346832,HOLD,0.515209852694999,Neutral,0.5582655826558266,0.5785907859078591,Global 10d,6.3,7.302018800345532,,0.3107108748743901,12.70049081190796,,45.09382596808328
Vishwaraj Sugar Industries Limited,VISHWARAJ.NS,5.230000019073486,0.009652546793790018,HOLD,0.4840252246959554,Neutral,0.715625,0.753125,Global 10d,7.3,4.056260505847331,0.009652500322762547,0.19694072038880006,0.11412199711713791,,45.077323710590576
Aurum PropTech Limited,AURUM.NS,223.41000366210938,-0.03855915842559399,HOLD,0.48319120514518715,Neutral,0.564453125,0.5390625,Global 10d,5.7,1.5117235386310384,0.08794739236330873,0.07152766422987744,1.8258587740051269,,45.07246930147966
Aditya Birla Capital Limited,ABCAPITAL.NS,377.3999938964844,0.006265847700314797,HOLD,0.48926304428238065,Neutral,0.5333333333333333,0.5428571428571428,Global 10d,5.2,2.4730154191649483,0.10125468471967913,0.08737415643032631,95.10119542594605,,45.06360418751835
Dodla Dairy Limited,DODLA.NS,1006.2999877929688,-0.012850732104527363,HOLD,0.47341807678414344,Neutral,0.6160337552742616,0.6455696202531646,Global 10d,5.7,4.199097560133416,0.03130240407887941,0.14781051202023643,2.112766229864502,,45.05655686662455
Madhucon Projects Limited,MADHUCON.NS,3.990000009536743,-0.04773270762587789,HOLD,0.5373698967144969,Neutral,0.6378653113087674,0.639135959339263,Global 10d,9.3,3.7181246477710403,0.10526319265469986,0.37092730227147586,0.01628065381028652,,45.04393238941718
Waaree Energies Limited,WAAREEENER.NS,2346.5,0.002777777777777768,HOLD,0.5033602846169397,Neutral,0.8192771084337349,0.9036144578313253,Global 10d,5.9,9.210148290979454,,0.32642440823420626,148.28299775,,45.034680897513645
KNR Constructions Limited,KNRCON.NS,111.88999938964844,-0.012357679535396904,HOLD,0.5164999186144407,Neutral,0.5564102564102564,0.6064102564102565,Global 10d,7.3,3.8906167068764534,0.031873390738329066,0.13902890735759543,16.754385111845018,,45.03449162534736
Archean Chemical Industries Limited,ACI.NS,463.20001220703125,-0.02494469190703741,HOLD,0.5076494619256007,Neutral,0.5606936416184971,0.6011560693641618,Global 10d,6.6,4.961394895265241,0.038565049791549955,0.2081173593229948,13.025882639474487,,45.02342769524712
West Coast Paper Mills Limited,WSTCSTPAPR.NS,727.6500244140625,-0.012150354966758758,HOLD,0.47871577712238406,Neutral,0.5943877551020408,0.5484693877551021,Global 10d,7.3,2.0,0.43676248938903184,,17.985589875,,45.01538069285387
Sakuma Exports Limited,SAKUMA.NS,1.5399999618530273,-0.012820501064172207,HOLD,0.5087548191589576,Neutral,0.6991037131882202,0.647887323943662,Global 10d,9.0,1.772390165500671,0.06944437545758975,0.12337666358889954,0.12502015539958478,,45.001184436105554
Summit Securities Limited,SUMMITSEC.NS,1315.5,-0.0025779242938243074,HOLD,0.4545846619175782,Neutral,0.5791610284167794,0.5805142083897159,Global 10d,6.4,2.944362231376855,0.0026676829268292845,0.11364500190041804,0.3232688350891113,,44.99533026462784
Craftsman Automation Limited,CRAFTSMAN.NS,10266.0,-0.01449553614284338,HOLD,0.48430361955508516,Neutral,0.5298804780876494,0.5537848605577689,Global 10d,6.1,2.9349785277928966,0.14773351447494787,0.16880966296512767,52.101164,,44.9930467102632
International Gemological Institute Limited,IGIL.NS,311.95001220703125,-0.012503899226878334,HOLD,0.49336506205191055,Neutral,0.7123287671232876,0.6986301369863014,Global 10d,5.5,1.9337887766766368,0.009374863702626968,0.0882697939960908,13.493943729309082,,44.99252851920489
Dolat Algotech Limited,DOLATALGO.NS,62.86000061035156,-0.03202959274495598,HOLD,0.5100178653983973,Neutral,0.6686746987951807,0.6927710843373494,Global 10d,6.2,4.909688019742877,,0.2538975330815447,0.7295579628623963,,44.96755993658653
Sicagen India Limited,SICAGEN.NS,50.959999084472656,-0.01507542653054772,HOLD,0.4765611822632109,Neutral,0.5625,0.6089285714285715,Global 10d,6.5,3.969376191884656,0.020366189257514433,0.0986782478463788,0.07975114292297364,0.05,44.96726158551363
DMCC SPECIALITY CHEMICALS LIMITED,DMCC.NS,308.70001220703125,-0.009624638699107235,HOLD,0.4896454784358901,Neutral,0.6064814814814815,0.5648148148148149,Global 10d,8.5,2.0,0.21122802409384356,0.010528020315789144,2.7182750029174803,,44.962099865645854
KPIT Technologies Limited,KPITTECH.NS,489.5,-0.005081300813008172,HOLD,0.5362907947802161,Neutral,0.563953488372093,0.6133720930232558,Global 10d,7.2,7.337149515223528,,0.3423932906831759,66.4565159741455,,44.947873072344144
Laxmi Organic Industries Limited,LXCHEM.NS,177.0800018310547,-0.02376094367438275,HOLD,0.4968756600682007,Neutral,0.6798418972332015,0.6324110671936759,Global 10d,9.0,2.0,0.06785510429094788,0.050372702036989736,18.145881837992096,,44.94569102480369
Hisar Metal Industries Limited,HISARMETAL.NS,146.9199981689453,-0.013761180338051293,HOLD,0.4749757423368329,Neutral,0.6325167037861915,0.6302895322939867,Global 10d,6.5,3.2317762296553756,0.02706971604681252,0.10091052670777279,0.014168437994384766,0.02,44.94201795304859
Krishna Defence And Allied Industries Limited,KRISHNADEF.NS,1000.9000244140625,-0.0308869315510375,HOLD,0.5056854853484956,Neutral,0.49504950495049505,0.5396039603960396,Global 10d,7.0,3.2858603064633565,0.03127096698039189,0.017091652515521583,6.85515088203125,,44.93895174389539
Supreme Petrochem Limited,SPLPETRO.NS,798.3499755859375,0.022935438655817375,HOLD,0.5007635568604288,Neutral,0.5359897172236504,0.5038560411311054,Global 10d,8.0,2.000000000000002,0.1738714957284364,0.049386713509322,16.181801289648437,,44.922118660971286
Zenith Steel Pipes & Industries Limited,ZENITHSTL.NS,5.099999904632568,-0.03773590168014018,HOLD,0.47868947529972905,Neutral,0.6653992395437263,0.6476552598225602,Global 10d,9.4,4.692416186739538,0.030303050736824266,0.16078435039117012,0.03490864899749756,0.05,44.89773989001614
Bosch Limited,BOSCHLTD.NS,44960.0,-0.011433597185576128,HOLD,0.48494300677032376,Neutral,0.5224071702944942,0.5352112676056338,Global 10d,5.7,2.7834319526627267,0.1398026156714376,0.1120996441281139,128.7283,,44.88699691768275
Swelect Energy Systems Limited,SWELECTES.NS,600.0999755859375,0.012143617600607115,HOLD,0.5087903316697321,Neutral,0.5752895752895753,0.5765765765765766,Global 10d,7.9,4.973341926553472,0.01818410310074836,0.1132432451354839,0.8349808416259765,,44.87570885093048
Vinati Organics Limited,VINATIORGA.NS,1175.800048828125,-0.02673613724902757,HOLD,0.49349754400572304,Neutral,0.637997432605905,0.6367137355584083,Global 10d,5.9,4.140450457567329,,0.16419731763546497,6.456837505432129,,44.862468128827004
Palred Technologies Limited,PALREDTEC.NS,41.77000045776367,-0.047651621602910366,HOLD,0.5268749618573135,Neutral,0.6559278350515464,0.6237113402061856,Global 10d,9.6,2.0000000000000018,0.14942213215123212,0.07206124703246775,0.010611548767471314,0.02,44.84854117300226
Reliance Home Finance Limited,RHFL.NS,1.590000033378601,0.00632910771622841,HOLD,0.5035127797037113,Neutral,0.7464788732394366,0.7347417840375587,Global 10d,7.9,2.9225587068688608,,0.19496851337846843,0.09281798110208511,0.05,44.8452635268682
T T Limited,TTL.NS,7.849999904632568,-0.027261437238064512,HOLD,0.48883846711695483,Neutral,0.6555269922879178,0.6298200514138818,Global 10d,9.2,3.1259560757153775,0.06802721176701776,0.006369451126407855,0.20623318466806412,,44.83328435849708
Gillanders Arbuthnot & Company Limited,GILLANDERS.NS,112.72000122070312,-0.018118482367260214,HOLD,0.4787498815976126,Neutral,0.5754475703324808,0.5447570332480818,Global 10d,7.9,2.0,0.13286433387641328,0.009137675373868781,0.03310159294700622,,44.82419833468799
Manappuram Finance Limited,MANAPPURAM.NS,310.70001220703125,0.005827187912312182,HOLD,0.509375696882029,Neutral,0.5362318840579711,0.5270092226613966,Global 10d,5.7,2.0,0.10278833859676761,0.0037277181148740457,121.90185422075805,,44.82413336867537
Hardwyn India Limited,HARDWYN.NS,9.1899995803833,-0.002171602354053448,HOLD,0.49972015392219715,Neutral,0.527363184079602,0.5024875621890548,Global 10d,6.3,2.0,0.04431811149948062,0.038084918112164745,0.5236422479658127,,44.81438813961896
PNB Housing Finance Limited,PNBHOUSING.NS,1105.800048828125,0.012637407351762775,HOLD,0.47546606902994343,Neutral,0.5403050108932462,0.5250544662309368,Global 10d,5.9,2.0,0.08809792497548341,0.016394189494030043,104.6322256,,44.8096685344767
Bharat Rasayan Limited,BHARATRAS.NS,998.5999755859375,-0.005279458809873461,BUY,0.554815624294624,Neutral,0.6191709844559585,0.6502590673575129,Global 10d,8.0,6.631941670815369,,0.397653531874852,1.711800078149414,,44.80744788139787
TITAGARH RAIL SYSTEMS LIMITED,TITAGARH.NS,809.6500244140625,0.005651532686749228,HOLD,0.48203554536948395,Neutral,0.545338441890166,0.5555555555555556,Global 10d,6.1,2.8969015902669355,0.025161717260757888,0.020020434893835315,38.80698009891968,,44.796058015518966
Muthoot Capital Services Limited,MUTHOOTCAP.NS,218.0800018310547,-0.003745966597959116,HOLD,0.5040800112332199,Neutral,0.587426326129666,0.5913555992141454,Global 10d,7.5,4.913598942799012,0.023345291737652873,0.019121414774087242,0.22529333641815186,,44.78643701467036
CSL Finance Limited,CSLFINANCE.NS,208.33999633789062,-0.011904243267570669,HOLD,0.4620660751351871,Neutral,0.5591397849462365,0.6774193548387097,Global 10d,6.4,8.823131959779106,0.014977790437800342,0.17366555500834635,0.8680596577056885,,44.77996947392433
United Breweries Limited,UBL.NS,1188.800048828125,0.02650900085431296,HOLD,0.5169143399981418,Neutral,0.5646606914212549,0.5953905249679898,Global 10d,6.6,3.2017262820010295,,0.15137946890185927,17.084602141723632,,44.77905033324043
Tatva Chintan Pharma Chem Limited,TATVA.NS,1799.0,0.032010125281734414,HOLD,0.49659712363971525,Neutral,0.5404255319148936,0.5063829787234042,Global 10d,8.1,2.0,0.1835526315789473,0.020502683471965044,10.519586978503417,,44.76724886582303
Marathon Nextgen Realty Limited,MARATHON.NS,388.1000061035156,-0.002698157033115711,HOLD,0.49353456379152866,Neutral,0.6393088552915767,0.6155507559395248,Global 10d,7.8,1.9999999999999973,0.010491903907797528,0.0636455574466932,3.2608162512817382,,44.7626935678379
NELCO Limited,NELCO.NS,885.0999755859375,-0.004610927310850221,HOLD,0.48981371247112016,Neutral,0.6097560975609756,0.5815147625160462,Global 10d,8.5,2.0,0.010965134878283767,0.012807795866436766,20.66092812916565,,44.72863426891708
Kanoria Chemicals & Industries Limited,KANORICHEM.NS,189.02000427246094,-0.04905166670236283,HOLD,0.47270417513775126,Neutral,0.644955300127714,0.5925925925925926,Global 10d,8.5,2.0,1.1596115507244242,,1.2008582030929564,0.05,44.72588564066791
Honda India Power Products Limited,HONDAPOWER.NS,1886.300048828125,0.0062950380518138616,HOLD,0.48889613368347495,Neutral,0.6097560975609756,0.6277278562259307,Global 10d,5.5,3.0582110423056976,0.049805287182718816,0.12738015059141783,0.508004339050293,,44.70941014546984
Godrej Consumer Products Limited,GODREJCP.NS,837.0,-0.0035714285714285587,HOLD,0.5242299104302828,Neutral,0.5608194622279129,0.5761843790012804,Global 10d,4.6,2.4821474035934545,,0.06451612903225801,80.938937475,,44.70437994307486
Orient Press Limited,ORIENTLTD.NS,77.91999816894531,-0.003962740312995372,HOLD,0.4809897772225622,Neutral,0.6294349540078844,0.59526938239159,Global 10d,7.6,2.1824805918765535,0.055826489794289724,0.06943023343480403,0.007884713483428955,,44.69877858188931
Dr. Reddy's Laboratories Limited,DRREDDY.NS,1206.199951171875,-0.021735643818430628,HOLD,0.496508766580428,Neutral,0.535483870967742,0.5238709677419355,Global 10d,4.4,2.0,0.033767028889786666,0.0015752151309711415,205.96788661274414,,44.66280363540567
IFB Industries Limited,IFBIND.NS,1166.199951171875,-0.02897589411167778,HOLD,0.5170845900994073,Neutral,0.5608194622279129,0.5454545454545454,Global 10d,7.3,2.0,0.10174771012931028,0.07185735923236591,3.1840916271972657,,44.64302739443293
Dev Information Technology Limited,DEVIT.NS,20.520000457763672,-0.011084315288497737,HOLD,0.5331295663281921,Neutral,0.7132701421800948,0.7085308056872037,Global 10d,8.2,5.352417782919977,,0.46051698375863537,0.06858519952774048,,44.641312439632365
Centum Electronics Limited,CENTUM.NS,4701.7001953125,-0.02005037807984633,HOLD,0.4639891331491039,Neutral,0.5526992287917738,0.5,Global 10d,8.3,2.0,0.3726893673879055,,38.511412699511716,,44.64093052206531
One 97 Communications Limited,PAYTM.NS,1684.0,0.01690821256038655,HOLD,0.4730924622283364,Neutral,0.5495495495495496,0.5045045045045045,Global 10d,7.0,1.9532238012169694,0.352420355780543,0.10184085510688834,635.6416645288452,,44.63522717997992
PIL ITALICA LIFESTYLE LIMITED,PILITA.NS,7.449999809265137,-0.009308533489218451,HOLD,0.47889600948581784,Neutral,0.6692506459948321,0.6214470284237725,Global 10d,8.4,1.707317451387806,0.20161290942816312,0.14093962652576697,0.027730300150227545,,44.62455562587106
Varroc Engineering Limited,VARROC.NS,820.0,-0.012761829879009867,HOLD,0.47481030113422246,Neutral,0.5238095238095238,0.5476190476190477,Global 10d,7.0,3.3984979796291017,0.014977070454618602,0.06689021412919205,22.448844822512818,,44.61723477261472
Jindal Poly Investment and Finance Company Limited,JPOLYINVST.NS,891.2000122070312,-0.02173434444892286,HOLD,0.5103961457285289,Neutral,0.5871404399323181,0.595600676818951,Global 10d,6.6,4.457970389672702,0.04588667731648166,0.2168985470660698,0.2686439315734863,,44.61163982102365
Focus Lighting and Fixtures Limited,FOCUS.NS,54.29999923706055,-0.03927815291441994,HOLD,0.537231880329827,Neutral,0.682983682983683,0.6923076923076923,Global 10d,7.5,4.117976726306677,,0.2709024513048266,0.19285082061252595,,44.59492734982468
La Opala RG Limited,LAOPALA.NS,154.47000122070312,-0.010505408899086799,HOLD,0.5023206931751465,Neutral,0.6030927835051546,0.6288659793814433,Global 10d,6.2,3.691060372507297,,0.15873105824084632,1.6847403585853578,,44.58270132542399
India Tourism Development Corporation Limited,ITDC.NS,665.5999755859375,-0.03206580098199452,HOLD,0.4552448464259901,Neutral,0.6525612472160356,0.6191536748329621,Global 10d,8.8,2.0,0.001955007831086819,0.004406709166633327,6.074175771887207,,44.56750982973636
MM Forgings Limited,MMFL.NS,571.9500122070312,-0.044520488583080886,HOLD,0.5153840703182678,Neutral,0.5673575129533679,0.5544041450777202,Global 10d,7.1,2.9460302781834353,0.3366496595393167,0.20281492704647586,4.840871718463135,,44.5503938205926
Maharashtra Scooters Limited,MAHSCOOTER.NS,12380.0,-0.015585241730279864,HOLD,0.4936552259556544,Neutral,0.5032258064516129,0.5032258064516129,Global 10d,6.4,2.7678352934224084,0.020891153608691093,0.07019597387267051,4.495121447558594,,44.522936537665345
Emmbi Industries Limited,EMMBI.NS,86.04000091552734,-0.04123018761220609,HOLD,0.4869528381135595,Neutral,0.62905317769131,0.6070038910505837,Global 10d,7.8,2.0,0.003796727173664083,0.017242442679016312,0.04806776683959961,,44.50854236116806
Kritika Wires Limited,KRITIKA.NS,4.909999847412109,0.0,HOLD,0.488808773966851,Neutral,0.7613293051359517,0.8006042296072508,Global 10d,7.4,13.058759605960871,0.018672131233495648,0.30346238172301576,0.04937711245033741,,44.50669552249704
Sutlej Textiles and Industries Limited,SUTLEJTEX.NS,36.2400016784668,-0.03359995524088544,HOLD,0.48235781991524157,Neutral,0.6095360824742269,0.5966494845360825,Global 10d,7.2,2.8109617751003824,0.04588744827039548,0.03476816399492266,0.08020470708713531,,44.49708584395414
SIS LIMITED,SIS.NS,412.8500061035156,-0.014912908396513602,HOLD,0.45386197378241566,Neutral,0.5985748218527316,0.5771971496437054,Global 10d,6.3,2.0000000000000027,0.006460248214587905,0.014533123195584086,16.815281621307374,,44.48633145861659
Sagardeep Alloys Limited,SAGARDEEP.NS,22.520000457763672,-0.026372621060774537,HOLD,0.49310524440468684,Neutral,0.6479591836734694,0.6862244897959184,Global 10d,6.4,2.515879977336376,0.08217208244622376,0.15452928381431774,0.01513719048728943,,44.485379610865884
Salasar Techno Engineering Limited,SALASAR.NS,4.039999961853027,-0.02179180389685631,BUY,0.5748445467202169,Neutral,0.6438679245283019,0.7075471698113207,Global 10d,9.0,7.909090285130522,,0.6460396431086288,1.7795404457147599,,44.475560669344176
Kavveri Defence & Wireless Technologies Limited,KAVDEFENCE.NS,77.5999984741211,-0.023653809806344128,SELL,0.3967206717464263,Sell,0.5768707482993197,0.5129251700680273,Global 10d,10.0,2.0000000000000018,0.1920122932870585,0.051288704061777546,3.3703790212532043,0.05,44.462059346532676
Apollo Hospitals Enterprise Limited,APOLLOHOSP.NS,7985.0,-0.018257822585602712,HOLD,0.5397926776063812,Neutral,0.5334190231362468,0.5475578406169666,Global 10d,4.8,2.0,0.12913780430876964,0.011816635205916581,323.211863675,,44.4488330843893
Ecos (India) Mobility & Hospitality Limited,ECOSMOBLTY.NS,105.01000213623047,0.0026735297462237018,HOLD,0.4931632580637692,Neutral,0.651685393258427,0.6629213483146068,Global 10d,6.9,5.192712258366307,0.03127419950247945,0.18264927068845682,0.4546998730648041,,44.44593127383584
Ahluwalia Contracts (India) Limited,AHLUCONT.NS,555.9000244140625,0.010635463595893402,HOLD,0.5262156159979862,Neutral,0.5995145631067961,0.633495145631068,Global 10d,7.2,10.02672956183955,,0.5092400582223335,3.7238997614868166,,44.44411413323264
ITC Limited,ITC.NS,268.8999938964844,0.050801095389078954,HOLD,0.4927243422102015,Neutral,0.5840821566110398,0.5905006418485237,Global 10d,5.7,3.18651760114405,0.05244616006451808,0.09166974509480141,334.03463732436217,,44.43608843900455
Indo Rama Synthetics (India) Limited,INDORAMA.NS,93.69000244140625,-0.0221270762050797,SELL,0.4231397843196094,Sell,0.578005115089514,0.5089514066496164,Global 10d,10.0,2.0,0.7317930699429347,,17.737231289971923,,44.42041632595489
SMS Pharmaceuticals Limited,SMSPHARMA.NS,471.29998779296875,-0.011120474701369898,SELL,0.4455031785796364,Sell,0.5534105534105535,0.5057915057915058,Global 10d,8.2,2.0,0.2188745666273504,,27.792065450683594,,44.413683834923226
Ugro Capital Limited,UGROCAP.NS,82.3499984741211,-0.0158939032768195,HOLD,0.4953445726362493,Neutral,0.6767241379310345,0.771551724137931,Global 10d,7.2,7.389961952879314,0.027833195844894076,0.2360656077913028,1.3476480007984162,,44.41307227677874
Prozone Realty Limited,PROZONER.NS,52.529998779296875,-0.0705945089552582,HOLD,0.48367628116250333,Neutral,0.5828220858895705,0.5490797546012269,Global 10d,9.1,2.0,0.12689046524126635,0.08033507174506749,1.6949772851394653,0.02,44.412682922973076
Energy Development Company Limited,ENERGYDEV.NS,14.520000457763672,0.009034059161870722,HOLD,0.48994412221613476,Neutral,0.6607142857142857,0.6505102040816326,Global 10d,8.4,5.381352080249786,0.03714288984026237,0.21866391808804853,0.02715819015235901,,44.39584311428366
Tata Elxsi Limited,TATAELXSI.NS,3105.0,0.003944629778603881,HOLD,0.5062910693781169,Neutral,0.5630573248407643,0.6649681528662421,Global 10d,6.5,6.543603601306939,,0.24219001610305968,72.4682492,,44.381220135572505
Bikaji Foods International Limited,BIKAJI.NS,504.04998779296875,-0.034016865494911674,HOLD,0.5487106300831358,Neutral,0.7052023121387283,0.7052023121387283,Global 10d,8.1,3.6910622046813804,,0.26158127133067066,6.401654489807129,,44.36886483749013
Kriti Nutrients Limited,KRITINUT.NS,66.52999877929688,-0.04698465684007325,HOLD,0.5469835622010418,Neutral,0.6497175141242938,0.655367231638418,Global 10d,8.1,3.341674115656255,0.046892204217344524,0.16563962835800017,0.09060781837005616,,44.365596127084586
Syngene International Limited,SYNGENE.NS,357.3999938964844,-0.010794337194163228,HOLD,0.5085323998543302,Neutral,0.6034816247582205,0.6441005802707931,Global 10d,6.6,4.0730857813522885,,0.17375491651939412,13.3303214241333,,44.35995332604984
Mindteck (India) Limited,MINDTECK.NS,151.30999755859375,0.0025177559216398304,HOLD,0.5139309389635586,Neutral,0.6468085106382979,0.6446808510638298,Global 10d,7.2,8.269404515617355,0.04804937428557876,0.41857449279703896,0.31028261200408935,,44.35809210370989
Gopal Snacks Limited,GOPAL.NS,254.75,0.015142471002068003,HOLD,0.47140549900855877,Neutral,0.6,0.6454545454545455,Global 10d,6.2,4.476822993439653,0.030464055029504555,0.15407262021589796,2.4353880109291075,,44.35213748988176
Sahyadri Industries Limited,SAHYADRI.NS,355.6499938964844,0.025666889391447345,HOLD,0.47408590015462293,Neutral,0.5584415584415584,0.5064935064935064,Global 10d,8.0,1.710225189361165,0.07026785122262247,0.1202736071750341,0.31599296932373044,,44.3492369558811
N. B. I. Industrial Finance Company Limited,NBIFIN.NS,1857.9000244140625,-0.020869552350955223,SELL,0.4332988391238289,Sell,0.6496674057649667,0.6252771618625277,Global 10d,6.3,2.0,0.0046266931250229515,0.05404220202459964,1.03060065,,44.34883428075783
JINDAL STEEL LIMITED,JINDALSTEL.NS,1097.300048828125,-0.0029077248267832534,HOLD,0.4865808126454203,Neutral,0.5165394402035624,0.5076335877862596,Global 10d,5.0,1.9599196151900817,0.008592465020048179,0.026413184448138338,80.62181516322632,,44.337253217900255
Inventure Growth & Securities Limited,INVENTURE.NS,0.8500000238418579,-0.011627895694091173,HOLD,0.46364113376607907,Neutral,0.675177304964539,0.6680851063829787,Global 10d,6.2,3.111109874866673,0.04938274239498086,0.1176470134497527,0.0550737475872159,,44.31806732073713
Power Grid Corporation of India Limited,POWERGRID.NS,257.0,0.009624816023844351,HOLD,0.49660633016066535,Neutral,0.5347043701799485,0.5244215938303343,Global 10d,4.5,1.8559528377512027,0.020705194016872763,0.046739869709893744,246.71915002288054,,44.31717140401193
Wendt (India) Limited,WENDT.NS,8116.0,-0.028198527210680724,HOLD,0.4895567353885519,Neutral,0.5625,0.5924479166666667,Global 10d,7.0,3.450974317336875,0.028904665314401612,0.03219519708813223,7.34754,,44.309986870847474
KCP Sugar and Industries Corporation Limited,KCPSUGIND.NS,26.709999084472656,-0.04743230341045357,HOLD,0.5256555106721864,Neutral,0.6406649616368286,0.6253196930946292,Global 10d,7.8,2.0,0.10481480304600144,0.039629892348592044,0.22210616900939942,,44.30798191111246
Sundaram Finance Limited,SUNDARMFIN.NS,4268.39990234375,-0.02900430010520061,HOLD,0.5124422090191562,Neutral,0.49167733674775926,0.5160051216389244,Global 10d,5.4,3.0180485017002785,0.07272690491174405,0.1316206798488273,17.929394472875977,,44.30092591591034
Vishal Mega Mart Limited,VMM.NS,98.25,-0.012562814070351758,HOLD,0.4964680582398717,Neutral,0.68,0.7466666666666666,Global 10d,6.2,3.905968965245683,,0.17455472290970886,94.04250255168304,,44.29006957866025
Network18 Media & Investments Limited,NETWORK18.NS,25.440000534057617,0.0003932453307835537,HOLD,0.5069327096592652,Neutral,0.6256410256410256,0.6371794871794871,Global 10d,6.6,4.577190958851787,,0.19103768085604567,7.929647068655395,,44.27996881629659
Elin Electronics Limited,ELIN.NS,78.97000122070312,-0.009532197469352965,BUY,0.5520274211466495,Neutral,0.7168674698795181,0.7590361445783133,Global 10d,8.3,5.700966786917408,,0.3517791357462199,1.087691850341797,,44.268037723999136
Vardhman Polytex Limited,VARDMNPOLY.NS,5.550000190734863,-0.0263157234297543,HOLD,0.5005058598949198,Neutral,0.5895806861499364,0.5895806861499364,Global 10d,7.3,4.062973090871536,0.03159852652003359,0.14414408764043274,0.07739032708621026,,44.25540350574347
The Ramco Cements Limited,RAMCOCEM.NS,830.8499755859375,-0.017385148624270985,HOLD,0.46885872435737047,Neutral,0.5171974522292994,0.5643312101910828,Global 10d,5.2,3.600023053330386,,0.13618586717086445,17.473462579934694,,44.242936217868525
Tarapur Transformers Limited,TARAPUR.NS,12.199999809265137,0.0032894705884014552,HOLD,0.4941204271524247,Neutral,0.5799721835883171,0.5674547983310153,Global 10d,8.5,3.4842043422690643,,0.31639341942823784,0.03119136954059601,0.05,44.2353676719467
Goa Carbon Limited,GOACARBON.NS,402.8999938964844,-0.0050623984411656275,SELL,0.4279529652915375,Sell,0.611749680715198,0.5747126436781609,Global 10d,8.8,2.0,0.0807403623635079,0.0529908325315116,1.1005563,,44.23469665293091
COSMO FIRST LIMITED,COSMOFIRST.NS,826.8499755859375,-0.022173605181347922,HOLD,0.4913981800754161,Neutral,0.6262755102040817,0.6058673469387755,Global 10d,5.9,2.0,0.17685191578377712,0.0469906274712546,3.6957792532958984,,44.233059013250696
New Delhi Television Limited,NDTV.NS,68.08000183105469,-0.015331176857841466,HOLD,0.49694803604669485,Neutral,0.7049808429118773,0.7203065134099618,Global 10d,7.2,3.467395593966624,0.1588085418051861,0.1601057760387261,0.4151848517990112,,44.216478881512494
Orient Cement Limited,ORIENTCEM.NS,115.91000366210938,-0.024080096504103032,HOLD,0.5055938428165808,Neutral,0.6012965964343598,0.6369529983792545,Global 10d,6.6,4.107952455563147,,0.16555950164014543,4.453232355255127,,44.21302547416237
Speciality Restaurants Limited,SPECIALITY.NS,153.5,-0.003893615053542354,HOLD,0.4948493373906564,Neutral,0.6461769115442278,0.616191904047976,Global 10d,7.9,2.000000000000003,0.17425267384356702,0.08290355190678644,0.3464784,,44.2111385282888
LG Balakrishnan & Bros Limited,LGBBROSLTD.NS,1711.0999755859375,-0.010982024315424388,HOLD,0.49832601667210374,Neutral,0.5377720870678617,0.5454545454545454,Global 10d,4.4,2.2697973340549926,0.02393632971359172,0.02273392844900357,4.446435902734375,,44.20652677608243
Banaras Beads Limited,BANARBEADS.NS,116.0,-0.039337474120082816,HOLD,0.48626113995933445,Neutral,0.6321483771251932,0.6120556414219475,Global 10d,8.4,2.1347452851596973,0.08284714119019831,0.025000013154128586,0.019715962363815308,,44.19263173236373
Supreme Industries Limited,SUPREMEIND.NS,3398.89990234375,0.005591687083949637,HOLD,0.4768182853789682,Neutral,0.5564102564102564,0.5435897435897437,Global 10d,6.0,2.0,0.0025485475333653085,0.04095448507221788,44.20937340014648,,44.18823474240754
Onelife Capital Advisors Limited,ONELIFECAP.NS,41.56999969482422,0.037175593705064625,HOLD,0.49256583754595673,Neutral,0.5957142857142858,0.5542857142857143,Global 10d,7.6,2.0,0.4223329033456127,,0.1804776735294342,0.05,44.185434734440705
Servotech Renewable Power System Limited,SERVOTECH.NS,71.93000030517578,0.03945091730243111,HOLD,0.507645686960817,Neutral,0.6579572446555819,0.7220902612826603,Global 10d,7.6,4.95675468008182,0.16029528840797003,0.25087024029354854,2.9020150628334047,,44.173425695801754
Worth Peripherals Limited,WORTHPERI.NS,143.74000549316406,-0.015614290594339275,SELL,0.4479783247453459,Sell,0.6306954436450839,0.618705035971223,Global 10d,6.5,2.5847727251289894,0.01907126822548988,0.06105437324010943,0.08019271902770995,,44.141476056261396
Prataap Snacks Limited,DIAMONDYD.NS,1073.0,-0.03202525935949485,HOLD,0.4865010795356923,Neutral,0.6072289156626506,0.5831325301204819,Global 10d,6.2,1.6460824774692027,0.015406526518798147,0.03308115996040151,1.40877833493042,,44.136822404898794
Avenue Supermarts Limited,DMART.NS,3567.0,-0.06451612903225812,HOLD,0.488706004668576,Neutral,0.5918367346938775,0.5895691609977325,Global 10d,5.2,2.7208368377567522,,0.09857025445927947,180.85857445,,44.12721468400557
Mold-Tek Packaging Limited,MOLDTKPAC.NS,658.8499755859375,-0.0026491069704442927,HOLD,0.4824569007313653,Neutral,0.5850467289719626,0.594392523364486,Global 10d,7.0,3.0637845777796167,0.026885543879127116,0.09513274207946609,2.723583702392578,,44.106429245633734
Pilani Investment and Industries Corporation Limited,PILANIINVS.NS,3892.300048828125,-0.016226450441520268,HOLD,0.47941145916644173,Neutral,0.5775729646697388,0.609831029185868,Global 10d,5.7,4.015993762711468,,0.16126710256082655,0.5990668607177735,,44.10390629165542
GeeCee Ventures Limited,GEECEE.NS,373.29998779296875,-0.002405196110909169,HOLD,0.48115309431981307,Neutral,0.5482625482625483,0.5199485199485199,Global 10d,7.9,2.0,0.1412851190939406,0.0015985573065411263,0.07644151998901368,,44.097608221679536
Star Cement Limited,STARCEMENT.NS,178.38999938964844,-0.01961973616451118,HOLD,0.4952803505963259,Neutral,0.6023529411764705,0.6211764705882352,Global 10d,6.3,4.5289513679060684,,0.19356465551566426,4.06112932648468,,44.09735086314963
PB Fintech Limited,POLICYBZR.NS,976.2000122070312,-0.0038775385642538795,HOLD,0.5255120432718969,Neutral,0.5681818181818182,0.5545454545454546,Global 10d,10.0,3.058219078958338,,0.5844088627647475,421.3688094570801,,44.08469307268576
Udayshivakumar Infra Limited,USK.NS,18.389999389648438,-0.039184954227617474,HOLD,0.5289640591762889,Neutral,0.6410256410256411,0.6730769230769231,Global 10d,7.6,3.298696657029191,,0.29961938073708505,0.042754934494781495,,44.048202958814436
Bansal Wire Industries Limited,BANSALWIRE.NS,323.04998779296875,-0.001236742615444597,HOLD,0.49088435016622806,Neutral,0.6170212765957447,0.5851063829787234,Global 10d,6.6,2.0,0.06696387140586602,0.032399551772759105,2.474692126489258,,44.0339838904601
Exicom Tele-Systems Limited,EXICOM.NS,151.10000610351562,-0.006639895488681047,HOLD,0.49060279325305567,Neutral,0.5535714285714286,0.5,Global 10d,9.4,1.8758460218288522,0.07928575788225456,0.14649234687437196,18.999437306755066,,44.03164109531395
SWAN CORP LIMITED,SWANCORP.NS,272.79998779296875,-0.02640979333218174,HOLD,0.4600672293391062,Neutral,0.6075187969924812,0.5954887218045113,Global 10d,7.3,3.141878382324012,,0.1559751474140043,25.77091978272095,,44.0108802639478
Bigbloc Construction Limited,BIGBLOC.NS,38.779998779296875,-0.02538331522973991,HOLD,0.5053394668688526,Neutral,0.7115384615384616,0.7393162393162394,Global 10d,8.3,11.567026124338236,0.02052628366570719,0.2893244346024333,0.1280056068244934,,43.994168735181255
Indef Manufacturing Limited,BAJAJINDEF.NS,208.52000427246094,-0.011847218033282259,HOLD,0.48340093704712345,Neutral,0.7121212121212122,0.7424242424242424,Global 10d,7.8,7.13793496055194,0.014873783425206843,0.1397787348791797,0.27284842559051514,,43.98784642879899
Elgi Rubber Company Limited,ELGIRUBCO.NS,51.380001068115234,-0.03818789162774605,HOLD,0.5210632036123956,Neutral,0.601593625498008,0.5750332005312084,Global 10d,9.7,1.9999999999999982,0.11695654495902685,0.03474110359976601,0.22745129107284545,,43.98457007354885
Vesuvius India Limited,VESUVIUS.NS,404.1000061035156,-0.047383322784313786,HOLD,0.4914077990242964,Neutral,0.5773195876288659,0.5631443298969072,Global 10d,7.1,2.000000000000002,0.00037131796497513747,0.08389010983533729,3.32101545,,43.95302220349804
Lyka Labs Limited,LYKALABS.NS,81.55000305175781,-0.01994947783895129,SELL,0.43118027724218827,Sell,0.6377749029754204,0.6054333764553688,Global 10d,6.5,2.0,0.03149513749122801,0.03862653315273512,0.1271031289543152,0.02,43.94892684694688
Lakshmi Precision Screws Limited,LAKPRE.NS,5.25,0.0,SELL,0.4181036744679935,Sell,0.6490322580645161,0.6051612903225807,Global 10d,9.2,2.0,0.11323157827663333,0.06000001089913498,0.001504002068710327,0.05,43.942644977251206
Beardsell Limited,BEARDSELL.NS,22.1299991607666,-0.013374995110452703,HOLD,0.5402518304305602,Neutral,0.5933774834437087,0.614569536423841,Global 10d,8.1,2.5494542226901364,0.11004489672043283,0.2642250764896108,0.036525708840179444,,43.94130328938918
InterGlobe Aviation Limited,INDIGO.NS,4935.0,0.0010345235719340096,HOLD,0.504307793753492,Neutral,0.5404339250493096,0.5266272189349113,Global 10d,5.4,1.647827863271136,0.01002865329512903,0.02451874366767992,272.985877025,,43.935217732099666
Ideaforge Technology Limited,IDEAFORGE.NS,735.0,0.005540717867614786,HOLD,0.5043831683096656,Neutral,0.5460992907801419,0.5390070921985816,Global 10d,6.6,3.6918299372669803,0.07456140350877183,0.2081632653061225,16.81706745,0.05,43.93343613104879
Oil India Limited,OIL.NS,444.0,-0.010364413149991591,HOLD,0.50962054393137,Neutral,0.5449871465295629,0.5539845758354756,Global 10d,4.7,2.0,0.10098481689798011,0.045159980238998365,98.34316164285889,,43.918149356295764
Hindalco Industries Limited,HINDALCO.NS,938.4000244140625,-0.003662951915169632,HOLD,0.49888975095466664,Neutral,0.45524296675191817,0.571611253196931,Global 10d,4.5,2.0,0.004853668469925854,0.03588969655480101,334.4620493838257,,43.91379574582223
Tera Software Limited,TERASOFT.NS,207.91000366210938,0.0034266733799448446,BUY,0.5714666362709577,Neutral,0.5622222222222222,0.5688888888888889,Global 10d,9.3,6.829435464787415,,0.8078841807456258,0.6450948108352661,0.05,43.90666514688122
Ducon Infratechnologies Limited,DUCON.NS,1.2999999523162842,-0.04411769217479555,BUY,0.5659954302520415,Neutral,0.6930379746835443,0.6882911392405063,Global 10d,10.0,10.735751725461864,,1.70769239233796,0.4817079623310566,,43.88648037336157
Team India Guaranty Limited,TEAMGTY.NS,235.10000610351562,0.00042555788730047617,HOLD,0.46034819859456366,Neutral,0.5590142671854734,0.5434500648508431,Global 10d,6.1,2.0,0.08741910000950681,0.061250504137137174,0.007605541535186768,0.02,43.885887513100556
Bata India Limited,BATAINDIA.NS,613.0,-0.009292929292929242,HOLD,0.4944700959131288,Neutral,0.6560509554140127,0.6547770700636943,Global 10d,5.9,6.5688306512653085,0.06166218151348324,0.21200218032933793,7.104256898730469,,43.88397918639145
Onesource Specialty Pharma Limited,ONESOURCE.NS,1508.0,-0.00893794414047644,HOLD,0.4952201251331719,Neutral,0.5428571428571428,0.5285714285714286,Global 10d,6.9,1.9999999999999971,0.007768795091245728,0.023076955456316384,38.10528368334961,,43.883108529577044
Indian Bank,INDIANB.NS,810.0,0.02124437378462596,HOLD,0.4971346472364864,Neutral,0.5578144853875476,0.542566709021601,Global 10d,4.4,1.6562312406145132,0.029212380251956382,0.055055316158557854,83.3290182,,43.881802044768
United Drilling Tools Limited,UNIDT.NS,239.64999389648438,0.07921280974187739,HOLD,0.49203154290329393,Neutral,0.6222222222222222,0.6037037037037036,Global 10d,8.8,2.368373432062173,0.11890936104326144,0.008395113527618348,0.7733519651031494,,43.87416653586954
Keystone Realtors Limited,RUSTOMJEE.NS,361.25,0.0001383936635641625,HOLD,0.4994471367750691,Neutral,0.6820809248554913,0.6589595375722543,Global 10d,6.7,1.5354647514925623,0.006828350865064392,0.06698965316825256,1.5607783035308838,,43.85336585363825
Mukand Limited,MUKANDLTD.NS,182.1999969482422,0.05525305851841811,HOLD,0.4909805247204315,Neutral,0.6375321336760925,0.5951156812339331,Global 10d,8.0,1.9999999999999978,0.4236482377245381,,3.811070887471008,,43.81980601322808
Sai Silks (Kalamandir) Limited,KALAMANDIR.NS,74.37000274658203,-0.024911419694642167,HOLD,0.5215873712174179,Neutral,0.5757575757575758,0.6893939393939394,Global 10d,7.5,4.216762393466904,,0.22999858942892382,3.6386805688934327,,43.81270189420423
Vinny Overseas Limited,VINNY.NS,0.8999999761581421,0.01123594452133525,HOLD,0.4867680904611948,Neutral,0.7129337539432177,0.722397476340694,Global 10d,6.2,3.81818325493291,,0.2000000794728618,0.02716667928032875,,43.805071189726405
MPS Limited,MPSLTD.NS,2628.39990234375,-0.02615787241802514,HOLD,0.49186988504362256,Neutral,0.5596919127086007,0.5237483953786906,Global 10d,7.8,2.0,0.06283861801202995,0.0678359669200772,2.96262515,,43.79981056708976
Almondz Global Securities Limited,ALMONDZ.NS,19.110000610351562,-0.04449996948242185,SELL,0.43974501693929274,Sell,0.6256476683937824,0.5738341968911918,Global 10d,9.4,2.0,0.21179455013544968,0.011773910026644963,0.6643012608062744,,43.78678221854881
Apollo Micro Systems Limited,APOLLO.NS,401.70001220703125,0.019543178190434718,HOLD,0.48581851374189516,Neutral,0.6163366336633663,0.5742574257425743,Global 10d,8.6,2.0,0.06523074647384286,0.016427326260955777,317.38312923444823,,43.78508834842121
Polyplex Corporation Limited,POLYPLEX.NS,1028.0,-0.025592417061611417,HOLD,0.5147180770706051,Neutral,0.6121673003802282,0.5982256020278833,Global 10d,6.0,2.0,0.17257041129292872,0.02510323116375135,4.2495464,,43.77754943616194
TPL Plastech Limited,TPLPLASTEH.NS,68.88999938964844,-0.03162777648726545,HOLD,0.5032028219478084,Neutral,0.6944971537001897,0.6755218216318786,Global 10d,7.9,2.5230104103128,0.05424240862105356,0.03331394159524237,0.8273158293151855,,43.77385592976599
Jupiter Wagons Limited,JWL.NS,223.44000244140625,-0.0021881402688402884,HOLD,0.5016308054525394,Neutral,0.6276881720430108,0.6303763440860215,Global 10d,6.8,4.171642362024064,,0.20837807487405224,14.805024448911285,,43.74820693929363
Laxmi Dental Limited,LAXMIDENTL.NS,193.8699951171875,0.012799064735544707,HOLD,0.48450055745171133,Neutral,0.7887323943661971,0.8028169014084507,Global 10d,6.7,2.7254725855615622,0.016409758249307904,0.05740963100599861,1.1838089641845704,,43.747131517256854
Allcargo Logistics Limited,ALLCARGO.NS,10.119999885559082,-0.0009871894144976023,HOLD,0.48922307414773303,Neutral,0.6658097686375322,0.6413881748071979,Global 10d,8.9,2.0,0.003968250213867153,0.06620554188444361,8.750183525202942,0.05,43.73560006559685
Aegis Logistics Limited,AEGISLOG.NS,1359.5,-0.029690940197569016,HOLD,0.4973632467103181,Neutral,0.540436456996149,0.5160462130937099,Global 10d,8.7,2.000000000000002,0.11224735800625618,0.055167340934166864,133.7760826286438,,43.73163590427133
Gujarat Alkalies and Chemicals Limited,GUJALKALI.NS,606.4500122070312,0.004721730842230487,HOLD,0.4665355826718,Neutral,0.5754475703324808,0.5831202046035806,Global 10d,6.3,2.8503539013542873,0.021756794655292344,0.07464235562943133,4.159664256530761,,43.730476275902134
Dollar Industries Limited,DOLLAR.NS,272.1000061035156,-0.01857527104232415,HOLD,0.48026465237854604,Neutral,0.6397228637413395,0.6397228637413395,Global 10d,7.0,3.159309410560253,0.030486721010033024,0.029767152312507594,1.9567713195800782,,43.72672854317483
Neuland Laboratories Limited,NEULANDLAB.NS,21505.0,0.007259953161592447,HOLD,0.4762893671170603,Neutral,0.5676020408163265,0.548469387755102,Global 10d,6.6,2.330635838150288,0.19328409641655475,0.1104859335038364,114.9010625,,43.71625709089756
Emami Realty Limited,EMAMIREAL.NS,67.13999938964844,-0.004300769897891965,HOLD,0.48469255422272567,Neutral,0.6556543837357052,0.6493011435832274,Global 10d,8.5,3.397190398983321,0.028177584255734578,0.10962169611646311,0.0703178591014862,0.02,43.70961893007562
Rajshree Polypack Limited,RPPL.NS,19.600000381469727,0.03321038961091194,HOLD,0.5057320771826728,Neutral,0.6438356164383562,0.6219178082191781,Global 10d,8.3,2.0,0.01765317489861884,0.0035714129317261367,0.09316051495962142,,43.70873446319842
Sejal Glass Limited,SEJALLTD.NS,656.5,-0.02596439169139464,HOLD,0.4935613210247434,Neutral,0.5504087193460491,0.5217983651226158,Global 10d,9.8,2.000000000000002,0.005282922090988462,0.08903276802289595,0.48918446076049804,0.05,43.70110211693803
Raj Rayon Industries Limited,RAJRILTD.NS,19.6200008392334,-0.0189999580383301,HOLD,0.49499500527021795,Neutral,0.5845539280958721,0.6165113182423436,Global 10d,5.6,2.7806016535060976,,0.13149846143466637,0.012571519538879394,0.02,43.70002685121415
S H Kelkar and Company Limited,SHK.NS,137.86000061035156,-0.022408194343860766,HOLD,0.5034467129390742,Neutral,0.6496062992125984,0.6161417322834646,Global 10d,8.2,1.6702281666674383,0.030721519366573746,0.05788477942992154,3.8824248,,43.655732426748756
NIIT Learning Systems Limited,NIITMTS.NS,191.0800018310547,-0.06566912638263422,HOLD,0.5423784340842697,Neutral,0.5109489051094891,0.6423357664233577,Global 10d,8.4,3.8588520049139756,,0.2504751278134931,2.1206984138824465,,43.652255037546816
Rajesh Exports Limited,RAJESHEXPO.NS,64.02999877929688,-0.010355459050195748,HOLD,0.5396475452636861,Neutral,0.6854219948849105,0.7071611253196931,Global 10d,8.3,4.374940614033073,,0.35249102178839786,1.0892064046783447,0.05,43.64904392985097
Linde India Limited,LINDEINDIA.NS,6247.5,-0.011940534556381444,HOLD,0.49928911792898106,Neutral,0.5868725868725869,0.5727155727155727,Global 10d,4.7,1.8086951123326758,0.037015519960162724,0.004592185955487382,9.29328,,43.64638277935312
Honeywell Automation India Limited,HONAUT.NS,33470.0,0.00029886431560077753,HOLD,0.4922139474813056,Neutral,0.5823754789272031,0.6194125159642401,Global 10d,6.0,2.6758906903893536,0.03148839957141969,0.03740152085872195,8.24111275,,43.63774488187826
Ganges Securities Limited,GANGESSECU.NS,113.98999786376953,0.014145874700228989,HOLD,0.47028779344786736,Neutral,0.6769596199524941,0.6888361045130642,Global 10d,6.2,2.58611206757414,0.006178806095730627,0.11084307722622011,0.007636635102081298,,43.63431828732508
Cummins India Limited,CUMMINSIND.NS,4832.2998046875,-0.005699628665123413,HOLD,0.5084730428112495,Neutral,0.5262483994878361,0.5339308578745199,Global 10d,4.7,2.000000000000006,0.10887118141162366,0.02352442817985212,192.098459925,,43.624183364880466
Nahar Industrial Enterprises Limited,NAHARINDUS.NS,127.08000183105469,-0.00516671397958457,HOLD,0.47239287349777337,Neutral,0.6270753512132823,0.6309067688378034,Global 10d,7.1,4.5428550360848305,0.02483872444398938,0.015108578385903959,0.197234214932251,,43.62340600825613
Gokul Refoils and Solvent Limited,GOKUL.NS,38.65999984741211,-0.01927951184259369,HOLD,0.4759955302197835,Neutral,0.6061776061776062,0.5933075933075933,Global 10d,6.3,2.0,0.004364544095311951,0.07721160429728702,0.6507651586587906,,43.62327225467734
Prism Johnson Limited,PRSMJOHNSN.NS,103.61000061035156,-0.04717672755378266,HOLD,0.522262373403998,Neutral,0.538560411311054,0.5912596401028278,Global 10d,6.6,4.3360386803745525,0.06704430729693067,0.1987259551838425,3.137548668400574,,43.618128956263426
Juniper Hotels Limited,JUNIPER.NS,214.99000549316406,0.007356420849445877,HOLD,0.47974391426646984,Neutral,0.5221238938053098,0.584070796460177,Global 10d,6.5,2.838809991639223,0.027627735738291248,0.012930780667658626,2.6293296760147093,,43.61464214945366
Eveready Industries India Limited,EVEREADY.NS,315.8500061035156,-0.022741354659378654,HOLD,0.47069463184513943,Neutral,0.6130268199233716,0.5836526181353767,Global 10d,7.3,1.5474514475756698,0.0026984320746528123,0.08146876192787178,2.061106080340576,,43.56060831911075
Gujarat Raffia Industries Limited,GUJRAFFIA.NS,39.5,-0.019120944847549004,HOLD,0.4904141729019596,Neutral,0.6388888888888888,0.6166666666666667,Global 10d,8.4,1.9999999999999976,0.008682332837403273,0.10759495602378366,0.009801113774871827,0.1,43.55842257118159
Shree Digvijay Cement Co.Ltd,SHREDIGCEM.NS,66.69000244140625,0.011680890379995201,HOLD,0.4898666554742402,Neutral,0.6134969325153374,0.6226993865030674,Global 10d,6.9,2.8135917626131475,0.026000037560096168,0.08501115704362339,0.5282433087425232,,43.558213865717015
Orient Paper & Industries Limited,ORIENTPPR.NS,16.229999542236328,-0.013373933768974111,HOLD,0.47103021997312955,Neutral,0.6768837803320562,0.6551724137931034,Global 10d,8.1,2.7320458972658535,0.22490562582915685,0.1213802388334313,0.30799014420604703,,43.55779257544843
Oricon Enterprises Limited,ORICONENT.NS,49.97999954223633,-0.026490078034855813,HOLD,0.48313127730814803,Neutral,0.566990291262136,0.570873786407767,Global 10d,7.4,5.940274361252151,0.027867575738648842,0.18994899935091736,0.2027723924102783,,43.53316235167541
Ravinder Heights Limited,RVHL.NS,37.22999954223633,-0.025392701605498225,HOLD,0.5077176264294178,Neutral,0.6692015209125475,0.6501901140684411,Global 10d,7.9,1.8046210252427186,0.0032336009138003163,0.12812249574035706,0.024287155902671814,0.05,43.52393911541878
IG Petrochemicals Limited,IGPL.NS,569.5499877929688,-0.017593811482589428,HOLD,0.4859554830345045,Neutral,0.5846153846153846,0.5653846153846154,Global 10d,7.3,2.000000000000003,0.11972868303794404,,3.6801993264770507,,43.51360596827924
Jagsonpal Pharmaceuticals Limited,JAGSNPHARM.NS,231.72999572753906,-0.02527975783107239,HOLD,0.45843908116921656,Neutral,0.5848329048843187,0.5488431876606683,Global 10d,7.0,2.0171567050172348,0.060210694102282414,0.07003845546784926,1.4145053232635498,,43.50652153680566
Prime Focus Limited,PFOCUS.NS,285.6499938964844,-0.0527275560939523,HOLD,0.5247294951643555,Neutral,0.5477707006369427,0.5375796178343949,Global 10d,8.7,2.1870871677049992,0.08488418966843736,0.029231599096555705,118.91212291805115,0.05,43.49357610836492
Shemaroo Entertainment Limited,SHEMAROO.NS,115.20999908447266,-0.01630809099485886,HOLD,0.484699833208931,Neutral,0.6223021582733813,0.6025179856115108,Global 10d,7.4,2.0,0.015513461291968289,0.022263680644839745,0.07499226876525879,,43.484191895683225
Alok Industries Limited,ALOKINDS.NS,7.059999942779541,-0.004231341207714845,HOLD,0.5335858473954461,Neutral,0.6518987341772152,0.6531645569620252,Global 10d,8.2,16.469135976895178,,0.9447591577218613,15.17427518053379,,43.4792923697723
Anik Industries Limited,ANIKINDS.NS,44.0,-0.010123751523411606,HOLD,0.47051666351994376,Neutral,0.6427656850192062,0.6235595390524968,Global 10d,9.5,3.3408589281418184,0.04687128115044903,0.05340909957885742,0.016957103521728516,,43.47869024805751
Star Paper Mills Limited,STARPAPER.NS,151.80999755859375,-0.004655171085615972,SELL,0.436630858157767,Sell,0.6143958868894601,0.5886889460154241,Global 10d,7.5,2.0,0.08429466298208244,0.01558033844889506,0.1383709073486328,,43.46277157026822
Shivalik Bimetal Controls Limited,SBCL.NS,1066.4000244140625,-0.0049453457117518695,HOLD,0.49170158739730674,Neutral,0.5271966527196653,0.5062761506276151,Global 10d,8.0,2.0,0.11419919717499871,0.034174077710389605,30.557299766601563,,43.45589564429459
Sundaram Multi Pap Limited,SUNDARAM.NS,1.0800000429153442,-0.009174302896359121,HOLD,0.5229852191379539,Neutral,0.6904145077720207,0.705958549222798,Global 10d,7.8,5.077055466486745,0.048543760111089185,0.2592592224662702,0.03543967614020109,,43.44181228189934
Signet Industries Limited,SIGIND.NS,67.41999816894531,-0.01906016476072414,HOLD,0.48051008050995714,Neutral,0.6617886178861788,0.6390243902439025,Global 10d,7.6,2.287073235889563,0.042630914626607064,0.10448125843502987,0.10954404285430908,,43.4416817544088
Sula Vineyards Limited,SULA.NS,130.94000244140625,-0.017704430279984473,HOLD,0.49798377744662486,Neutral,0.6900584795321637,0.7777777777777778,Global 10d,6.9,6.014694884166857,,0.25675877875618625,2.868322143154907,,43.432522205664576
Aditya Vision Limited,AVL.NS,572.2999877929688,-0.037099333219002606,HOLD,0.5235244905858638,Neutral,0.5625,0.6,Global 10d,5.9,2.0,0.002979341534821378,0.043907685209998215,8.279362214294434,,43.41944058084825
Entero Healthcare Solutions Limited,ENTERO.NS,1680.800048828125,-0.01644331159487944,HOLD,0.4956292027472999,Neutral,0.40869565217391307,0.5565217391304348,Global 10d,7.1,3.0645444233952843,0.0434566661771123,0.14231315101320252,31.614074760943602,,43.38887684074824
Genesys International Corporation Limited,GENESYS.NS,287.3999938964844,0.021503421580672866,SELL,0.4436437286106303,Sell,0.6267515923566879,0.5859872611464968,Global 10d,10.0,2.0,0.11287509737264045,0.024860836549058574,23.191878277470398,,43.38701631190007
The Great Eastern Shipping Company Limited,GESHIP.NS,1559.300048828125,0.018750864824233826,HOLD,0.502847072700888,Neutral,0.5089743589743589,0.5243589743589744,Global 10d,5.2,2.0,0.08535388033893043,0.014481944576857808,122.10305611969605,,43.38173722487649
Uravi Defence and Technology Limited,URAVIDEF.NS,103.0,-0.01951454538033459,SELL,0.4297731304370162,Sell,0.7011494252873564,0.7413793103448276,Global 10d,6.0,9.58083832335331,0.01980198019801982,0.23300970873786397,0.014387318642044067,,43.336841340332654
Gulshan Polyols Limited,GULPOLY.NS,160.83999633789062,-0.005625988637461332,HOLD,0.5190023677090639,Neutral,0.6040515653775322,0.6224677716390423,Global 10d,5.4,2.0,0.1057247487700339,0.011725908803673413,1.545141316607666,,43.311709255685514
Deccan Cements Limited,DECCANCE.NS,548.9500122070312,-0.030979678363581176,HOLD,0.46294097281243896,Neutral,0.5695876288659794,0.595360824742268,Global 10d,7.4,3.9336484368443063,0.017471029910853586,0.0868753301908316,1.333918739794922,,43.303388063974595
Touchwood Entertainment Limited,TOUCHWOOD.NS,57.13999938964844,-0.03512329936135705,HOLD,0.5245779825508274,Neutral,0.6592039800995025,0.6865671641791045,Global 10d,8.0,4.432090198129338,,0.29593986424110486,0.003967190540885925,,43.29556579420804
Symphony Limited,SYMPHONY.NS,571.7000122070312,-0.018456519486137357,HOLD,0.4541501051093882,Neutral,0.6033755274261603,0.6075949367088608,Global 10d,7.1,6.550884226428561,0.01707887749165371,0.14220742707195777,3.283718849377441,,43.29325611026205
Cello World Limited,CELLO.NS,323.1000061035156,-0.007525669732204587,HOLD,0.5055214204047568,Neutral,0.6746031746031746,0.7619047619047619,Global 10d,7.3,3.7237441915154186,,0.1829396036688269,7.73780610199585,,43.27607102023784
Zensar Technologies Limited,ZENSARTECH.NS,451.5,0.0394842722585278,HOLD,0.503634941060738,Neutral,0.576379974326059,0.5494223363286265,Global 10d,7.4,2.0,0.05489147671807526,0.06290142612731864,44.573201034680174,,43.27096246520606
Gayatri Highways Limited,GAYAHWS.NS,1.7200000286102295,-0.02272725117600638,HOLD,0.5238666388060563,Neutral,0.5518987341772152,0.5721518987341772,Global 10d,8.0,3.71681535303452,,0.26162793034795384,0.03483457544893026,,43.25999860696948
Premier Limited,PREMIER.NS,2.5999999046325684,-0.04761908920610103,HOLD,0.5129057583117372,Neutral,0.6375158428390367,0.6185044359949303,Global 10d,8.5,2.0,0.01562498544808455,0.1512820959561456,0.0024648150220394132,,43.22626571800712
ASK Automotive Limited,ASKAUTOLTD.NS,618.1500244140625,-0.03429144197636058,HOLD,0.48817097431296674,Neutral,0.46825396825396826,0.6031746031746031,Global 10d,7.3,2.9641890572879266,0.034257810748784756,0.1125131198674536,20.09642818371582,,43.22434725321704
State Bank of India,SBIN.NS,958.0,0.004087647535749417,HOLD,0.5135666729855474,Neutral,0.4884910485933504,0.5396419437340153,Global 10d,4.2,2.0,0.029206873869766392,0.024333824540551108,741.379450925,,43.22115144237822
Allcargo Terminals Limited,ATL.NS,23.59000015258789,-0.03477906558493049,HOLD,0.5026255086804676,Neutral,0.6376811594202898,0.6376811594202898,Global 10d,8.9,4.965192899423292,0.01856646531209516,0.11487914654275078,0.39491239376163484,,43.205457202282915
Pidilite Industries Limited,PIDILITIND.NS,1487.699951171875,0.016188491237619562,HOLD,0.5115395822211374,Neutral,0.5171537484116899,0.5108005082592122,Global 10d,4.5,2.000000000000005,0.04404421467238073,0.01729903123891874,86.6011462553833,,43.195306382081114
Mallcom (India) Limited,MALLCOM.NS,935.2000122070312,-0.003993822835345107,HOLD,0.474905263357367,Neutral,0.642512077294686,0.6956521739130435,Global 10d,6.8,2.9850884537341758,0.036411549413837285,0.11927418029681558,0.2476461486175537,,43.19159435090228
H.G. Infra Engineering Limited,HGINFRA.NS,403.75,-0.03846152448496043,HOLD,0.5277844240518057,Neutral,0.6893939393939394,0.7373737373737373,Global 10d,8.2,6.425190643829707,,0.4260061919504643,3.602138272998047,,43.18922120259028
Dynamatic Technologies Limited,DYNAMATECH.NS,14251.0,0.035984297760977,HOLD,0.503182334923117,Neutral,0.5461538461538461,0.5205128205128206,Global 10d,6.0,2.0,0.2707088720463664,,39.89497725,,43.18144032835458
D P Wires Limited,DPWIRES.NS,163.99000549316406,0.0006102025986214343,HOLD,0.4913309312592447,Neutral,0.7125307125307125,0.7125307125307125,Global 10d,8.2,9.00063753538019,0.023945594849350105,0.25443618176149085,0.08125948519515991,,43.17062694926098
Madhav Marbles and Granites Limited,MADHAV.NS,34.4900016784668,0.009660475191122897,HOLD,0.46651013926397616,Neutral,0.6150895140664961,0.5895140664961637,Global 10d,7.9,2.0,0.018004739997651287,0.07973325213599258,0.006561150974082947,,43.16901335595808
ORTIN GLOBAL LIMITED,ORTINGLOBE.NS,14.520000457763672,0.01396653402246506,SELL,0.4451953392826203,Sell,0.6326129666011788,0.6031434184675835,Global 10d,8.6,2.4067763065845234,0.03714288984026237,0.09779607974188265,0.011722965103530884,0.1,43.14876176568398
Imagicaaworld Entertainment Limited,IMAGICAA.NS,50.70000076293945,-0.007439331528845128,HOLD,0.4711124570761492,Neutral,0.6722532588454376,0.6741154562383613,Global 10d,7.6,5.623048443294269,0.02166248388794867,0.005917144626156334,3.555955463937378,,43.13093656221131
Fairchem Organics Limited,FAIRCHEMOR.NS,661.5,-0.028277634961439535,HOLD,0.48938750255451674,Neutral,0.6307692307692307,0.6192307692307693,Global 10d,7.5,2.594552616285576,0.04165028378152513,0.0023538247246222,0.311457825,0.02,43.13086825977362
Ajooni Biotech Limited,AJOONI.NS,3.0999999046325684,-0.009584731217720188,HOLD,0.5184243199952183,Neutral,0.75,0.7623762376237624,Global 10d,7.9,4.3648422230636035,,0.3032258342381704,0.0976962,,43.12121599976091
Manba Finance Limited,MANBA.NS,139.00999450683594,0.015857923319342104,HOLD,0.4902315580677495,Neutral,0.38823529411764707,0.6,Global 10d,6.2,2.759683382496845,0.040209452651197575,0.0013589150433401809,1.2495596985969544,,43.1206359161954
Laurus Labs Limited,LAURUSLABS.NS,1971.4000244140625,-0.006350794146137817,HOLD,0.49605109084899235,Neutral,0.4153846153846154,0.6857142857142857,Global 10d,4.5,2.0,0.11416299152979414,,297.39154356776123,,43.110998129889126
Reliance Communications Limited,RCOM.NS,0.8600000143051147,0.023809572804273094,HOLD,0.4912065378736705,Neutral,0.6758448060075094,0.6508135168961202,Global 10d,9.8,2.7752070868087437,0.061728409597230804,0.17441857402681915,0.3079580386844665,0.05,43.10642763925764
JITF Infralogistics Limited,JITFINFRA.NS,275.45001220703125,-0.012015694880249117,HOLD,0.5043090572886929,Neutral,0.7101769911504425,0.6991150442477876,Global 10d,7.4,2.1877153405959073,0.01961879855743298,0.05282260718156295,0.5779455846496582,0.02,43.10248840853301
Andhra Cements Limited,ACL.NS,39.33000183105469,0.0,HOLD,0.5202978743547897,Neutral,0.7059620596205962,0.7208672086720866,Global 10d,8.0,6.496691985532742,,0.42829892249598545,0.04165065691699982,0.05,43.08156038440615
Dish TV India Limited,DISHTV.NS,2.1500000953674316,0.04368939567369812,HOLD,0.5489056478495379,Neutral,0.6828644501278772,0.7033248081841432,Global 10d,9.5,3.7086087054781576,0.181318699672967,0.27906971070623565,0.5585846447771072,,43.07238806895455
Prudent Corporate Advisory Services Limited,PRUDENT.NS,3119.10009765625,-0.0032276152605213992,HOLD,0.48270704934975894,Neutral,0.5948717948717949,0.5794871794871794,Global 10d,6.6,1.9999999999999976,0.12929040465468855,0.011906527434573988,8.70290102397461,,43.03612750733447
Damodar Industries Limited,DAMODARIND.NS,26.59000015258789,-0.013723996455840437,HOLD,0.500356836654933,Neutral,0.6974789915966386,0.6764705882352942,Global 10d,8.2,1.737875524869609,0.0009410735188286612,0.12128621146908314,0.008645815037727355,,43.02661530838827
Netweb Technologies India Limited,NETWEB.NS,4765.10009765625,0.054155764782436444,HOLD,0.4952602500620014,Neutral,0.5422535211267606,0.5352112676056338,Global 10d,6.9,2.087681182700328,0.08593894659440515,0.0998160582317924,428.28476195,,43.00482791508494
Jindal Poly Films Limited,JINDALPOLY.NS,653.7000122070312,-0.028027620144333576,HOLD,0.47000445739109237,Neutral,0.6133162612035852,0.6030729833546735,Global 10d,8.7,3.7486022322327712,0.03761906699528761,0.0592779551421021,0.9625084361450196,0.05,42.97294564046929
Religare Enterprises Limited,RELIGARE.NS,224.58999633789062,-0.018872077476331905,HOLD,0.5152534244318211,Neutral,0.5675675675675675,0.601029601029601,Global 10d,5.8,2.0,0.00543926732127864,0.019591296259935387,18.886266890045167,,42.95472617249516
Tips Films Limited,TIPSFILMS.NS,315.3999938964844,-0.008955243058965001,HOLD,0.4973048201690658,Neutral,0.7570621468926554,0.7627118644067796,Global 10d,8.6,3.0728025846223166,0.02402595420936482,0.29034563721991247,0.07451733238677978,,42.9299611094176
Gujarat Narmada Valley Fertilizers and Chemicals Limited,GNFC.NS,586.2999877929688,-0.004837539680878855,HOLD,0.4685923352903896,Neutral,0.5738125802310655,0.5558408215661104,Global 10d,7.1,2.0,0.10873676499121232,0.015670448763295042,42.97670040953369,,42.92712014768857
Panama Petrochem Limited,PANAMAPET.NS,487.1000061035156,0.0058854023820662515,HOLD,0.48267232514769615,Neutral,0.5886627906976745,0.5625,Global 10d,6.5,2.0,0.05891305674677305,0.046426949855329136,8.024144530545044,,42.92250134246211
Jain Irrigation Systems Limited,JISLJALEQS.NS,26.809999465942383,-0.017948710066371554,HOLD,0.49823005416904725,Neutral,0.586427656850192,0.6107554417413572,Global 10d,8.5,6.730491531916172,0.02680960701752344,0.20850437043229664,4.755160724531269,,42.9007821821381
Jindal Drilling And Industries Limited,JINDRILL.NS,587.6500244140625,-0.02156169113933315,SELL,0.4446707954737641,Sell,0.576379974326059,0.5750962772785623,Global 10d,7.2,5.528520765320445,0.01855727185080691,0.0135935894291761,16.30068304868164,,42.8960019800852
Kokuyo Camlin Limited,KOKUYOCMLN.NS,74.7699966430664,-0.014498564171531947,HOLD,0.49555338094852647,Neutral,0.6275510204081632,0.6173469387755102,Global 10d,5.7,2.3366414855507847,0.0561011774142941,0.09147630954676256,0.18689051678466798,,42.874283396155576
Honasa Consumer Limited,HONASA.NS,427.8999938964844,-0.00799817354402288,HOLD,0.51415606661846,Neutral,0.5284552845528455,0.6016260162601627,Global 10d,6.1,2.000000000000002,0.08127599936042773,0.01808304172897479,32.678529732777406,,42.869523350110185
Prime Securities Limited,PRIMESECU.NS,301.5,0.010219425928027714,HOLD,0.4867869302092053,Neutral,0.5346153846153846,0.5269230769230769,Global 10d,5.8,2.0,0.11316226693741904,0.014925373134328401,0.7213792026000977,,42.86755542541461
Tarmat Limited,TARMAT.NS,57.22999954223633,-0.03653201898820102,HOLD,0.4761416311185213,Neutral,0.6238767650834403,0.6007702182284981,Global 10d,8.1,2.0,0.12171695469923671,0.05294423909720125,0.16687153444137573,0.05,42.86554296201784
Agi Infra Limited,AGIIL.NS,260.0,-0.017755995429857396,HOLD,0.45364203181703294,Neutral,0.8125,0.8958333333333334,Global 10d,7.4,6.524208177204339,0.017174454480723744,0.14222806777234642,18.70640890109253,,42.86068417146403
Data Patterns (India) Limited,DATAPATTNS.NS,4251.2998046875,-0.008304392093873347,HOLD,0.47304869388322857,Neutral,0.48148148148148145,0.5416666666666666,Global 10d,7.6,3.697246522999041,0.026884010794082203,0.009959526575325395,173.2419325,,42.83613388460527
Sanstar Limited,SANSTAR.NS,103.0,-0.0184867771705024,HOLD,0.5017345883399903,Neutral,0.5212765957446809,0.5106382978723404,Global 10d,5.8,2.0,0.16410483829314382,0.01941747572815533,1.5159339411437989,,42.823158736290324
Brand Concepts Limited,BCONCEPTS.NS,140.41000366210938,-0.0017773353724669372,HOLD,0.5364585657868254,Neutral,0.6516290726817042,0.731829573934837,Global 10d,8.8,3.2690254385368838,,0.25653434993387236,0.15073294146652222,,42.82292828934127
Poly Medicure Limited,POLYMED.NS,1638.0999755859375,-0.021328756243723435,HOLD,0.48564895087492826,Neutral,0.5697503671071953,0.5477239353891337,Global 10d,6.6,1.6658952606579214,0.020582935114937584,0.041758968228186255,17.463542222094727,,42.77404023692236
Sumeet Industries Limited,SUMEETINDS.NS,10.890000343322754,0.04913296948545409,HOLD,0.5460176782831875,Neutral,0.6030640668523677,0.6016713091922006,Global 10d,10.0,24.380232563620915,0.17602592593431754,1.8925618922789424,1.0260932305531503,0.05,42.768295551171626
E2E Networks Limited,E2E.NS,648.0,-0.00384319754035356,HOLD,0.4912162704007672,Neutral,0.5335051546391752,0.5025773195876289,Global 10d,9.0,2.000000000000002,0.17625698181664284,0.07716049382716039,36.870920397583006,0.05,42.73839616175902
Innovana Thinklabs Limited,INNOVANA.NS,290.20001220703125,-0.008032731785996616,HOLD,0.48741492102770173,Neutral,0.691358024691358,0.6641975308641975,Global 10d,8.4,2.1726769738327785,,0.1590282286534177,1.0633304316986083,,42.73026468450521
Galaxy Surfactants Limited,GALAXYSURF.NS,2376.89990234375,0.01890425779859628,HOLD,0.4697692099366287,Neutral,0.5875,0.5675,Global 10d,7.5,1.9820361777900533,0.11302482241709133,0.11405616929384821,7.850416745947266,,42.72326622439235
Vimta Labs Limited,VIMTALABS.NS,584.3499755859375,-0.026570069184362666,HOLD,0.47926920485503394,Neutral,0.5694087403598972,0.5526992287917738,Global 10d,7.4,2.0,0.011968263810258062,0.04389496959992645,9.053445125592042,,42.70988501567986
Alkyl Amines Chemicals Limited,ALKYLAMINE.NS,1730.4000244140625,-0.006316756544034852,HOLD,0.5112179256846415,Neutral,0.648786717752235,0.6347381864623244,Global 10d,6.3,1.969748239498794,0.04159391654426314,0.08811330752479107,6.72961473605957,,42.705308136216075
Arihant Superstructures Limited,ARIHANTSUP.NS,216.6300048828125,-0.027911155711675795,HOLD,0.5217479627910855,Neutral,0.6058558558558559,0.6328828828828829,Global 10d,9.0,6.117274847584475,0.036259276347285985,0.2435629182673822,0.11850964379348755,,42.70128574684116
Torrent Pharmaceuticals Limited,TORNTPHARM.NS,4767.2998046875,-0.006812540690104174,HOLD,0.4852225577713383,Neutral,0.512258064516129,0.5974193548387097,Global 10d,4.0,1.960432340884875,0.12428366489968945,0.06473268103525087,170.52679074365236,,42.69521198688548
Cords Cable Industries Limited,CORDSCABLE.NS,318.8999938964844,-0.0409022739955357,SELL,0.38838811754154984,Sell,0.587708066581306,0.5224071702944942,Global 10d,9.3,1.9999999999999984,0.6098332330366507,,6.401670205041504,,42.677963282113765
Indus Towers Limited,INDUSTOWER.NS,380.20001220703125,0.010498371314368704,HOLD,0.4883855531994125,Neutral,0.534181240063593,0.5405405405405406,Global 10d,5.1,2.0000000000000044,0.0037748905931842547,0.026104648801442698,159.6095093162079,,42.669494198815165
Venus Remedies Limited,VENUSREM.NS,1778.0,-0.010407943273821663,HOLD,0.49288406989160133,Neutral,0.5454545454545454,0.5324675324675324,Global 10d,7.1,2.0,0.11701062558055697,0.00044997121941792173,5.104336520617676,0.05,42.64730464058327
Transindia Real Estate Limited,TREL.NS,27.290000915527344,-0.05538243364222395,HOLD,0.48975468312796044,Neutral,0.4666666666666667,0.562962962962963,Global 10d,8.6,2.7398665474614092,0.0850895160817553,0.009527237552610979,0.4154584142227173,,42.64091462538048
Aarti Surfactants Limited,AARTISURF.NS,498.5,0.010746122590816087,HOLD,0.4804724439186899,Neutral,0.6411149825783972,0.6480836236933798,Global 10d,8.1,5.051586419467025,0.025553922013110686,0.0011117156224984548,0.6260805072418213,0.05,42.640411378284526
Amrutanjan Health Care Limited,AMRUTANJAN.NS,513.2000122070312,-0.003011146756617289,HOLD,0.4957670059568328,Neutral,0.6133162612035852,0.619718309859155,Global 10d,5.2,2.221645711629601,0.025089608269537544,0.06521229816140672,2.097840678234863,,42.63650394740393
Hariom Pipe Industries Limited,HARIOMPIPE.NS,332.3500061035156,-0.0252236568283023,HOLD,0.5075910473383957,Neutral,0.5572139303482587,0.6169154228855722,Global 10d,7.1,2.5518975533341477,0.14446839449765503,0.13499775613550002,3.271200207550049,,42.62355251866168
Menon Bearings Limited,MENONBE.NS,288.3999938964844,-0.02633361913940435,HOLD,0.4740385424143474,Neutral,0.5786516853932584,0.5393258426966292,Global 10d,7.7,2.0,0.8945729629940449,,1.9902664299133301,0.05,42.60005446154133
Coal India Limited,COALINDIA.NS,425.1000061035156,0.011179857933557802,HOLD,0.4985336302194378,Neutral,0.5148247978436657,0.5094339622641509,Global 10d,4.1,1.7340751529963738,0.025987885845596637,0.026346698491285903,306.665802862381,,42.59641655207576
Art Nirman Limited,ARTNIRMAN.NS,40.0,-0.005964256174353699,SELL,0.44554880801905644,Sell,0.6984615384615385,0.6461538461538461,Global 10d,9.3,1.6742393963582185,0.049868808450726165,0.08749999999999991,0.0022646159393310545,0.02,42.5929725555541
DELPHI WORLD MONEY LIMITED,DELPHIFX.NS,6.900000095367432,0.01920238032602284,HOLD,0.49450961712751945,Neutral,0.615819209039548,0.6483050847457628,Global 10d,9.4,4.635204774400495,0.11111111964281895,0.32028978706733335,0.06649186676974296,0.02,42.59214726709141
Sundaram Clayton Limited,SUNCLAY.NS,1183.0,-0.037350495160049735,HOLD,0.5029612532661193,Neutral,0.5169491525423728,0.5677966101694916,Global 10d,6.0,2.852610902311216,0.06695508467318056,0.14116652578191036,0.5512470904052734,,42.57543006001805
Oil Country Tubular Limited,OILCOUNTUB.NS,78.13999938964844,0.01997126702920471,BUY,0.5684593937334029,Neutral,0.5329113924050632,0.5189873417721519,Global 10d,6.5,2.0,0.2902905815340815,,0.26130003712806704,0.02,42.570649011564655
Affordable Robotic & Automation Limited,AFFORDABLE.NS,168.11000061035156,-0.0174751922063352,HOLD,0.5048669031302092,Neutral,0.5121951219512195,0.5121951219512195,Global 10d,8.6,3.430337052052018,0.033886803813083066,0.12902267778631282,0.3425031918060303,0.05,42.5685015371959
Hexa Tradex Limited,HEXATRADEX.NS,154.9600067138672,-0.012049724680285312,HOLD,0.4744434945744371,Neutral,0.6253731343283582,0.6268656716417911,Global 10d,4.4,1.9999999999999962,0.008307173176461902,0.07320164783623606,0.018820532455444336,,42.56580340715386
Oriental Hotels Limited,ORIENTHOT.NS,140.0,-0.016577694578767455,HOLD,0.4835913740392435,Neutral,0.5657216494845361,0.5644329896907216,Global 10d,6.2,2.5401297418378093,0.030017671321503014,0.04634837721130203,7.017362376632691,,42.55785341899658
V2 Retail Limited,V2RETAIL.NS,169.27999877929688,-0.1594418824552717,HOLD,0.5254803868243281,Neutral,0.5456852791878173,0.5888324873096447,Global 10d,8.6,4.341003760096908,,0.2878071926514074,14.762362400761413,,42.54068600788307
Arvind SmartSpaces Limited,ARVSMART.NS,592.5,-0.015371832156211074,HOLD,0.4598735419832562,Neutral,0.5686653771760155,0.5802707930367506,Global 10d,7.4,4.45073286567278,0.02588163954599665,0.040724600877595885,4.179690466741944,,42.51922079987973
Vardhman Holdings Limited,VHL.NS,3435.300048828125,0.010144671696264096,HOLD,0.48248022617405056,Neutral,0.5886157826649417,0.5873221216041398,Global 10d,5.4,2.026758680675407,0.0030235694702969163,0.07274451906583401,0.1532646944824219,,42.514544281016526
Onward Technologies Limited,ONWARDTEC.NS,291.29998779296875,0.010230558789702693,HOLD,0.4824497052446028,Neutral,0.613607188703466,0.5840821566110398,Global 10d,6.9,1.8879377313697006,0.059658036597337594,0.013388343898024235,0.7395938707351685,,42.49035026208791
Coral India Finance & Housing Limited,CORALFINAC.NS,31.25,-0.009508692371318683,HOLD,0.47964356402459246,Neutral,0.6902050113895216,0.6742596810933941,Global 10d,7.2,1.9758018498144712,0.014392102812869068,0.12132550992051705,0.03585873028964996,,42.47724749651649
20 Microns Limited,20MICRONS.NS,207.25999450683594,-0.034158171192253395,HOLD,0.4818065863949301,Neutral,0.5880829015544041,0.5544041450777202,Global 10d,7.7,2.000000000000002,0.06807519323539868,0.0548156097904553,2.2397537552948,,42.471045612929274
Alldigi Tech Limited,ALLDIGI.NS,756.3499755859375,-0.014206613768735776,HOLD,0.47705819865151805,Neutral,0.5697674418604651,0.562015503875969,Global 10d,4.8,2.250540147226809,0.05012241949447627,0.089393355201693,0.3863399311737061,,42.4682871833084
LMW Limited,LMW.NS,16548.0,-0.01862175305420477,HOLD,0.48170231233883715,Neutral,0.5866495507060334,0.5622593068035944,Global 10d,5.9,2.0,0.06916998801834473,0.022470184184163466,5.8468575,,42.46159415784243
HBL Engineering Limited,HBLENGINE.NS,763.5999755859375,-0.02020914928259121,HOLD,0.4751086362503932,Neutral,0.5505761843790012,0.5313700384122919,Global 10d,8.1,1.9999999999999976,0.008596443599528936,0.06569735631494367,118.88156677436828,,42.44556836756565
GVK Power & Infrastructure Limited,GVKPIL.NS,2.509999990463257,-0.01953123181010552,HOLD,0.47068186763370573,Neutral,0.6331994645247657,0.6465863453815262,Global 10d,6.0,8.462220362911088,0.059071777073587795,0.27091636228719596,0.11662346398985386,0.02,42.437043434499536
Semac Construction Limited,SEMAC.NS,239.0399932861328,-0.012190636555502676,HOLD,0.5131284588151817,Neutral,0.6232073011734028,0.6075619295958279,Global 10d,9.0,2.700297730147215,0.06239997016059018,0.1713102330086862,0.0188838,0.05,42.42288778732518
Precision Wires India Limited,PRECWIRE.NS,501.3999938964844,0.0181743963196217,HOLD,0.483725486847681,Neutral,0.5391527599486521,0.5134788189987163,Global 10d,7.6,2.0,0.1929574314988176,0.046868828886403646,23.680039054299925,,42.41603663490348
Salona Cotspin Limited,SALONA.NS,254.35000610351562,-0.024357521312553088,HOLD,0.45229231194032815,Neutral,0.6204268292682927,0.6021341463414633,Global 10d,7.0,2.0,0.010413092857820327,0.039401180240330014,0.006791041259765625,,42.406804364387234
Simplex Infrastructures Limited,SIMPLEXINF.NS,249.61000061035156,0.018774769220229803,HOLD,0.48585274695085784,Neutral,0.5471938775510204,0.5267857142857143,Global 10d,8.2,2.0,0.018608437061029548,0.012599641982998344,2.62907442374115,,42.39904538429222
Lambodhara Textiles Limited,LAMBODHARA.NS,128.63999938964844,-0.0049504903750891005,HOLD,0.45338970370502046,Neutral,0.6309963099630996,0.6014760147601477,Global 10d,9.4,2.0,0.006118169978049481,0.09687977205294818,0.13509239242858886,,42.39069623763531
Bharat Road Network Limited,BRNL.NS,16.030000686645508,0.011994983095159562,HOLD,0.49307809586951284,Neutral,0.7159904534606205,0.7517899761336515,Global 10d,7.5,3.126862427664287,,0.2476605828633478,0.03446911330976486,,42.387238126808974
Barak Valley Cements Limited,BVCL.NS,41.38999938964844,-0.03788937821410632,HOLD,0.4771631960826698,Neutral,0.6641025641025641,0.6307692307692307,Global 10d,7.4,1.556300319301972,0.035008735797090296,0.060159500246079745,0.07393367861747742,,42.37030653516355
Himatsingka Seide Limited,HIMATSEIDE.NS,64.1500015258789,-0.033885541389981455,HOLD,0.5273204396422294,Neutral,0.5836526181353767,0.5836526181353767,Global 10d,8.8,6.928149791231274,,0.47441078100208833,3.708895451007843,,42.36602198211147
Navin Fluorine International Limited,NAVINFLUOR.NS,8136.5,-0.01315949060036381,HOLD,0.47900500096336596,Neutral,0.4845360824742268,0.509020618556701,Global 10d,4.7,1.9554098360655714,0.0051266213712168884,0.07853499662016827,87.65397,,42.36487912838712
Premier Energies Limited,PREMIERENE.NS,891.9500122070312,0.015830561593652703,HOLD,0.5044848144123923,Neutral,0.7032967032967034,0.7032967032967032,Global 10d,6.7,3.7661936672957017,0.07014423618829246,0.1792420522937741,95.23447606714477,,42.36342300649771
Teamo Productions HQ Limited,TPHQ.NS,0.5,0.0,HOLD,0.475159366143538,Neutral,0.6682615629984051,0.69377990430622,Global 10d,8.4,3.212855577883514,0.020408143405366452,0.08000004291534424,0.0472206978795588,,42.36069088510775
Allied Digital Services Limited,ADSL.NS,106.37999725341797,-0.01981020501300368,HOLD,0.4934328595740339,Neutral,0.6556122448979592,0.6211734693877551,Global 10d,10.0,1.770232835936779,0.1314614023788423,0.14473805432450093,1.025687227248001,,42.35889180050813
Nupur Recyclers Limited,NRL.NS,156.61000061035156,-0.01996246796298895,HOLD,0.47854646543242785,Neutral,0.5514018691588785,0.514018691588785,Global 10d,7.7,2.0,0.5499801978553276,,1.427214460824585,0.02,42.339784330811426
Patel Integrated Logistics Limited,PATINTLOG.NS,13.020000457763672,-0.015872947221369227,HOLD,0.48877711715602196,Neutral,0.6197183098591549,0.5992317541613317,Global 10d,8.5,2.0,0.016288719198066737,0.11895319990374054,0.10672242863788604,0.05,42.33884084240189
Fineotex Chemical Limited,FCL.NS,54.029998779296875,-0.03033026569242636,HOLD,0.4783933530757582,Neutral,0.5972762645914397,0.5466926070038911,Global 10d,9.2,1.7835624155083656,0.5395917508315762,0.15491399103620251,142.0514902276085,,42.33362321039192
Mamata Machinery Limited,MAMATA.NS,399.8999938964844,0.002758290213606296,HOLD,0.47840471484862235,Neutral,0.5616438356164384,0.5342465753424658,Global 10d,7.3,1.6776679718544343,0.028027483558882293,0.05389851170697035,2.016345107092285,,42.3334973751347
Naga Dhunseri Group Limited,NDGL.NS,2411.0,-0.029388083735909842,HOLD,0.5122201022382075,Neutral,0.5930735930735931,0.670995670995671,Global 10d,7.0,2.176508097486405,0.0044886687745790965,0.1316486364892322,0.04576535,,42.33340353873537
Marksans Pharma Limited,MARKSANS.NS,331.6499938964844,0.018581043241888917,HOLD,0.4832740966540277,Neutral,0.5634517766497462,0.5368020304568528,Global 10d,6.8,1.9473276471249035,0.05924620706278705,0.03889363510912025,66.93064096907044,,42.333308400631786
Indiamart Intermesh Limited,INDIAMART.NS,1620.300048828125,-0.00534066984154391,HOLD,0.4788935201842543,Neutral,0.6597014925373135,0.6537313432835821,Global 10d,5.7,2.4591899567967417,,0.09164969173913318,11.242880910180665,,42.325686396759345
FCS Software Solutions Limited,FCSSOFT.NS,1.3799999952316284,0.0,HOLD,0.4921504060625703,Neutral,0.6942355889724311,0.662907268170426,Global 10d,8.3,2.2666670980909553,0.31428576943014996,0.12318837512468384,0.22119985423567892,,42.30626975884219
Rubfila International Limited,RUBFILA.NS,63.25,0.0031720977852429666,HOLD,0.4901222774981182,Neutral,0.6739130434782609,0.6521739130434783,Global 10d,7.7,1.5901084342962835,0.0032352137452289487,0.10480013185411874,0.3499991540748596,,42.30557272515375
Shakti Pumps (India) Limited,SHAKTIPUMP.NS,443.3999938964844,-0.023563118395096616,HOLD,0.4886425730378067,Neutral,0.5806916426512968,0.5850144092219021,Global 10d,7.4,4.223711958601968,,0.182792105156115,20.05599463460388,,42.298795318557005
Excel Industries Limited,EXCELINDUS.NS,912.9500122070312,-0.009600754722428051,HOLD,0.5112563497696786,Neutral,0.582798459563543,0.5712451861360719,Global 10d,5.7,1.9361150904292432,0.04697367474148817,0.03666204617529756,1.1137752895690918,,42.278134115648896
Lloyds Metals And Energy Limited,LLOYDSME.NS,1776.800048828125,-0.05690018639696126,HOLD,0.4954256213127886,Neutral,0.5428571428571428,0.6071428571428571,Global 10d,5.7,2.126859345512798,0.013258852725618109,0.03832585469484018,58.3662414,,42.27135651762819
Flexituff Ventures International Limited,FLEXITUFF.NS,3.0199999809265137,0.01683500061772092,HOLD,0.5413098304356994,Neutral,0.6269727403156384,0.6814921090387375,Global 10d,7.6,49.026224083137585,0.5099999904632568,1.548013239020627,0.007778164193749428,0.02,42.265491521784966
Apcotex Industries Limited,APCOTEXIND.NS,593.25,-0.0039455602455753525,HOLD,0.4810608440851847,Neutral,0.5792838874680307,0.5882352941176471,Global 10d,5.9,2.2762278113219634,0.012199325562016083,0.12094395280235992,5.004834975,,42.262126321706475
Radiant Cash Management Services Limited,RADIANTCMS.NS,35.88999938964844,0.0135554799295321,SELL,0.44614529668495356,Sell,0.7065868263473054,0.7005988023952097,Global 10d,7.9,3.1965627189857364,0.03145071240067132,0.04999578961759843,1.3024552558502198,,42.245467392221265
Karma Energy Limited,KARMAENG.NS,36.33000183105469,-0.02938815028459907,HOLD,0.5103591538583359,Neutral,0.6614730878186968,0.6373937677053825,Global 10d,8.8,1.7381399962407984,0.01764708836559037,0.18909987849250065,0.015901052352333068,,42.2430960712709
Jash Engineering Limited,JASH.NS,598.0999755859375,0.037827500008208004,HOLD,0.4917278837157821,Neutral,0.6332518337408313,0.5990220048899755,Global 10d,8.1,2.0,0.2615683358185743,,13.804550001049805,,42.23013465727916
BF Utilities Limited,BFUTILITIE.NS,495.8999938964844,-0.017533444484429173,HOLD,0.4810786411565335,Neutral,0.5386565272496832,0.5792141951837769,Global 10d,7.5,2.486560917241957,0.001110301375173206,0.12925994533667207,2.2157297191772463,,42.22335829147376
Bajaj Finance Limited,BAJFINANCE.NS,970.0,0.022883067053006023,HOLD,0.5035937465565596,Neutral,0.49362244897959184,0.5331632653061225,Global 10d,5.8,2.0,0.09905721546088775,0.01668833533007197,572.1700213502319,,42.20797086400135
Akums Drugs and Pharmaceuticals Limited,AKUMS.NS,801.3499755859375,-0.014450867485923502,HOLD,0.48355041481671623,Neutral,0.2765957446808511,0.723404255319149,Global 10d,5.2,2.0,0.09302318611580329,,18.044162772839357,,42.18682515736171
Rico Auto Industries Limited,RICOAUTO.NS,121.62999725341797,-0.041679806112869144,HOLD,0.5168656235167433,Neutral,0.5759897828863346,0.5734355044699873,Global 10d,6.8,2.0,0.09890061033787867,0.03153304283063818,8.881162719580079,,42.18149913645431
Peninsula Land Limited,PENINLAND.NS,14.5,-0.008207926573078339,HOLD,0.5349553055123907,Neutral,0.636594663278272,0.6200762388818297,Global 10d,9.6,2.0,0.016473862672372608,0.1503448486328125,0.2212199401786804,0.05,42.175165007635485
Medico Remedies Limited,MEDICO.NS,21.860000610351562,0.015327446037228576,BUY,0.555378485716274,Neutral,0.6307692307692307,0.6666666666666667,Global 10d,10.0,6.866987589621706,,1.328453801679025,0.8526214569553375,,42.168924285813695
Dhruv Consultancy Services Limited,DHRUV.NS,19.739999771118164,-0.016932278579667392,HOLD,0.5381652068517996,Neutral,0.7420814479638009,0.7782805429864253,Global 10d,8.9,2.8965521010946023,,0.3328267361196664,0.012219877931404114,0.05,42.15423961582426
Mahindra Logistics Limited,MAHLOG.NS,416.3999938964844,-0.04462547191616151,HOLD,0.4937407798906553,Neutral,0.5628019323671497,0.5603864734299517,Global 10d,6.0,1.9999999999999973,0.09578945762232727,0.03484486934981246,5.29334412470398,,42.15055333349575
3M India Limited,3MINDIA.NS,30795.0,-0.042444029850746245,HOLD,0.5262867054031387,Neutral,0.5690537084398977,0.5601023017902813,Global 10d,6.3,1.5303783372116204,0.0074486662648827195,0.08495298298730569,6.892779,,42.10914031929788
Spencer's Retail Limited,SPENCERS.NS,26.239999771118164,-0.01759638073622094,HOLD,0.5426520330764276,Neutral,0.7386363636363636,0.7471590909090908,Global 10d,8.0,5.605744379179857,0.07629207031904905,0.3719512314792195,0.07995497163562774,,42.07736304655938
Ujjivan Small Finance Bank Limited,UJJIVANSFB.NS,66.58999633789062,0.015091431201177175,HOLD,0.5028949371513286,Neutral,0.4758842443729904,0.5209003215434084,Global 10d,6.2,2.0,0.08452760070086063,0.021174406662447298,62.18124816142311,,42.07558550320728
Chalet Hotels Limited,CHALET.NS,830.25,-0.017688135342062927,HOLD,0.4985514144655458,Neutral,0.5685714285714286,0.5800000000000001,Global 10d,6.0,2.0,0.0025357429499845985,0.0490263335873895,11.182418761505128,,42.07072333536178
Khaitan (India) Limited,KHAITANLTD.NS,147.19000244140625,0.006427367120726446,SELL,0.4404350610887468,Sell,0.5947521865889213,0.5583090379008746,Global 10d,7.8,2.321760909478531,0.07902645326510793,0.025409319938413333,0.04673884649658203,,42.06945502177042
AVRO INDIA LIMITED,AVROIND.NS,6.679999828338623,-0.021961946858418013,HOLD,0.4869421135792627,Neutral,0.632768361581921,0.6242937853107344,Global 10d,9.1,6.065828746023432,,0.5419162358416658,0.14622845934705733,,42.06574974675977
Ircon International Limited,IRCON.NS,110.25,-0.05841657316439064,HOLD,0.49972149050876347,Neutral,0.6854838709677419,0.6801075268817205,Global 10d,9.0,3.3461959356491064,,0.2059566943107023,20.23834730926666,,42.06349388027685
Nitiraj Engineers Limited,NITIRAJ.NS,200.89999389648438,-0.0399503050263077,HOLD,0.45497800551313783,Neutral,0.5825242718446602,0.6286407766990292,Global 10d,7.5,5.966712774109818,0.027069811347763206,0.027476378497578224,0.07305944551391602,,42.051997757907984
VISA Chrome Limited,VISACHROME.NS,35.90999984741211,-0.023388648344984775,HOLD,0.4879944665284836,Neutral,0.6165605095541401,0.5859872611464968,Global 10d,10.0,1.8016162948444845,0.01069521759557901,0.17738793835423694,0.12693223850517274,0.05,42.05059187773348
RBL Bank Limited,RBLBANK.NS,416.54998779296875,0.012518215782424624,HOLD,0.4860688294538799,Neutral,0.4924731182795699,0.5591397849462365,Global 10d,5.0,2.0,0.11079996744791676,,148.72192696959533,,42.04610911592316
Kaushalya Infrastructure Development Corporation Limited,KAUSHALYA.NS,834.0,-0.0035842293906810374,SELL,0.4352972033203448,Sell,0.6314432989690721,0.6108247422680413,Global 10d,6.8,2.2977823563812607,0.03925233644859816,0.09784172173979577,0.010297254846191406,0.05,42.028934912584326
Ace Integrated Solutions Limited,ACEINTEG.NS,17.139999389648438,0.022063143815447717,HOLD,0.4823631314812224,Neutral,0.7327327327327328,0.7057057057057057,Global 10d,8.4,1.7471262146147821,0.019631168006557287,0.15519252871260858,0.00332631666765213,,42.01866635134812
SPL Industries Limited,SPLIL.NS,28.5,-0.02530778990802518,HOLD,0.48322067772991373,Neutral,0.6515544041450777,0.6295336787564767,Global 10d,8.8,2.0146362827437256,0.017857142857142794,0.150643287346377,0.014568308617305755,,42.01474721582258
UTI Asset Management Company Limited,UTIAMC.NS,890.2999877929688,0.00746857021021663,HOLD,0.48017529891213,Neutral,0.6617647058823529,0.6727941176470589,Global 10d,5.5,2.1979973772097976,0.015843795300520824,0.045100051418918596,7.794410585134887,,42.00846456132622
Texmaco Infrastructure & Holdings Limited,TEXINFRA.NS,119.38999938964844,-0.0001675259345736979,HOLD,0.4859564610641822,Neutral,0.5400516795865633,0.5258397932816538,Global 10d,6.7,2.0,0.15503291142569786,0.020185975998240346,2.580457312096405,,41.999807286665565
ANDHRA PAPER LIMITED,ANDHRAPAP.NS,69.94000244140625,-0.019899077309415314,HOLD,0.45410369458908995,Neutral,0.6146907216494846,0.5966494845360825,Global 10d,7.7,2.0,0.09028481327532178,0.019590296110563843,5.789054167904663,,41.973616276212034
Kotak Mahindra Bank Limited,KOTAKBANK.NS,418.3500061035156,0.003237424708670611,HOLD,0.47385015192232355,Neutral,0.5019157088122606,0.5057471264367817,Global 10d,4.4,2.019375340515904,0.017560853491433104,0.04477258637188286,518.393763,,41.95836229402078
Astron Paper & Board Mill Limited,ASTRON.NS,2.809999942779541,0.003571425226269964,HOLD,0.5138206610025077,Neutral,0.6683291770573566,0.770573566084788,Global 10d,8.6,5.582555158525509,,0.4555160981755124,0.005030908571326733,,41.95769971679205
Astra Microwave Products Limited,ASTRAMICRO.NS,1651.699951171875,0.016743583362188286,HOLD,0.4911938082685691,Neutral,0.5314505776636713,0.509627727856226,Global 10d,5.9,2.0077749547713113,0.07455596734509884,0.08461745011470923,43.580352881799314,,41.9370217097019
Godrej Agrovet Limited,GODREJAGRO.NS,640.9000244140625,0.014242759380086012,HOLD,0.4809627325357491,Neutral,0.6092233009708737,0.5970873786407767,Global 10d,5.6,2.0,0.18041140686078694,0.005122076044230761,11.208378133743286,,41.936441670154785
Ganga Forging Limited,GANGAFORGE.NS,1.4600000381469727,-0.01351350045186761,HOLD,0.5158912806531497,Neutral,0.6771428571428572,0.76,Global 10d,8.7,12.409088423512186,,0.8013698943315821,0.4040392509299755,,41.92789736599082
UFLEX Limited,UFLEX.NS,649.8499755859375,-0.012160827387543094,HOLD,0.48380854954593483,Neutral,0.616751269035533,0.5875634517766497,Global 10d,7.1,1.9547850992189328,0.06883219668739726,0.11333388809879685,10.115682739178467,,41.92034430244304
Black Box Limited,BBOX.NS,795.8499755859375,-0.011120790684372661,HOLD,0.49319658508542236,Neutral,0.5363984674329502,0.5172413793103448,Global 10d,8.9,2.0000000000000018,0.11333093383601955,0.057184102643542456,51.33801402446289,,41.91583993650856
Electrosteel Castings Limited,ELECTCAST.NS,75.26000213623047,0.009659259617115667,HOLD,0.4757139112376785,Neutral,0.558408215661104,0.5455712451861361,Global 10d,7.2,2.0,0.1070957927924141,0.04335348022786101,10.333752608752441,,41.915397730186804
Sreeleathers Limited,SREEL.NS,292.6000061035156,0.017420667719397098,SELL,0.41813473852996524,Sell,0.637137989778535,0.6081771720613287,Global 10d,8.7,4.622922528901628,0.3628682999570263,0.36223142244770656,0.5671078730590821,,41.88027468913316
Madhya Bharat Agro Products Limited,MBAPL.NS,165.8300018310547,-0.028131060859163837,HOLD,0.49115791096867517,Neutral,0.4824561403508772,0.5592105263157895,Global 10d,5.8,2.0,0.08983962828563863,0.054935780677568324,13.618246842095948,,41.862706699864596
ABM International Limited,ABMINTLLTD.NS,45.20000076293945,0.0,SELL,0.4294867397765923,Sell,0.6674364896073903,0.6628175519630485,Global 10d,5.0,2.2312930945278344,0.010959554652215875,0.011061946715938076,0.0007910000133514404,0.02,41.86153003483256
UCAL LIMITED,UCAL.NS,140.39999389648438,0.001783803145825713,HOLD,0.47773320619686843,Neutral,0.62002567394095,0.5866495507060334,Global 10d,7.6,1.999999999999997,0.07446235451047456,0.007051321482919537,0.13446602268371582,,41.84601453028696
Skipper Limited,SKIPPER.NS,541.2000122070312,0.01892118484613725,HOLD,0.4809555535769164,Neutral,0.5916030534351145,0.5534351145038168,Global 10d,8.0,1.525303452013501,0.04780779175796712,0.07687278878361625,58.35711871229248,,41.8226654085704
Tata Steel Limited,TATASTEEL.NS,178.13999938964844,0.0007865134249911421,HOLD,0.49374199065923063,Neutral,0.4878671775223499,0.5172413793103449,Global 10d,4.9,2.0,0.13590990439729245,0.028195062640179902,533.8591069161499,,41.80980240104277
SVP GLOBAL TEXTILES LIMITED,SVPGLOB.NS,3.0999999046325684,-0.009584731217720188,HOLD,0.5292426501326286,Neutral,0.679324894514768,0.6708860759493671,Global 10d,8.5,2.6888324458192425,0.06529203202674227,0.1774194218241607,0.009372580003905296,0.05,41.807929420891426
JSW Steel Limited,JSWSTEEL.NS,1235.300048828125,0.0018654086197282815,HOLD,0.4976904365089075,Neutral,0.4891443167305236,0.5517241379310345,Global 10d,4.1,1.8343657188158093,0.026179486261371343,0.03405074666487562,168.02942853292237,,41.79392133540405
DIC India Limited,DICIND.NS,613.6500244140625,-0.03407833117409331,HOLD,0.4918517994155214,Neutral,0.5951156812339332,0.5848329048843188,Global 10d,7.1,1.9999999999999976,0.1212315697076034,0.02819194509034273,0.30938085930786136,,41.79300363361821
Super Spinning Mills Limited,SUPERSPIN.NS,7.510000228881836,-0.025940312357405015,HOLD,0.4831569910999498,Neutral,0.5966921119592875,0.5661577608142494,Global 10d,9.2,1.6677109252326214,0.014864882715780903,0.15179751729756896,0.028172495530700684,0.02,41.749503355635845
SECUREKLOUD TECHNOLOGIES LIMITED,SECURKLOUD.NS,16.770000457763672,0.009632741814133094,HOLD,0.4709798238612392,Neutral,0.6810344827586207,0.7172413793103448,Global 10d,7.9,2.5696978104017956,0.00029830410362685633,0.18962434218083768,0.026520260078144075,0.05,41.744805247700725
Sindhu Trade Links Limited,SINDHUTRAD.NS,22.229999542236328,-0.028833545872027466,SELL,0.4456891847976085,Sell,0.6458333333333334,0.7013888888888888,Global 10d,7.6,4.514157594743427,0.023245115201007138,0.12460641092235547,1.7084200690797806,,41.74107559980489
Happy Forgings Limited,HAPPYFORGE.NS,2013.199951171875,0.004741228842394252,HOLD,0.48278494267581173,Neutral,0.49586776859504134,0.7107438016528925,Global 10d,5.8,4.342503117552574,0.29524537600686607,0.22690247362773075,13.733696129345702,,41.739247133790585
Digidrive Distributors Limited,DIGIDRIVE.NS,17.610000610351562,-0.015651134088852436,HOLD,0.4831516758123571,Neutral,0.6779661016949152,0.6694915254237288,Global 10d,7.4,2.0,0.0005681948105162871,0.06757516101444505,0.02729756728954315,,41.70027991429241
Globe International Carriers Limited,GICL.NS,21.260000228881836,-0.04535250148725223,HOLD,0.4899143209485337,Neutral,0.5027777777777778,0.5416666666666667,Global 10d,8.2,4.259474075780045,0.04266801693358957,0.19473186006951315,0.35535797489700316,0.05,41.69561477740747
Jay Bharat Maruti Limited,JAYBARMARU.NS,130.8000030517578,0.01877096092815833,HOLD,0.5012242299118616,Neutral,0.6342710997442456,0.6368286445012787,Global 10d,8.1,5.445389710227281,0.20999079461662573,0.36031992454287054,3.8823472209777834,0.05,41.694820990427644
TV Vision Limited,TVVISION.NS,2.549999952316284,-0.048507504180109184,BUY,0.5742835892819845,Neutral,0.64375,0.66875,Global 10d,10.0,17.156165492922653,0.06694553991181706,1.1568627854302873,0.01999408177845478,0.05,41.69326397071295
Sri Havisha Hospitality and Infrastructure Limited,HAVISHA.NS,1.350000023841858,0.007462679264300887,HOLD,0.4813758036926485,Neutral,0.7089552238805971,0.7288557213930349,Global 10d,8.7,2.6420165793117203,0.08000001907348642,0.029629600849335302,0.004425797984707355,,41.65422242163149
ROUTE MOBILE LIMITED,ROUTE.NS,436.3999938964844,-0.019325856412394704,HOLD,0.5346654474241438,Neutral,0.6254545454545455,0.6945454545454546,Global 10d,7.4,2.840344488813751,0.07456685748093261,0.15017383417803543,7.749722011611938,,41.64949165968641
MITCON Consultancy & Engineering Services Limited,MITCON.NS,80.33999633789062,-0.0314647463095159,HOLD,0.459507197026553,Neutral,0.6483790523690773,0.6433915211970075,Global 10d,8.0,4.227616250259411,0.043376575816761465,0.02750817543695705,0.062427584284973144,,41.63566612475467
Avantel Limited,AVANTEL.NS,147.58999633789062,-0.01789993654017008,HOLD,0.49295840903672206,Neutral,0.6631578947368421,0.6421052631578947,Global 10d,8.3,1.6399070702215197,0.005292907817902259,0.09901298461142427,16.099722855551146,,41.62021934822605
Brightcom Group Limited,BCG.NS,9.520000457763672,0.03253798069916325,HOLD,0.4801934362142748,Neutral,0.7407407407407407,0.7037037037037037,Global 10d,8.8,1.5313456003876262,0.03253803409964995,0.05567223818135125,5.030536519895554,0.05,41.616652114825
Osia Hyper Retail Limited,OSIAHYPER.NS,2.200000047683716,-0.026548647359614486,HOLD,0.5066987149700967,Neutral,0.7079646017699115,0.775811209439528,Global 10d,8.6,4.612404424607025,,0.3863635846405986,0.07841733204889298,0.05,41.6016024151715
NK Industries Limited,NKIND.NS,59.959999084472656,0.030240520592122344,HOLD,0.49176312474034295,Neutral,0.6444906444906445,0.6299376299376299,Global 10d,8.1,2.4530050324393926,0.051929808499520336,0.13275515687147488,0.0032668730884552,,41.58303776577647
Archidply Decor Limited,ADL.NS,72.5199966430664,-0.0654639424090816,HOLD,0.5016168945804477,Neutral,0.7100371747211895,0.6988847583643123,Global 10d,9.5,4.064014717068903,0.06607857429415054,0.02040821049976005,0.004972512873840332,,41.57972241284707
Odigma Consultancy Solutions Limited,ODIGMA.NS,21.110000610351562,-0.011241206877282583,HOLD,0.4689086480914458,Neutral,0.7105263157894737,0.6973684210526316,Global 10d,7.5,2.5552658938168413,0.05112036234115669,0.1364281893651087,0.03977169218101501,,41.56580760943042
Dr. Agarwal's Health Care Limited,AGARWALEYE.NS,486.45001220703125,0.014917639466226928,HOLD,0.4774497162613523,Neutral,0.4927536231884058,0.5217391304347826,Global 10d,5.5,2.0,0.00415432786898462,0.016240093942318845,12.727208106658935,,41.560911222893765
Uniparts India Limited,UNIPARTS.NS,819.2999877929688,-0.01997609115673593,HOLD,0.48684828478688846,Neutral,0.49122807017543857,0.6081871345029239,Global 10d,6.2,2.0562269066074594,0.002508397421803199,0.11796658837310425,10.378665827111817,,41.558312539020605
K.P. Energy Limited,KPEL.NS,218.0,-0.010934184574507455,HOLD,0.5183093452128157,Neutral,0.7625,0.8375,Global 10d,8.6,7.826295379087758,0.05672492120587069,0.45714590042676595,7.32799699954834,,41.527764836867156
Minda Corporation Limited,MINDACORP.NS,667.3499755859375,-0.03680450443609362,HOLD,0.480593511464331,Neutral,0.5206738131699847,0.5191424196018377,Global 10d,5.2,2.133402152678542,0.02784708395034241,0.06817749517715099,10.532404683410645,,41.524405585048875
Shanti Overseas (India) Limited,SHANTI.NS,5.5,0.001821535391393958,HOLD,0.5256987969595595,Neutral,0.7023498694516971,0.6945169712793733,Global 10d,9.2,2.486567531499903,0.17021281344688965,0.3245454701510342,0.011360567292308808,,41.52285184331832
ITC Hotels Limited,ITCHOTELS.NS,158.9600067138672,0.0028390147159575996,HOLD,0.4914942516061515,Neutral,0.5352112676056338,0.5633802816901409,Global 10d,6.1,1.9999999999999953,0.003535434589402753,0.005284325002594237,25.433578327801513,,41.509554986102344
Usha Martin Limited,USHAMART.NS,510.5,0.038234670177418995,HOLD,0.49451115229183934,Neutral,0.5293367346938775,0.5127551020408163,Global 10d,5.9,2.0,0.06444705871021972,0.024441915135984038,39.55123347313232,,41.50410304125746
Delta Manufacturing Limited,DELTAMAGNT.NS,54.08000183105469,-0.05438008166347219,HOLD,0.48656587781685995,Neutral,0.6723910171730515,0.6895640686922061,Global 10d,8.5,2.9752432240226483,0.036015345606086324,0.1177884377996985,0.013325280184173584,,41.47860231452241
PNC Infratech Limited,PNCINFRA.NS,138.16000366210938,0.037393086501000594,HOLD,0.5368042049417125,Neutral,0.6455938697318008,0.6954022988505747,Global 10d,10.0,6.666690789462651,0.19206438357230238,0.6503756164030552,17.30463416132355,,41.47827873991656
Shree Vasu Logistics Limited,SVLL.NS,786.75,-0.02364108721960323,SELL,0.43868009053620777,Sell,0.5519125683060109,0.5273224043715847,Global 10d,8.1,2.0,0.015161290322580623,0.02122658049829207,0.11561329203186035,0.02,41.47778206955672
Bharat Forge Limited,BHARATFORG.NS,1875.0,-0.026479750778816147,HOLD,0.5196984669815429,Neutral,0.5327342747111682,0.5455712451861361,Global 10d,4.9,1.6142471146963262,0.0132944094581533,0.029144242193824832,152.1635196,,41.4733253278936
Maithan Alloys Limited,MAITHANALL.NS,927.0,0.0018913807079168343,HOLD,0.4808526689715696,Neutral,0.5623229461756374,0.5524079320113314,Global 10d,6.5,1.773113956877656,0.0051140577870625314,0.08670377309610977,7.640054015283203,,41.44318306355788
NTPC Green Energy Limited,NTPCGREEN.NS,90.08999633789062,-0.010978153915942479,HOLD,0.4846305494480531,Neutral,0.7341772151898734,0.759493670886076,Global 10d,5.8,2.0,0.00546869771289038,0.011211035378915657,20.438914428900148,,41.421375143935876
Uma Exports Limited,UMAEXPORTS.NS,22.049999237060547,0.019888916796286127,HOLD,0.46815062832836474,Neutral,0.6782178217821783,0.7128712871287128,Global 10d,6.9,6.923449142046151,0.05502390619714004,0.23582770715926138,0.01590580141477585,0.02,41.41407178496607
Rossell India Limited,ROSSELLIND.NS,50.220001220703125,-0.012777623841745966,HOLD,0.4832792240517391,Neutral,0.6466049382716049,0.6466049382716049,Global 10d,6.6,3.7248515088102123,0.07048031337099347,0.21885648461630502,0.18237964758224487,,41.41127103309578
TruCap Finance Limited,TRU.NS,4.21999979019165,0.029268265451297903,HOLD,0.49108859102777225,Neutral,0.7448979591836735,0.7755102040816326,Global 10d,8.6,2.505788086468435,0.0820512017946684,0.08767781535350183,0.03600560432624817,0.05,41.39428868302584
Aurobindo Pharma Limited,AUROPHARMA.NS,1674.9000244140625,-0.0011331252139397119,HOLD,0.4965762817359072,Neutral,0.5528350515463918,0.5670103092783505,Global 10d,3.9,2.0,0.04759818192507348,0.0044778792111033194,144.2704424,,41.392283775748176
IPCA Laboratories Limited,IPCALAB.NS,1943.199951171875,0.008406824687013481,HOLD,0.48904451225681483,Neutral,0.5384615384615384,0.5641025641025641,Global 10d,4.5,2.0,0.16053507097378117,0.030002084341843593,41.265916351171875,,41.369506816960644
WESTLIFE FOODWORLD LIMITED,WESTLIFE.NS,588.0499877929688,-0.0030516027252195377,HOLD,0.4625960599037728,Neutral,0.5815384615384616,0.5661538461538462,Global 10d,7.6,2.0,0.10778740278007737,0.006021371752912286,4.758860214038086,,41.34233475794015
Relaxo Footwears Limited,RELAXO.NS,285.3500061035156,-0.020089305832022064,HOLD,0.5208916158623635,Neutral,0.5853314527503526,0.68688293370945,Global 10d,7.3,2.40497167156923,0.036528815286350325,0.09635585894436716,3.8592774,,41.33474967605729
Signatureglobal (India) Limited,SIGNATURE.NS,737.4500122070312,0.01416487306215597,HOLD,0.4920723163454676,Neutral,0.6666666666666666,0.6590909090909092,Global 10d,7.3,2.0,0.01020549617401545,0.0982439636690815,17.80574781072998,,41.33214299816159
Oriental Aromatics Limited,OAL.NS,532.2000122070312,-0.001969034773499745,HOLD,0.4762253755997587,Neutral,0.5733788395904437,0.5358361774744027,Global 10d,8.4,2.0,0.6022881890309266,,3.40881856930542,,41.330267642331506
Nestle India Limited,NESTLEIND.NS,1307.699951171875,-0.0017557624642176028,HOLD,0.5060838535990508,Neutral,0.5238095238095238,0.5250965250965252,Global 10d,4.1,1.9999999999999944,0.05139714999882372,0.013086572272994479,138.4810553,,41.3160730967074
Ortel Communications Limited,ORTEL.NS,1.7000000476837158,0.0,SELL,0.37440559018613273,Sell,0.6120218579234973,0.5938069216757742,Global 10d,5.1,2.00000000000001,0.09677425805289541,0.0019607823887772824,0.00024445500143766404,,41.30411916298394
Bal Pharma Limited,BALPHARMA.NS,105.73999786376953,-0.03460240078304211,HOLD,0.4515225235817757,Neutral,0.6533505154639175,0.5992268041237113,Global 10d,8.7,1.5753155460264332,0.30417095232445446,0.1644073026349524,0.8350501669715882,,41.29228062363227
Rajnandini Metal Limited,RAJMET.NS,3.0799999237060547,-0.012820501064172207,HOLD,0.48023979095429886,Neutral,0.7738853503184714,0.8089171974522293,Global 10d,6.0,2.2499967182011944,0.1323529012166096,0.08766233364110998,0.07345166130580902,,41.274716153757154
IIFL Capital Services Limited,IIFLCAPS.NS,345.6000061035156,-0.0011560517239432855,HOLD,0.5004247945883215,Neutral,0.5987460815047022,0.6050156739811912,Global 10d,4.9,2.0,0.034033990009756154,0.011140063760191277,15.874185621752929,,41.26869047868436
Next Mediaworks Limited,NEXTMEDIA.NS,3.5799999237060547,-0.040214502573833966,HOLD,0.49536289864154553,Neutral,0.6564102564102564,0.6666666666666667,Global 10d,8.5,3.7455326207425332,0.0467835800709957,0.1852886232334603,0.00536255993270874,,41.2593764267526
360 ONE WAM LIMITED,360ONE.NS,1050.0,0.009615384615384581,HOLD,0.49776062380836966,Neutral,0.5372670807453416,0.5279503105590062,Global 10d,5.2,1.7810208760136652,0.04063429137760166,0.030683578504702158,91.50603144437255,,41.2557771397642
Apollo Sindoori Hotels Limited,APOLSINHOT.NS,1155.9000244140625,-0.005762903244943107,HOLD,0.48074813392032034,Neutral,0.5847299813780261,0.6350093109869646,Global 10d,5.5,1.9999999999999958,0.010430276085579893,0.03688299305568843,0.07649735733642578,,41.2551359895975
Laxmi Cotspin Limited,LAXMICOT.NS,13.300000190734863,0.022290542409771463,HOLD,0.4836003463036276,Neutral,0.7128463476070529,0.6901763224181361,Global 10d,9.2,1.807986417040021,0.006813031970325012,0.17142854889276626,0.013134176716089248,0.05,41.251131383543004
Shree Tirupati Balajee Agro Trading Company Limited,BALAJEE.NS,25.200000762939453,0.0,HOLD,0.4851819033410114,Neutral,0.8089887640449438,0.8202247191011236,Global 10d,7.8,2.9453910067308526,0.048689181979595375,0.15079361595294238,0.06206729602451325,,41.21308589229937
Esab India Limited,ESABINDIA.NS,5500.5,-0.005334538878842721,HOLD,0.4743643016306984,Neutral,0.592020592020592,0.5868725868725868,Global 10d,4.5,1.999999999999995,0.041803705723121976,0.02355651858015828,2.06103735,,41.20327177263537
Indigo Paints Limited,INDIGOPNTS.NS,1040.0,-0.012814428096820096,HOLD,0.5149167201401731,Neutral,0.5692307692307692,0.5538461538461539,Global 10d,7.3,1.9397979712220563,0.04860837029072096,0.06480773074209889,5.8926044870117185,,41.185149908690754
Brainbees Solutions Limited,FIRSTCRY.NS,174.75,-0.028842960825768982,HOLD,0.48972395818087394,Neutral,0.6413043478260869,0.7173913043478262,Global 10d,8.3,3.2473524397291347,,0.27324749642346213,47.2290143867981,,41.15286457571036
Kamdhenu Ventures Limited,KAMOPAINTS.NS,4.099999904632568,-0.009661826846140142,HOLD,0.4761469425437701,Neutral,0.6867469879518072,0.7650602409638554,Global 10d,8.4,2.7836259775581973,0.019900478628265272,0.20731705473264972,0.10635256723983288,,41.14990042875113
Windlas Biotech Limited,WINDLAS.NS,1017.9000244140625,-0.05958979909938189,HOLD,0.5276700887850082,Neutral,0.5063829787234042,0.5021276595744681,Global 10d,6.8,2.447891965385619,0.2551937325786586,0.16111601932066355,9.726232759216309,,41.14554070810505
Paradeep Phosphates Limited,PARADEEP.NS,151.22000122070312,-0.019834052260858437,HOLD,0.4807151214383083,Neutral,0.5153061224489796,0.5408163265306123,Global 10d,7.0,2.551736749841782,0.029656496472616478,0.04444964702124676,29.808685412145994,,41.12193933551987
Axita Cotton Limited,AXITA.NS,7.579999923706055,-0.016861233955604793,HOLD,0.5007487297868748,Neutral,0.6062176165803109,0.694300518134715,Global 10d,4.8,1.814022534866175,0.02322449063314669,0.019016812141185335,0.39561045666732786,0.05,41.11306823438812
Standard Industries Limited,SIL.NS,15.829999923706055,0.008922902936070898,HOLD,0.5223022009576735,Neutral,0.622107969151671,0.6195372750642674,Global 10d,8.3,2.7906123551784994,0.062078021862365995,0.04307653493586705,0.09462312037658692,,41.112272727794796
Consolidated Construction Consortium Limited,CCCL.NS,13.449999809265137,-0.03584229439687281,HOLD,0.4924992475375709,Neutral,0.6837725381414702,0.6962552011095701,Global 10d,8.1,8.026006300605063,0.05407520125442544,0.449814146953911,0.20443886347851753,0.1,41.10265561612997
Karur Vysya Bank Limited,KARURVYSYA.NS,324.70001220703125,-0.0018443762940419939,HOLD,0.4874253008903084,Neutral,0.47959183673469385,0.5459183673469388,Global 10d,5.2,2.0,0.1358047803431135,0.049582553345115965,56.40490996011505,,41.09712163422201
Akme Fintrade (India) Limited,AFIL.NS,7.860000133514404,-0.008827200042813121,HOLD,0.48500421481455785,Neutral,0.5306122448979592,0.6224489795918368,Global 10d,8.2,3.5417781357049534,0.04800001780192065,0.016539393816223047,0.36876448045816423,0.05,41.05020940558385
Airo Lam limited,AIROLAM.NS,89.58000183105469,-0.035218058123908436,HOLD,0.46437395357189043,Neutral,0.6593673965936739,0.6642335766423357,Global 10d,8.0,4.2978083940654015,0.03788673809474985,0.0256753649257373,0.02174794969787598,,41.04385898815495
DHARAN INFRA-EPC LIMITED,DHARAN.NS,0.12999999523162842,-0.07142860944173757,HOLD,0.5325108355903087,Neutral,0.545,0.73,Global 10d,8.9,2.6666656732564533,0.18181814487315395,0.30769236941309597,0.1020648032562852,,41.0376581395262
Rudrabhishek Enterprises Limited,REPL.NS,57.9900016784668,-0.022914858140178573,HOLD,0.47930259707977046,Neutral,0.7845744680851063,0.7898936170212766,Global 10d,8.7,4.409687629964285,0.03553574425833572,0.17261593433011013,0.01943478938293457,,41.033282367946676
Bajel Projects Limited,BAJEL.NS,163.6300048828125,-0.007701571016849762,HOLD,0.5052371392783654,Neutral,0.5409836065573771,0.5819672131147541,Global 10d,6.8,2.0,0.0066203451753039655,0.06583938571137193,2.05908322857666,,41.03199774243714
Manaksia Coated Metals & Industries Limited,MANAKCOAT.NS,126.58999633789062,-0.00307140501443115,HOLD,0.48969864656312295,Neutral,0.544256120527307,0.5160075329566856,Global 10d,7.8,2.0,0.0727965791346663,0.025577501597084717,3.119270661949158,,41.02066911904486
Fiberweb (India) Limited,FIBERWEB.NS,26.549999237060547,-0.031375432876288745,HOLD,0.49752879644491027,Neutral,0.6019417475728155,0.6699029126213591,Global 10d,8.2,3.8248928037833996,0.056926726035677166,0.22410549656943046,0.033362968633651735,0.05,41.006935369569725
Suryalakshmi Cotton Mills Limited,SURYALAXMI.NS,56.06999969482422,-0.046428564245893034,HOLD,0.4856525252231001,Neutral,0.6282051282051282,0.608974358974359,Global 10d,7.6,1.5312675923537897,0.00664270963764424,0.11806668392930009,0.018508847950744627,,40.97972090014672
The Phoenix Mills Limited,PHOENIXLTD.NS,1930.0,-0.0025839793281653423,HOLD,0.48964174565855756,Neutral,0.5038363171355499,0.5179028132992327,Global 10d,5.1,2.078668184086491,0.033452526454564646,0.02558462822426666,73.5388812,,40.978490236687804
Strides Pharma Science Limited,STAR.NS,1084.800048828125,-0.031428527832031206,HOLD,0.5043594742412162,Neutral,0.5655526992287918,0.5591259640102828,Global 10d,7.3,2.0,0.12882413688422312,0.014011753768166768,34.7027181359375,,40.95993341016137
Granules India Limited,GRANULES.NS,821.75,-0.029295361349687687,HOLD,0.47405530265741685,Neutral,0.5444015444015444,0.5881595881595881,Global 10d,5.6,2.0,0.00815850060935941,0.07453605111043515,89.59434371898193,,40.95754425383556
ATLANTAA LIMITED,ATLANTAA.NS,35.709999084472656,-0.0413423064571099,SELL,0.4498133127407595,Sell,0.5788804071246819,0.5750636132315521,Global 10d,8.4,4.4774007526864885,0.03507243723109155,0.17334087370777262,0.09225188332977295,0.05,40.9477646513219
Rana Sugars Limited,RANASUG.NS,13.079999923706055,-0.012084580829157865,HOLD,0.48785021064783324,Neutral,0.6434892541087232,0.6523388116308471,Global 10d,6.2,2.0,0.09731542281774597,0.04357795857407898,0.4856181364593506,,40.93971451452595
Indo Thai Securities Limited,INDOTHAI.NS,35.189998626708984,0.04982094708052176,HOLD,0.5090117479683385,Neutral,0.5652173913043478,0.5608695652173913,Global 10d,10.0,65.17599106544445,,5.659538638134213,3.9485660137390135,0.05,40.93754392015605
Orient Bell Limited,ORIENTBELL.NS,417.1000061035156,0.04654376835706464,HOLD,0.48617128098175194,Neutral,0.5871794871794872,0.6230769230769231,Global 10d,6.0,2.0,0.10460804915657618,0.04279550669458776,0.9131628370147705,,40.903655907723646
Radico Khaitan Limited,RADICO.NS,4289.10009765625,0.012296459206101007,HOLD,0.49911934270162545,Neutral,0.5006435006435006,0.5868725868725869,Global 10d,5.7,2.604505257006047,0.2605543362217364,0.10675896852907818,104.9170734,,40.8997019237988
Twamev Construction and Infrastructure Limited,TICL.NS,7.789999961853027,0.04986521317448367,HOLD,0.5246316157627258,Neutral,0.5699614890885751,0.6033376123234917,Global 10d,9.8,4.370369767666141,,0.3029524606205347,0.11002095,0.05,40.89824745480295
Indo Us Biotech Limited,INDOUS.NS,76.75,-0.01879316284533694,SELL,0.4370703849955769,Sell,0.7738095238095238,0.8452380952380952,Global 10d,7.9,6.587728685445887,0.023606249184072947,0.1841041987416021,0.035526283958816525,,40.88305056097337
Quick Heal Technologies Limited,QUICKHEAL.NS,137.91000366210938,-0.0017371715163072565,HOLD,0.4615468840901902,Neutral,0.6504065040650406,0.6991869918699187,Global 10d,8.6,6.126444943902108,0.027645356171640323,0.1946196477787847,1.4932476980484009,,40.870609158303154
Vardhman Acrylics Limited,VARDHACRLC.NS,44.470001220703125,0.0029319140204748795,HOLD,0.48831634248313077,Neutral,0.6036505867014341,0.5827900912646675,Global 10d,6.4,2.0,0.07415457926747138,0.025288716299780578,0.1307348360748291,,40.86934753828783
Subex Limited,SUBEXLTD.NS,19.34000015258789,-0.019766822032284415,HOLD,0.46196071485091283,Neutral,0.6368286445012787,0.6035805626598465,Global 10d,10.0,2.0000000000000018,0.16506022338269188,0.0025852759393001357,21.859454279966354,0.05,40.858249501422954
B.A.G Films and Media Limited,BAGFILMS.NS,4.070000171661377,-0.007317008211950138,HOLD,0.4543398340452886,Neutral,0.6203821656050955,0.6165605095541401,Global 10d,8.5,2.766798710994054,0.12742390302849071,0.18427517650296554,0.035553620527982714,,40.85048089011289
Xtglobal Infotech Limited,XTGLOBAL.NS,28.09000015258789,-0.02091322308472854,HOLD,0.4907726407808686,Neutral,0.6470588235294118,0.6470588235294117,Global 10d,7.3,2.308722186021049,0.015581172681378597,0.19061679264890397,0.08319398806676864,,40.822377204066356
Rain Industries Limited,RAIN.NS,208.02000427246094,-0.002397851475902879,HOLD,0.48706795346333154,Neutral,0.5522959183673469,0.5459183673469388,Global 10d,7.8,2.0,0.08304266466902344,0.0247531721394203,80.39518353413773,,40.78983882153125
Industrial Investment Trust Limited,IITL.NS,132.55999755859375,-0.0052528664047504225,HOLD,0.5175702532850475,Neutral,0.5576662143826323,0.5780189959294437,Global 10d,8.9,3.1345546710360863,0.06094679965079841,0.03575743497633144,1.4569700134735108,,40.77416935710916
AksharChem India Limited,AKSHARCHEM.NS,379.1000061035156,-0.02318989914573588,SELL,0.4356943019732226,Sell,0.619815668202765,0.6082949308755761,Global 10d,9.9,7.7955850809796825,0.02709292829758292,0.24358375581094727,0.4610651328918457,0.05,40.76626314147298
Aadhar Housing Finance Limited,AADHARHFC.NS,448.3999938964844,0.028440352973587935,HOLD,0.4958383686320888,Neutral,0.6039603960396039,0.6633663366336633,Global 10d,5.3,2.099849539665878,0.038684264689129444,0.08831402016623913,10.89282036911316,,40.756362484581665
Jindal Stainless Limited,JSL.NS,732.7000122070312,-0.01966819872471315,HOLD,0.47422542824530217,Neutral,0.4968152866242038,0.5452229299363057,Global 10d,5.9,2.0,0.005636370593505413,0.026811861245443103,68.78713341303711,,40.755210284418865
ETERNAL LIMITED,ETERNAL.NS,320.79998779296875,0.021981503761225873,HOLD,0.496062088680266,Neutral,0.5148936170212766,0.5361702127659574,Global 10d,6.1,2.1903361864918236,0.03217503343874406,0.0378741423827722,702.7815681795395,,40.731994045058435
Enviro Infra Engineers Limited,EIEL.NS,180.61000061035156,-0.01842390972635022,HOLD,0.5169371187177205,Neutral,0.525,0.5625,Global 10d,7.7,2.3331941205234994,0.029116812594595753,0.07734899049605803,13.229356949863433,,40.72892638109901
Vidhi Specialty Food Ingredients Limited,VIDHIING.NS,350.25,-0.020553707992353898,HOLD,0.486512637383324,Neutral,0.6419753086419753,0.6337448559670782,Global 10d,7.4,2.000000000000002,0.11769812118662837,0.025695931477516032,0.854631555569458,,40.7189680689583
Jayaswal Neco Industries Limited,JAYNECOIND.NS,91.27999877929688,-0.01627332817471483,HOLD,0.4816871206873688,Neutral,0.5625790139064475,0.5398230088495575,Global 10d,6.8,2.0,0.07111003839227292,0.03308506039491643,25.912009471865844,,40.70677108583714
Sheela Foam Limited,SFL.NS,616.6500244140625,-0.027519242775164043,HOLD,0.4968572846595897,Neutral,0.5644444444444444,0.6044444444444445,Global 10d,6.6,2.0,0.10235468716339224,0.02990518810821241,10.513386911444092,,40.705556951411054
Southern Petrochemicals Industries Corporation  Limited,SPIC.NS,62.189998626708984,-0.0006427915124793682,HOLD,0.48367960683312505,Neutral,0.6028097062579821,0.598978288633461,Global 10d,6.4,1.804595367801234,0.000855788013229164,0.07720313417658642,2.1722204288757325,,40.70522285360175
Kiri Industries Limited,KIRIINDUS.NS,542.4000244140625,-0.004039572659745416,HOLD,0.46629603580877066,Neutral,0.5776636713735558,0.5494223363286265,Global 10d,8.7,1.9523906935139554,0.04167469118169187,0.08748146946183066,32.96028156455383,,40.69721120746103
Devyani International Limited,DEVYANI.NS,127.06999969482422,-0.02471405140252858,HOLD,0.5059121712199673,Neutral,0.6228813559322034,0.6271186440677966,Global 10d,6.9,2.37080296535636,0.03942740036666037,0.02282207864046315,18.83592611905365,,40.69670465897033
Aster DM Healthcare Limited,ASTERDM.NS,708.9000244140625,0.01685433491862187,HOLD,0.5241004384833448,Neutral,0.5380710659898477,0.565989847715736,Global 10d,5.9,1.9999999999999967,0.17920692963332918,0.028363396318622947,76.40078575,,40.69548070183401
Vaishali Pharma Limited,VAISHALI.NS,8.380000114440918,0.003592782227623159,HOLD,0.4845858475933196,Neutral,0.6585365853658537,0.6682926829268292,Global 10d,9.2,2.573029876149747,0.08129033734721514,0.05608594995349425,0.14090154355912207,,40.69542818281468
Motilal Oswal Financial Services Limited,MOTILALOFS.NS,1011.0999755859375,0.0214162548227268,HOLD,0.47641289525193203,Neutral,0.5526992287917738,0.5372750642673522,Global 10d,6.5,2.0,0.04907655985894155,0.04856095022402096,75.7521926,,40.662610570948054
Globale Tessile Limited,GLOBALE.NS,10.569999694824219,0.025218163397241256,HOLD,0.4672743116053511,Neutral,0.7191011235955056,0.7078651685393258,Global 10d,8.1,2.0,0.000631098275613029,0.1352885852850123,0.004353659854316711,0.02,40.65870530697486
Shyam Telecom Limited,SHYAMTEL.NS,10.319999694824219,-0.0609645214056066,BUY,0.5511359361215901,Neutral,0.6152815013404825,0.6126005361930296,Global 10d,9.0,2.0981511798304986,0.1297208511159842,0.06589150438801084,0.004081149857521057,0.02,40.65765297177955
Automotive Axles Limited,AUTOAXLES.NS,1683.0,-0.013770876062115467,HOLD,0.48867530764157924,Neutral,0.5534105534105535,0.564993564993565,Global 10d,5.1,1.8828168829258454,0.02145734566260593,0.048767907247899256,0.7593066655517579,,40.654699088271926
Robust Hotels Limited,RHL.NS,162.9199981689453,-0.013682011182019505,HOLD,0.493938908066595,Neutral,0.6556291390728477,0.6490066225165563,Global 10d,7.6,2.0,0.012051201968533709,0.10078565156818908,0.02439471367263794,,40.648734394762585
Jindal Saw Limited,JINDALSAW.NS,270.29998779296875,-0.02664754803303937,HOLD,0.5026264397112158,Neutral,0.5076726342710998,0.5421994884910486,Global 10d,7.0,2.0,0.09655167461650604,0.032001571604538315,51.89871449558105,,40.63477174706561
Praxis Home Retail Limited,PRAXIS.NS,4.389999866485596,-0.04357304563258735,HOLD,0.5138962851067207,Neutral,0.6502463054187192,0.7019704433497537,Global 10d,9.6,7.913616794484788,,0.6856492757234376,0.04621572359442711,0.05,40.62814758866937
Supreme Holdings & Hospitality (India) Limited,SUPREME.NS,31.079999923706055,0.021696247395030177,HOLD,0.49469156189657837,Neutral,0.6029411764705882,0.7647058823529411,Global 10d,8.9,5.296190962643193,,0.583333307762915,0.04936641973285675,,40.601244761495586
Tribhovandas Bhimji Zaveri Limited,TBZ.NS,623.4500122070312,-0.01826624015260858,SELL,0.382503969590807,Sell,0.5791044776119403,0.5194029850746269,Global 10d,9.6,2.000000000000002,1.6999071861859734,,51.79477342772827,0.05,40.58390494720204
Solar Industries India Limited,SOLARINDS.NS,19400.0,-0.015228426395939132,HOLD,0.47225907643566983,Neutral,0.5135483870967742,0.5548387096774193,Global 10d,8.0,3.259581193204262,0.04978354978354971,0.17010309278350522,403.781189,,40.54585425468394
The Western India Plywoods Limited,WIPL.NS,161.0,-0.023058270518140467,HOLD,0.4854807295957677,Neutral,0.6127562642369021,0.6195899772209568,Global 10d,6.1,1.9999999999999971,0.0123778707352733,0.039014260604387285,0.014055686533355713,,40.54569617464287
Manorama Industries Limited,MANORAMA.NS,1944.9000244140625,0.03435620587586463,HOLD,0.4771983973353511,Neutral,0.5392670157068062,0.5497382198952879,Global 10d,6.4,2.0,0.08386529282196853,0.05003658611621131,26.245413316864013,,40.543961082108495
Fino Payments Bank Limited,FINOPB.NS,128.22000122070312,0.007939644237869858,HOLD,0.49776895767602075,Neutral,0.7085201793721974,0.7219730941704036,Global 10d,6.7,2.5058296215815243,0.05055303576132486,0.1161285232248479,2.0302444192092897,,40.53194793119082
Denta Water and Infra Solutions Limited,DENTA.NS,260.6499938964844,-0.01919099192291862,HOLD,0.5152825351127567,Neutral,0.5362318840579711,0.5797101449275363,Global 10d,7.9,2.0,0.0004942931198199663,0.03638395789001736,2.2677866612457276,,40.52705477165133
The Peria Karamalai Tea & Produce Company Limited,PKTEA.NS,1037.699951171875,-0.005415272484086131,SELL,0.36207556370188726,Sell,0.5699088145896657,0.5106382978723405,Global 10d,8.8,2.0,0.3842658879385068,0.1256126872570973,0.475770332409668,0.05,40.52140736442566
Mangalore Refinery and Petrochemicals Limited,MRPL.NS,172.42999267578125,0.04655255173990125,HOLD,0.49287563794529765,Neutral,0.5371794871794872,0.5217948717948717,Global 10d,7.3,1.7517689373567373,0.02786799498617043,0.05601607689978216,133.42789532433318,,40.51044974359638
Satia Industries Limited,SATIA.NS,68.33999633789062,-0.019512204733114547,HOLD,0.4819740192096836,Neutral,0.6445783132530121,0.6204819277108433,Global 10d,7.7,2.0,0.06240044735291783,0.028394557537719578,0.7863133102127076,,40.5094304612242
Oberoi Realty Limited,OBEROIRLTY.NS,1754.5999755859375,-0.006286444975303174,HOLD,0.4839802517130698,Neutral,0.5141700404858299,0.5033738191632928,Global 10d,5.6,2.0,0.056987937099962416,0.04125392587615151,71.96722,,40.490639300457254
Shoppers Stop Limited,SHOPERSTOP.NS,404.70001220703125,-0.024819247693900648,HOLD,0.4816633487145448,Neutral,0.5624195624195624,0.5701415701415702,Global 10d,9.3,4.83494430772622,0.033716506275941915,0.009636752604023302,1.7702629832519532,,40.487762798364926
Atal Realtech Limited,ATALREAL.NS,12.779999732971191,0.015898236127033005,HOLD,0.5209234793560263,Neutral,0.46441947565543074,0.5730337078651685,Global 10d,10.0,6.692208990839648,,1.0250391002746775,10.02836744058237,0.1,40.446173967801315
Bajaj Consumer Care Limited,BAJAJCON.NS,480.3500061035156,-0.03359819354106697,HOLD,0.48181669168792673,Neutral,0.563249001331558,0.5432756324900133,Global 10d,6.4,2.0,0.07256893950446441,0.0343499527226907,28.75741768208618,,40.441506331947664
Themis Medicare Limited,THEMISMED.NS,113.19000244140625,-0.02807828154536185,SELL,0.4379992688326199,Sell,0.6091954022988506,0.578544061302682,Global 10d,9.6,2.0,0.13517296314697558,0.03560365770780627,1.1077695556640625,,40.440943129597215
Bajaj Hindusthan Sugar Limited,BAJAJHIND.NS,19.959999084472656,0.04012498848285473,HOLD,0.47853287088348617,Neutral,0.5997458703939009,0.5921219822109276,Global 10d,7.7,2.0,0.09730612965629248,0.022044115943868237,30.00181354388342,,40.38009836689553
Viceroy Hotels Limited,VHLTD.NS,127.69999694824219,-0.015116509783347776,HOLD,0.47918600195774586,Neutral,0.5461638491547465,0.5383615084525357,Global 10d,7.1,2.0,0.01874749503572004,0.05109633266885316,0.3923372005851746,,40.37048981242765
Mittal Life Style Limited,MITTAL.NS,0.699999988079071,-0.02777783296726144,HOLD,0.5191681464491814,Neutral,0.6979695431472082,0.7969543147208122,Global 10d,10.0,5.3333338199018465,,0.4000000510896964,0.11285184729987383,,40.358407322459065
Goyal Aluminiums Limited,GOYALALUM.NS,5.909999847412109,0.00853237419087205,HOLD,0.476035810768531,Neutral,0.7329545454545454,0.7784090909090909,Global 10d,8.2,2.492528914108284,0.10674151283459854,0.23181055799792283,0.03406503793387413,,40.3547186380383
Kuantum Papers Limited,KUANTUM.NS,76.43000030517578,-0.003650094937278525,HOLD,0.49026041640905715,Neutral,0.610062893081761,0.6037735849056604,Global 10d,8.2,2.0,0.08491747605588373,0.005731829429123092,0.8914448585067749,,40.337823582801505
The Investment Trust Of India Limited,THEINVEST.NS,90.0999984741211,-0.0025462565290740313,HOLD,0.49433764900716,Neutral,0.6921241050119332,0.7374701670644391,Global 10d,7.0,1.9720777603052346,0.0029312206592373435,0.12541624021229536,0.04957438620185852,,40.329507462746605
HB Stockholdings Limited,HBSL.NS,57.029998779296875,0.020397198105169156,HOLD,0.48839037413299496,Neutral,0.6346911957950065,0.6241787122207622,Global 10d,8.1,2.0,0.1219016153304302,0.06943719067038612,0.01602204892654419,,40.323924473631266
Likhitha Infrastructure Limited,LIKHITHA.NS,225.6199951171875,-0.03700541387765055,HOLD,0.5009674936900889,Neutral,0.6789667896678967,0.7011070110701108,Global 10d,9.0,3.5248233710746035,0.054299042603680014,0.06989630623948018,1.3001892967041015,0.05,40.30927982256177
Utkarsh Small Finance Bank Limited,UTKARSHBNK.NS,13.430000305175781,-0.023982552195994433,SELL,0.44722376573698047,Sell,0.5957446808510638,0.5957446808510638,Global 10d,8.0,4.400396371432721,0.03626545259609504,0.17522956826793057,8.68033445816574,,40.307946008808564
Genus Paper & Boards Limited,GENUSPAPER.NS,10.529999732971191,-0.010338402894939258,HOLD,0.47980119778930086,Neutral,0.711645101663586,0.6931608133086876,Global 10d,9.4,2.4857153024109873,0.21453283048554672,0.2478633121118905,0.17325929364709855,,40.28943887808916
Northern Arc Capital Limited,NORTHARC.NS,288.70001220703125,0.004698124499184164,HOLD,0.4863286740035866,Neutral,0.44047619047619047,0.5238095238095238,Global 10d,6.4,2.0,0.011385531129852744,0.056459948402356686,30.770232176727294,,40.26251886544037
Swan Defence and Heavy Industries Limited,SWANDEF.NS,2718.199951171875,-0.013930256520350626,HOLD,0.48699334297984614,Neutral,0.6329639889196675,0.6177285318559557,Global 10d,7.4,1.9999999999999976,0.19219296104029615,0.011698936575440522,5.500220695080566,0.05,40.25940925037805
Steel Strips Wheels Limited,SSWL.NS,410.54998779296875,0.050537360841635515,HOLD,0.49344024001277553,Neutral,0.5663265306122449,0.5395408163265306,Global 10d,8.2,1.9999999999999982,0.2645553733576578,,53.38021425990753,,40.231779371337616
Carborundum Universal Limited,CARBORUNIV.NS,1239.699951171875,-0.010219599862774431,HOLD,0.4949912483689971,Neutral,0.6095360824742269,0.5940721649484536,Global 10d,7.4,2.0,0.20879300864966055,0.0516990981986436,33.6031955,,40.218418207070016
Khaitan Chemicals & Fertilizers Limited,KHAICHEM.NS,49.220001220703125,0.009434022046854285,HOLD,0.46708308143777805,Neutral,0.6776556776556777,0.7069597069597069,Global 10d,7.6,3.080719345931172,0.05781221818134119,0.18293115960108408,0.6168053672973632,,40.218237708288314
Atam Valves Limited,ATAM.NS,54.040000915527344,-0.023667526552981544,HOLD,0.5042099828863634,Neutral,0.6933333333333334,0.7533333333333333,Global 10d,10.0,4.694479281748177,0.03992734360315331,0.20281271093249575,0.056427611720275876,,40.21594837408167
ABB India Limited,ABB.NS,6900.0,0.018299881936245654,HOLD,0.48855217897149616,Neutral,0.5146871008939975,0.5134099616858238,Global 10d,4.9,2.0,0.04442972222188302,0.04881239410843996,136.6640475,,40.21466458397701
Ajmera Realty & Infra India Limited,AJMERA.NS,119.5999984741211,0.0072427204465528305,HOLD,0.49469125058508184,Neutral,0.5803571428571429,0.5612244897959184,Global 10d,7.0,1.7490677824663743,0.050635239263300935,0.0926199702129551,3.4678317276245116,,40.21448954461088
ADF Foods Limited,ADFFOODS.NS,281.3999938964844,0.030391752498982738,HOLD,0.4853231539925071,Neutral,0.5853658536585366,0.5907859078590786,Global 10d,6.6,2.0,0.09986315100040044,0.015280804562237016,2.0874977437683104,,40.203596502946674
Hitech Corporation Limited,HITECHCORP.NS,340.25,-0.014482259232440287,HOLD,0.48048390192491713,Neutral,0.592156862745098,0.5777777777777777,Global 10d,6.1,2.0,0.06162246489859591,0.005108405821691031,0.2360359972869873,0.05,40.19728147068125
Lexus Granito (India) Limited,LEXUS.NS,10.5600004196167,-0.10204079812158606,HOLD,0.521309769691069,Neutral,0.6816037735849056,0.7665094339622641,Global 10d,9.5,2.843226445284814,,0.4422347478267561,0.01841414441022873,0.05,40.191513822929004
Bhageria Industries Limited,BHAGERIA.NS,382.04998779296875,-0.06003204251752858,HOLD,0.47164038142388004,Neutral,0.6346938775510204,0.5938775510204082,Global 10d,9.7,2.0,0.9611792981513392,,7.1517837507247926,0.05,40.18610070384704
C.E. Info Systems Limited,MAPMYINDIA.NS,873.4000244140625,0.03269290501219335,HOLD,0.5035227979433724,Neutral,0.6481481481481481,0.7314814814814814,Global 10d,7.5,2.0,0.09131660254916696,0.06722484999872402,10.611938118615722,,40.16997515402694
Hilton Metal Forging Limited,HILTON.NS,16.860000610351562,0.031823773127769295,HOLD,0.5058817811655767,Neutral,0.6384615384615384,0.7230769230769231,Global 10d,8.4,4.575781918638536,0.25539837879630545,0.34341629884780756,0.1613949912273407,0.05,40.16547102772301
Saregama India Limited,SAREGAMA.NS,494.75,-0.023294814090078497,HOLD,0.4839938925719885,Neutral,0.5430038510911425,0.5635430038510911,Global 10d,6.5,2.401937046004841,0.04157894736842116,0.03062151368667898,18.901388943218993,,40.15956251866355
Saurashtra Cement Limited,SAURASHCEM.NS,51.400001525878906,-0.03691207505025684,HOLD,0.515772419470559,Neutral,0.7433628318584071,0.7433628318584071,Global 10d,8.3,3.314553648278214,0.07869884323011744,0.20603112525699108,0.39901250265159605,,40.152874397935804
R Systems International Limited,RSYSTEMS.NS,249.89999389648438,-0.051972730993227856,HOLD,0.4657392222397496,Neutral,0.6062176165803109,0.5971502590673575,Global 10d,9.9,3.454596035214893,0.04721713245590675,0.010679406219371579,3.2791045007583617,,40.14584888936616
Kanani Industries Limited,KANANIIND.NS,1.340000033378601,-0.014705868173635728,HOLD,0.48222519676382114,Neutral,0.7322720694645442,0.7279305354558611,Global 10d,7.9,2.311110868908126,0.02290080249086146,0.19402983879612856,0.017999888161033394,,40.145748366995974
Indo Farm Equipment Limited,INDOFARM.NS,131.77000427246094,-0.019933006594361924,HOLD,0.5020605688046048,Neutral,0.5205479452054794,0.5205479452054795,Global 10d,8.9,2.432475928142081,0.013615417480468794,0.14725149773013402,1.2584854127685547,,40.14339436471424
Max India Limited,MAXIND.NS,162.77999877929688,0.012124584505635916,HOLD,0.5073352210106195,Neutral,0.6594202898550725,0.6376811594202898,Global 10d,8.7,2.1073684788416904,0.06717655118960209,0.09341854183168596,0.9181299573394776,,40.140846526389964
Akshar Spintex Limited,AKSHAR.NS,0.4099999964237213,-0.023809501846360326,HOLD,0.47097975111599566,Neutral,0.736318407960199,0.7412935323383085,Global 10d,7.4,2.5000020799553964,0.024999975785613415,0.07317073525310214,0.036108125685042146,,40.14066851827782
Creative Newtech Limited,CNL.NS,1079.199951171875,-0.0027721309696525642,HOLD,0.48586588372668854,Neutral,0.5673076923076923,0.5600961538461539,Global 10d,8.1,2.9182374711106847,0.6486919360791314,0.2299859414257328,1.810364230682373,,40.13893696171648
Sintercom India Limited,SINTERCOM.NS,75.87000274658203,-0.050556885626110604,HOLD,0.455046354235584,Neutral,0.7033248081841432,0.6828644501278772,Global 10d,9.6,2.0000000000000018,0.0035714851575474604,0.11111106083172362,0.030971730130767823,,40.13287917236298
Master Trust Limited,MASTERTR.NS,81.66000366210938,-0.005843629548401896,SELL,0.4444208661618429,Sell,0.5844155844155844,0.5714285714285714,Global 10d,8.8,3.335811341015157,0.06619673020810057,0.19997542823081393,3.073227669456482,,40.10304178923785
Ravindra Energy Limited,RELTD.NS,146.97999572753906,-0.0179728901871824,HOLD,0.5016868567187194,Neutral,0.6276595744680851,0.6702127659574468,Global 10d,7.6,2.3167141173465735,0.02790397986638138,0.07415976216303988,1.7919569167694092,,40.09182905003681
JSW Energy Limited,JSWENERGY.NS,491.79998779296875,0.01402059338756434,HOLD,0.5024535759135126,Neutral,0.5038363171355499,0.5153452685421995,Global 10d,4.8,2.090709110917229,0.06031940389426382,0.06854956977277515,84.31707568475036,,40.07631150244255
GFL Limited,GFLLIMITED.NS,55.22999954223633,0.005278502416750319,HOLD,0.47156464710414925,Neutral,0.5673940949935815,0.6046213093709885,Global 10d,9.3,3.3674608591208197,0.032529403798280176,0.12239728756580659,0.4091594408061981,,40.07186040366979
Suvidhaa Infoserve Limited,SUVIDHAA.NS,2.069999933242798,-0.009569369257348859,HOLD,0.5005931214127131,Neutral,0.8267716535433071,0.8464566929133859,Global 10d,10.0,2.951939125398339,0.16949150031021354,0.32850245830295033,0.03402537388901711,,40.05654581371928
Bannari Amman Sugars Limited,BANARISUG.NS,3296.800048828125,-0.0011210274721633606,HOLD,0.47930527018163005,Neutral,0.6330749354005168,0.6434108527131783,Global 10d,5.2,2.0064610419376154,0.03137808503930084,0.07077056558640127,0.3464637251220703,,40.05067338275963
SRF Limited,SRF.NS,2486.199951171875,0.0055409307065217295,HOLD,0.49220415987387195,Neutral,0.5343511450381679,0.55470737913486,Global 10d,4.8,2.1383940717590897,0.057717095356423886,0.0650792583081905,45.6079041,,40.045123605849675
Kriti Industries (India) Limited,KRITI.NS,60.91999816894531,0.002468285503566703,HOLD,0.48129817873104397,Neutral,0.6694677871148459,0.669467787114846,Global 10d,8.7,3.700938211661297,0.0503447960162986,0.19500993499485153,0.05115717126617431,,40.02238256866314
Igarashi Motors India Limited,IGARASHI.NS,389.6499938964844,-0.023311237062253132,HOLD,0.4527490947757653,Neutral,0.6128205128205129,0.5987179487179487,Global 10d,7.6,1.7987725182352194,0.08447793515034818,0.09521281151468108,1.987595471231079,,40.021392819330174
Bafna Pharmaceuticals Limited,BAFNAPH.NS,378.75,0.0199272755482911,HOLD,0.5221484056040177,Neutral,0.5560975609756098,0.5447154471544715,Global 10d,6.2,2.0,0.6258854044293132,,0.13470499772491454,0.02,40.01961540215213
IFGL Refractories Limited,IFGLEXPOR.NS,183.99000549316406,-0.029435045711167285,HOLD,0.5180394598234761,Neutral,0.61003861003861,0.6048906048906049,Global 10d,8.6,2.455499037406766,0.05040121223774019,0.06242553327157552,0.5131300411346436,,40.008544251451845
Coforge Limited,COFORGE.NS,1852.0,0.014238773274917849,HOLD,0.489092212151175,Neutral,0.541507024265645,0.5708812260536399,Global 10d,7.3,2.0,0.08179607467804906,0.0009242091522547735,404.4249242,,40.00072836721728
TGB Banquets And Hotels Limited,TGBHOTELS.NS,9.420000076293945,-0.01875003104408457,SELL,0.43491459168555074,Sell,0.6372924648786717,0.6283524904214559,Global 10d,8.4,2.3266899015338725,0.08275865319698483,0.06157111666757453,0.017923652638339997,,39.99143634520852
Vascon Engineers Limited,VASCONEQ.NS,32.58000183105469,-0.03237292536879188,HOLD,0.4968282589516648,Neutral,0.6401028277634961,0.6208226221079691,Global 10d,9.1,1.947471742614019,0.034285772414434534,0.07397175297623648,1.0730887040670396,,39.97486188606652
Tejas Networks Limited,TEJASNET.NS,463.20001220703125,-0.003442288356191092,HOLD,0.5133784406774237,Neutral,0.6386946386946387,0.6853146853146853,Global 10d,7.6,2.508857302276227,0.05272730047052554,0.13757557086383065,69.43483001273194,,39.96751831223913
Shriram Pistons & Rings Limited,SHRIPISTON.NS,4398.7998046875,-0.020420932037078288,HOLD,0.5041451912031139,Neutral,0.5210084033613446,0.5084033613445378,Global 10d,6.5,2.0,0.06766985550667481,0.0039553340948612625,32.99171026831055,,39.94994756802345
Lumax Industries Limited,LUMAXIND.NS,5550.0,-0.0033222591362126463,HOLD,0.48085775215825394,Neutral,0.4897172236503856,0.5077120822622108,Global 10d,6.1,2.0,0.12327002661422637,0.026208163161020703,6.7432413,,39.944786809485905
Asian Hotels (North) Limited,ASIANHOTNR.NS,348.1000061035156,-0.018883827282887844,HOLD,0.5097670687638244,Neutral,0.577922077922078,0.587012987012987,Global 10d,7.6,2.0,0.10490404567882505,0.027386742396314556,0.8721741310882568,,39.94123206782646
APL Apollo Tubes Limited,APLAPOLLO.NS,2115.699951171875,-0.03397111692017862,HOLD,0.48620976790040205,Neutral,0.4970845481049563,0.5014577259475219,Global 10d,5.8,2.125979293045627,0.03644731326316375,0.023141872148679576,128.63596725585938,,39.93281565855658
Shiva Mills Limited,SHIVAMILLS.NS,56.59000015258789,-0.02665977387912588,HOLD,0.5113753760556943,Neutral,0.7099236641221374,0.727735368956743,Global 10d,8.0,2.0,0.00425912484411195,0.12109031449108376,0.0058632559608459475,0.05,39.916001106142986
Banka BioLoo Limited,BANKA.NS,68.51000213623047,-0.02128568376813611,HOLD,0.5296339350723448,Neutral,0.6432291666666666,0.6640625,Global 10d,9.0,4.684182877181025,0.07872782155313018,0.31221717592585896,0.020755393000030518,0.02,39.91044347046581
MEP Infrastructure Developers Limited,MEP.NS,0.6700000166893005,0.0,HOLD,0.46448060776980465,Neutral,0.5757009345794393,0.6542056074766356,Global 10d,6.5,3.3939400835801985,0.3400000333786011,0.1194029571909665,0.0021116590285509824,0.02,39.8906970551569
Orissa Bengal Carrier Limited,OBCL.NS,54.38999938964844,-0.01716662017202808,HOLD,0.4793846924097842,Neutral,0.535,0.6,Global 10d,6.4,2.0,0.01178147024113918,0.047986774032733326,0.030969517952537537,,39.88562435240377
Matrimony.Com Limited,MATRIMONY.NS,497.0,-0.051164544516105304,HOLD,0.5053308638184775,Neutral,0.5421686746987951,0.6024096385542168,Global 10d,7.6,2.0,0.00775537290627093,0.08386406106285893,0.5913194707275391,,39.88489022295355
Man Infraconstruction Limited,MANINFRA.NS,124.30000305175781,-0.020179706339878867,HOLD,0.4752930470659644,Neutral,0.6332899869960988,0.612483745123537,Global 10d,7.0,2.0,0.06776400183288911,0.006185043474338681,22.7376835,,39.88391268397201
IL&FS Transportation Networks Limited,IL&FSTRANS.NS,1.8700000047683716,-0.026041642413474064,HOLD,0.4808804177706573,Neutral,0.6363636363636364,0.6299615877080667,Global 10d,8.4,2.873786338369634,0.06857143129621224,0.19786096461224445,0.011249423793411255,,39.877727068760514
Marine Electricals (India) Limited,MARINE.NS,469.1499938964844,0.074676456339694,HOLD,0.4767739348187671,Neutral,0.5397727272727273,0.5028409090909091,Global 10d,9.4,2.0,0.3303558826494606,,49.5004833068573,,39.87165128639291
BLB Limited,BLBLIMITED.NS,16.639999389648438,-0.005379566948622849,HOLD,0.47836436067267757,Neutral,0.573076923076923,0.5769230769230769,Global 10d,6.9,2.0,0.08616186169182316,0.044771686692299806,0.20149317398223876,,39.866695516212516
Lovable Lingerie Limited,LOVABLE.NS,68.29000091552734,-0.03884591157891848,HOLD,0.48555363473960744,Neutral,0.6440443213296398,0.628808864265928,Global 10d,6.9,2.078536000981027,0.24163638028231538,0.10989891862355394,0.06191151622009277,,39.842003933658376
Greenpanel Industries Limited,GREENPANEL.NS,158.58999633789062,-0.010790986198182306,HOLD,0.4877473097682179,Neutral,0.6226415094339622,0.6257861635220126,Global 10d,8.1,4.795083492592846,0.0678742320645005,0.28848117090466086,5.682659811804199,,39.83013141690669
Simbhaoli Sugars Limited,SIMBHALS.NS,6.71999979019165,0.04999995157122683,HOLD,0.4710613234041687,Neutral,0.6765847347994826,0.6765847347994826,Global 10d,7.2,2.483430212993244,0.03146579923048076,0.08779764449532279,0.0033897464252471924,0.02,39.827045839215174
GRP Limited,GRPLTD.NS,1895.0,-0.0018961211588693905,HOLD,0.4825390670440861,Neutral,0.6466165413533834,0.6447368421052632,Global 10d,6.6,1.84424517772159,0.005038451339167249,0.09503458914441998,0.23981059364624024,,39.81779871345971
Antarctica Limited,ANTGRAPHIC.NS,0.6899999976158142,-0.028168988071767043,HOLD,0.476052136389344,Neutral,0.6789115646258503,0.6870748299319728,Global 10d,7.1,4.2823489372882095,0.07812502037268176,0.22608696628683544,0.014812284387016296,,39.80989695818273
Global Health Limited,MEDANTA.NS,1332.5999755859375,-0.018197946182580083,HOLD,0.5153058175314834,Neutral,0.5574712643678161,0.5977011494252874,Global 10d,6.7,2.000000000000003,0.15959693284618037,0.02747589533448025,29.08320712088623,,39.77738289118878
Cartrade Tech Limited,CARTRADE.NS,2935.39990234375,0.045891755221935115,HOLD,0.475539554427042,Neutral,0.5474137931034483,0.5387931034482758,Global 10d,8.4,2.0,0.09086179674949735,0.009061830939972149,81.80951317915039,,39.73962956599363
Clean Science and Technology Limited,CLEAN.NS,803.0499877929688,0.01095236668272559,HOLD,0.47597462779809957,Neutral,0.6186440677966102,0.6483050847457628,Global 10d,6.6,2.0,0.09975291361107552,0.05895426908516832,23.09119856637573,,39.73947731490605
JSW Infrastructure Limited,JSWINFRA.NS,359.3999938964844,0.005455257022970006,HOLD,0.49174724495590355,Neutral,0.45454545454545453,0.5909090909090909,Global 10d,6.5,1.999999999999997,0.13054419879452195,,106.086617038797,,39.73770295062616
Persistent Systems Limited,PERSISTENT.NS,5530.0,0.030370784423327635,HOLD,0.48742775313118386,Neutral,0.5349740932642487,0.5323834196891192,Global 10d,5.9,2.0,0.17220250915444946,0.010721013513501854,210.500132,,39.71964744237476
Shivam Autotech Limited,SHIVAMAUTO.NS,17.06999969482422,0.0017604916481863686,HOLD,0.4799204616578528,Neutral,0.677336747759283,0.647887323943662,Global 10d,10.0,1.8934047260975595,0.04021936950329663,0.08230818463760814,0.0719797912525177,0.02,39.702354680636
Everest Industries Limited,EVERESTIND.NS,475.29998779296875,0.04323964316404583,HOLD,0.496305370814001,Neutral,0.632051282051282,0.617948717948718,Global 10d,8.5,2.2785985209066246,0.05763238595515019,0.0432408226397798,0.3617461424163818,,39.69007174514454
Cera Sanitaryware Limited,CERA.NS,5056.5,-0.007848523496517212,HOLD,0.5225315701420485,Neutral,0.6177606177606177,0.6435006435006435,Global 10d,5.1,1.9999999999999951,0.06637765299043608,0.04586998698516198,2.8210788,,39.68158786615302
NGL Fine-Chem Limited,NGLFINE.NS,2988.300048828125,0.021990440775692566,HOLD,0.5079130960183008,Neutral,0.42408376963350786,0.5968586387434555,Global 10d,7.6,2.0,0.012323241896577741,0.004983377472511874,2.1668163654052734,,39.671411658671715
Antony Waste Handling Cell Limited,AWHCL.NS,355.3999938964844,-0.0250994217607291,HOLD,0.4859303322399366,Neutral,0.7307692307692307,0.7615384615384615,Global 10d,9.0,7.63168233037646,0.05288107465275238,0.41954403524281814,2.9234850603912355,,39.66376934637373
Sanwaria Consumer Limited,SANWARIA.NS,0.1899999976158142,0.0,HOLD,0.49516142317774897,Neutral,0.6885245901639344,0.7364438839848676,Global 10d,9.2,3.735259072029159,0.05555550036607193,0.05263160784158716,0.009558700380054116,0.05,39.65807529809872
GSS Infotech Limited,GSS.NS,10.329999923706055,-0.003857276981143465,HOLD,0.5120471524752839,Neutral,0.6968152866242038,0.7668789808917198,Global 10d,8.7,4.190234111859319,0.07604161596132841,0.31558569728549024,0.03652384640464783,,39.63256975999789
United Foodbrands Limited,UFBL.NS,692.75,0.020550990656891255,HOLD,0.5021122155117119,Neutral,0.5219123505976095,0.5418326693227091,Global 10d,7.4,1.999999999999998,0.11177985418562475,0.10191263166501252,2.096709580133057,0.05,39.61888181668351
Cheviot Company Limited,CHEVIOT.NS,1167.0,-0.0136916428671503,HOLD,0.47032898905577714,Neutral,0.5416666666666666,0.5260416666666666,Global 10d,5.2,1.7141483544310214,0.05994550408719346,0.06606681712591045,0.14044743138427734,,39.61167677283547
Health X Platform Limited,HEALTHX.NS,273.0,-0.042273244374669616,HOLD,0.5117556665098374,Neutral,0.5986666666666667,0.6,Global 10d,6.5,2.049337544250854,0.03920823437918486,0.08717944246508691,0.10623447215881347,,39.60985767922479
GE Vernova T&D India Limited,GVT&D.NS,4253.2001953125,0.01242565944120444,HOLD,0.4783572285324516,Neutral,0.49868766404199477,0.6062992125984252,Global 10d,6.8,2.0,0.0077114045735469094,0.018826831985570447,262.1667658,,39.606172750273224
Som Distilleries & Breweries Limited,SDBL.NS,73.20999908447266,-0.023085178817364493,HOLD,0.46924491124547324,Neutral,0.6614853195164075,0.6407599309153713,Global 10d,9.3,2.324237574705298,0.05224575323999803,0.05928152174377477,3.1031487166469574,,39.60392000109799
Shree Rama Newsprint Limited,RAMANEWS.NS,29.3799991607666,-0.02940209063554211,HOLD,0.4970844660810559,Neutral,0.5874840357598978,0.5925925925925926,Global 10d,7.6,2.0,0.006164328531648611,0.03675969892974895,0.05344833747224808,,39.591898664179155
Hind Rectifiers Limited,HIRECT.NS,1123.800048828125,-0.020397405282180148,HOLD,0.5195836682970391,Neutral,0.5179028132992327,0.5012787723785166,Global 10d,7.5,1.999999999999997,0.07838955421146743,0.0764675232234997,4.994191170410156,,39.58931041250424
Fusion Finance Limited,FUSION.NS,171.36000061035156,-0.02124743649644678,HOLD,0.5180390356041905,Neutral,0.5780346820809249,0.5722543352601156,Global 10d,6.4,1.999999999999997,0.06085558042061101,0.042250265332496095,9.603093971115113,,39.582869953866
Pitti Engineering Limited,PITTIENG.NS,1123.800048828125,-0.013777929944602918,HOLD,0.45764288117902224,Neutral,0.5392535392535392,0.5057915057915058,Global 10d,7.4,1.5468624319984194,0.22733609797527232,0.09038898454962707,11.339765304180908,,39.5754107438585
KDDL Limited,KDDL.NS,3911.199951171875,0.006251781481038998,HOLD,0.49113771540400225,Neutral,0.5477178423236515,0.5663900414937759,Global 10d,6.8,2.387944075534298,0.04801713589814449,0.060332428255525095,11.4787683,,39.54993169771173
Le Merite Exports Limited,LEMERITE.NS,19.280000686645508,-0.03261412988345358,HOLD,0.5176979879879945,Neutral,0.6717171717171717,0.7727272727272727,Global 10d,9.3,2.7208854640613405,,0.2640041478895554,0.4765021374504089,0.05,39.5435455171011
Tara Chand InfraLogistic Solutions Limited,TARACHAND.NS,46.349998474121094,-0.028709193452150616,HOLD,0.500521710118245,Neutral,0.6031331592689295,0.618798955613577,Global 10d,7.7,2.0000000000000027,0.007389701477749533,0.07853297355291278,0.21477252738189698,,39.53852456174772
Venky's (India) Limited,VENKEYS.NS,1613.0,0.015679129020120808,HOLD,0.47314099035659885,Neutral,0.5836526181353767,0.5874840357598978,Global 10d,6.6,2.0,0.10367098938478336,0.006220859396863343,8.265783485083007,,39.48025316961978
HMT Limited,HMT.NS,58.2400016784668,-0.03094836677001256,HOLD,0.49301191231994057,Neutral,0.6132315521628499,0.6068702290076335,Global 10d,7.2,2.2518197322827738,0.05341859647243319,0.0044642567657984245,0.06308739307384491,0.05,39.4787833963986
DPSC Limited,DPSCLTD.NS,6.800000190734863,0.0,HOLD,0.4796078360157264,Neutral,0.676056338028169,0.6683738796414853,Global 10d,7.0,2.193938800942361,,0.13308819229215185,0.050764353898715975,,39.4646392031114
INOX India Limited,INOXINDIA.NS,2089.10009765625,-0.036526287593213524,HOLD,0.4804102398478367,Neutral,0.4049586776859504,0.6033057851239669,Global 10d,7.4,2.0,0.08198676446284692,0.009717067545297109,58.970783076269534,,39.42757572517309
Krystal Integrated Services Limited,KRYSTAL.NS,654.6500244140625,0.07284498741037404,HOLD,0.4943333750348708,Neutral,0.5454545454545454,0.5818181818181818,Global 10d,7.6,2.0,0.09647680207825582,0.019503380171904228,0.5658875336395264,,39.42236468939587
Stove Kraft Limited,STOVEKRAFT.NS,806.4000244140625,-0.003398628087530997,HOLD,0.4757829377912019,Neutral,0.5135135135135135,0.5328185328185329,Global 10d,6.5,2.0,0.11493195874880269,0.005155644253881375,6.35699727875061,,39.40785479376268
Global Surfaces Limited,GSLSU.NS,29.959999084472656,-0.03354841662991437,HOLD,0.5072144171479082,Neutral,0.6369426751592356,0.7324840764331211,Global 10d,9.7,3.1000263726580917,0.22535779752960527,0.2800400415898783,0.15009707338027953,0.05,39.39998693150726
Hikal Limited,HIKAL.NS,218.13999938964844,0.0011473679411644344,HOLD,0.45245989929096275,Neutral,0.6209987195902689,0.6030729833546735,Global 10d,9.6,1.9999999999999984,0.003267366321930254,0.01868988220263157,18.18239613746338,,39.39270988263553
AvenuesAI Limited,CCAVENUE.NS,14.989999771118164,-0.018979055426765812,HOLD,0.49223788025653087,Neutral,0.5946502057613169,0.6152263374485596,Global 10d,7.4,2.0,0.00942758969296209,0.06737826846587702,15.91025109211049,,39.37149145252105
Modern Threads (India) Limited,MODTHREAD.NS,45.65999984741211,-0.06126643872595383,HOLD,0.5000049330071406,Neutral,0.543859649122807,0.6228070175438596,Global 10d,7.4,2.0,0.014666663275824554,0.08628996739907024,0.016296992953872682,,39.36691357133685
Ambica Agarbathies & Aroma industries Limited,AMBICAAGAR.NS,23.889999389648438,-0.020901649051441873,SELL,0.42709897051598783,Sell,0.6845878136200717,0.6738351254480286,Global 10d,6.4,2.344084021964843,0.04725579090001064,0.045625792399985876,0.053488595510101315,,39.36344038309842
Wockhardt Limited,WOCKPHARMA.NS,2063.5,-0.00978929089674907,HOLD,0.4909168368318883,Neutral,0.5464968152866242,0.5414012738853503,Global 10d,7.4,2.0,0.14422755465496118,0.0020353531242427447,182.26168821126709,,39.35956721893072
Anand Rathi Wealth Limited,ANANDRATHI.NS,2117.5,-0.001179245283018826,HOLD,0.47620323262977077,Neutral,0.4976958525345622,0.5207373271889401,Global 10d,4.1,2.0,0.05763949144462144,0.027721346480224396,60.2424515,,39.35386643980859
PVR INOX Limited,PVRINOX.NS,1231.4000244140625,0.013247737134102877,HOLD,0.4830123041022755,Neutral,0.5205655526992288,0.5462724935732648,Global 10d,7.3,2.0,0.0938971998107947,0.014861073895560573,62.762538269274906,,39.33369921078993
PTC Industries Limited,PTCIL.NS,22025.0,-0.007435781883731396,HOLD,0.46195076788217354,Neutral,0.5347222222222222,0.5138888888888888,Global 10d,6.1,1.9708396178984424,0.30038179957490363,0.09534619750283779,44.218177,,39.33090943483268
Cerebra Integrated Technologies Limited,CEREBRAINT.NS,2.7100000381469727,0.0,SELL,0.33307088399218715,Sell,0.635483870967742,0.6435483870967742,Global 10d,5.4,15.55557039050333,0.1291666376921876,0.09225092121066658,0.01801408792898655,0.05,39.31187840217706
Thejo Engineering Limited,THEJO.NS,2071.39990234375,-0.04780730195305771,HOLD,0.48886695178002376,Neutral,0.6125541125541125,0.6147186147186148,Global 10d,6.0,2.067731398936551,0.03829569039786973,0.08622193013245161,1.7814321008300782,,39.3108925361136
Jubilant Foodworks Limited,JUBLFOOD.NS,443.3999938964844,-0.02912200121535735,HOLD,0.520526020941151,Neutral,0.5565552699228792,0.5552699228791773,Global 10d,6.3,1.9999999999999971,0.05307518534771116,0.028648760999684386,39.24314549758911,,39.30033224023799
Sportking India Limited,SPORTKING.NS,193.52999877929688,-0.07197657518978184,HOLD,0.5182143028319192,Neutral,0.5027027027027027,0.6054054054054054,Global 10d,7.2,2.000000000000002,0.15839509163267285,0.021232900549050804,3.917812940937805,,39.29219572594912
Jupiter Life Line Hospitals Limited,JLHL.NS,259.8500061035156,0.024645109816948674,HOLD,0.5049601185741276,Neutral,0.5488721804511278,0.5413533834586466,Global 10d,5.4,2.0,0.07999429693384452,0.004621373639181803,2.29061949352417,,39.261466240121685
Alankit Limited,ALANKIT.NS,7.650000095367432,-0.022988484047574143,HOLD,0.49056562424996847,Neutral,0.7219047619047619,0.7542857142857142,Global 10d,8.3,2.1348446696325536,0.004596202992364518,0.1581698753236025,0.08512606548271179,,39.25930067253307
Xpro India Limited,XPROINDIA.NS,1136.199951171875,-0.022119005682221138,HOLD,0.49338371836240363,Neutral,0.5938697318007663,0.5772669220945084,Global 10d,7.3,1.999999999999997,0.06892220259311466,0.06788697221549089,6.602063461010742,,39.25072315020105
AAA Technologies Limited,AAATECH.NS,92.73999786376953,-0.021007129976190475,SELL,0.44940262561025546,Sell,0.5757575757575758,0.5946969696969697,Global 10d,9.0,5.247503759112892,0.03408830112733696,0.044376899387051694,0.9233378968070984,0.05,39.246842029295834
Transwarranty Finance Limited,TFL.NS,11.819999694824219,0.01633702308802043,HOLD,0.46944692215115796,Neutral,0.6153846153846154,0.608974358974359,Global 10d,7.8,1.999999999999998,0.010256400642336239,0.09729277511810386,0.0059777500574588775,,39.2390134952801
Yasho Industries Limited,YASHO.NS,4036.0,0.007639710990741344,HOLD,0.483962458388042,Neutral,0.4852941176470588,0.6691176470588235,Global 10d,8.3,3.398790200982737,0.06970580439968188,0.23736372646184334,12.20922482109375,,39.23685425609263
VIP Clothing Limited,VIPCLOTHNG.NS,20.110000610351562,-0.019502662801875625,HOLD,0.48267327919318626,Neutral,0.6807151979565773,0.6743295019157088,Global 10d,8.6,2.000000000000002,0.004997520256166066,0.06862253201803736,0.14440870209121703,,39.22194061733066
Sanathan Textiles Limited,SANATHAN.NS,504.3500061035156,-0.007478082925536422,HOLD,0.4901739187341508,Neutral,0.4266666666666667,0.6133333333333333,Global 10d,7.6,2.0,0.09641305674677314,0.006666987968020566,5.099749812445069,,39.216304234304346
eClerx Services Limited,ECLERX.NS,1884.300048828125,0.04514949432124915,HOLD,0.4849191026546685,Neutral,0.5179028132992327,0.5268542199488491,Global 10d,7.6,2.0,0.08790804728980173,0.0740741815727275,28.923958945202635,,39.20871371403937
Lasa Supergenerics Limited,LASA.NS,5.599999904632568,0.0,SELL,0.3945944702996862,Sell,0.7244655581947743,0.7814726840855106,Global 10d,6.2,23.840576765593124,,0.4196428472594338,0.011979619745063782,0.05,39.196390181650976
DCM Financial Services Limited,DCMFINSERV.NS,5.019999980926514,-0.009861970225235495,HOLD,0.48887507547396813,Neutral,0.7129411764705882,0.703529411764706,Global 10d,8.5,2.0000000000000018,0.021363178003749095,0.02689242848131257,0.004327901826047897,0.02,39.19445659988779
DEE Development Engineers Limited,DEEDEV.NS,663.2000122070312,-0.02023934364441815,HOLD,0.4929198553178813,Neutral,0.46938775510204084,0.6020408163265306,Global 10d,8.2,2.6419181192572974,0.049437083991148656,0.06428831785922284,13.694453031347656,0.05,39.1897201821017
Thomas Cook  (India)  Limited,THOMASCOOK.NS,100.69999694824219,-0.016505542059580325,HOLD,0.47760800852010626,Neutral,0.5256410256410257,0.532051282051282,Global 10d,7.2,2.0,0.005993990841830055,0.049854723143160085,5.429552505455017,,39.16418444620139
Sona BLW Precision Forgings Limited,SONACOMS.NS,797.0,-0.009937888198757738,HOLD,0.49026767431702173,Neutral,0.48535564853556484,0.6108786610878661,Global 10d,5.2,2.0,0.04999672329535976,0.05897114178168139,204.44404060992431,,39.163629468699106
Raymond Limited,RAYMOND.NS,1300.699951171875,0.08645172420754732,HOLD,0.47634227601739204,Neutral,0.576530612244898,0.5408163265306123,Global 10d,9.7,2.000000000000002,1.1288051574007776,,470.844471855954,,39.14568522944104
Poddar Pigments Limited,PODDARMENT.NS,253.64999389648438,-0.013610733358247473,SELL,0.43340339547733614,Sell,0.6747787610619469,0.6924778761061947,Global 10d,8.8,5.500924109114305,0.028338581447830746,0.030010868462664764,0.1309001732803345,,39.144776165279495
Shree Pushkar Chemicals & Fertilisers Limited,SHREEPUSHK.NS,491.5,-0.0025367833587012223,HOLD,0.4658262324952887,Neutral,0.5350194552529183,0.5058365758754864,Global 10d,8.1,2.0,0.2927891047365372,0.10471213973767846,3.45013695,,39.12036480245575
B. L. Kashyap and Sons Limited,BLKASHYAP.NS,50.22999954223633,-0.0025814349988017016,HOLD,0.4892852949986839,Neutral,0.5555555555555556,0.5568326947637292,Global 10d,7.9,2.0000000000000018,0.08488121749319677,0.07306394618930123,2.340449232855606,,39.117828225138304
TIL Limited,TIL.NS,250.0500030517578,-0.010447581479843482,HOLD,0.48613055303680613,Neutral,0.5438373570520966,0.5324015247776366,Global 10d,8.4,2.0,0.15283545453253589,0.08770242914670945,1.9549352964172364,,39.113755417812555
Libas Consumer Products Limited,LIBAS.NS,11.289999961853027,-0.048862673066381146,SELL,0.43388499176823503,Sell,0.651685393258427,0.649438202247191,Global 10d,8.5,2.580265066074655,0.10146341091249056,0.01594333975057327,0.20599032249984742,,39.093735410293974
TARC Limited,TARC.NS,125.58000183105469,-0.0030168089566524614,HOLD,0.48351252940537437,Neutral,0.5855513307984791,0.6311787072243347,Global 10d,7.1,1.875832876651943,0.0027148193315604807,0.09288900099890518,4.754405893023682,,39.093678946980006
Rushil Decor Limited,RUSHIL.NS,15.899999618530273,-0.014869874857126097,HOLD,0.4893132760392021,Neutral,0.6493688639551192,0.6423562412342216,Global 10d,9.5,2.825610221771644,0.06331455020647025,0.06522254984675069,0.4109552960586548,,39.09055621399575
HLE Glascoat Limited,HLEGLAS.NS,442.04998779296875,0.006030937490428601,HOLD,0.4752017973729705,Neutral,0.5764705882352941,0.6,Global 10d,10.0,4.9342863134935095,0.03562408959044405,0.006445841011598175,11.600233371020508,0.2,39.088283149365225
BLACKBUCK LIMITED,BLACKBUCK.NS,606.1500244140625,-0.002878762838818383,HOLD,0.4672275065752001,Neutral,0.44155844155844154,0.5974025974025974,Global 10d,7.2,2.0,0.0002475650397071316,0.03769689790580388,33.76496057094727,,39.0761412841153
Acutaas Chemicals Limited,ACUTAAS.NS,3122.199951171875,-0.02324418859005939,HOLD,0.4937829428621332,Neutral,0.4177777777777778,0.6311111111111111,Global 10d,6.6,1.6600496924020647,0.0014536749119813397,0.0952188365654858,107.8198356668335,,39.07375301245378
Steel City Securities Limited,STEELCITY.NS,80.11000061035156,-0.015242752145397942,HOLD,0.45086786176536275,Neutral,0.6173120728929385,0.6514806378132119,Global 10d,6.8,2.328702583928561,0.02281016337438646,0.06331732087580355,0.056034825,,39.071513005427185
Edelweiss Financial Services Limited,EDELWEISS.NS,135.47000122070312,-0.017621412496982014,HOLD,0.46123518103257083,Neutral,0.5147625160462131,0.5365853658536586,Global 10d,6.7,2.0,0.09364655055229809,,110.73345746449586,,39.0523625350596
TBO Tek Limited,TBOTEK.NS,1657.0,-0.008674842955429307,HOLD,0.4567206580772763,Neutral,0.30097087378640774,0.6116504854368932,Global 10d,6.6,2.3910994645003414,0.03562500000000002,0.00748341847559586,19.04586988798828,,39.0440880241992
Yatra Online Limited,YATRA.NS,98.83000183105469,-0.010611648464016299,HOLD,0.5126500967364483,Neutral,0.5639097744360902,0.6090225563909775,Global 10d,8.7,1.999999999999998,0.09077868031977854,0.07912576697299012,9.015419335521697,,39.042477760562385
OnMobile Global Limited,ONMOBILE.NS,48.779998779296875,-0.03634927284498424,HOLD,0.5365367254857699,Neutral,0.5964240102171137,0.5977011494252873,Global 10d,9.0,2.0000000000000018,0.014981219006081625,0.07995083278956816,0.24939338328857422,0.02,39.03657818216572
Wonderla Holidays Limited,WONDERLA.NS,499.70001220703125,0.009291064525969395,HOLD,0.46480577249998173,Neutral,0.5804195804195804,0.631118881118881,Global 10d,4.3,2.0,0.05076329887574649,0.004452799499373494,2.2519297060546877,,39.0330412093181
GP Petroleums Limited,GULFPETRO.NS,62.45000076293945,0.028491427988418305,HOLD,0.4776838393853791,Neutral,0.6229086229086229,0.5920205920205921,Global 10d,8.5,1.8724627868622727,0.07746724895428203,0.14331466218733446,0.5539652078292847,0.05,39.030932740879145
Balkrishna Paper Mills Limited,BALKRISHNA.NS,15.9399995803833,-0.021485654725189596,HOLD,0.4953332186727925,Neutral,0.6865384615384615,0.6692307692307693,Global 10d,8.7,1.5826085408528638,0.0172303447846065,0.12233374282298737,0.012688666464185715,,39.030292730167716
Nuvama Wealth Management Limited,NUVAMA.NS,1701.4000244140625,0.02959154276191378,HOLD,0.4765910683135451,Neutral,0.5223880597014925,0.5970149253731343,Global 10d,5.8,2.5717783878247946,0.07779047936608796,0.11901962918434661,43.50701634650879,,39.02593779016942
Faze Three Limited,FAZE3Q.NS,433.04998779296875,-0.020581264795055287,HOLD,0.49754379205174004,Neutral,0.6374269005847953,0.631578947368421,Global 10d,8.3,1.8099863736864361,0.00586491825627089,0.14305510669278232,0.6275399770233154,0.05,39.025893946245546
Wonder Electricals Limited,WEL.NS,73.30000305175781,0.022315288307063863,HOLD,0.5130924035935278,Neutral,0.5975232198142415,0.6006191950464397,Global 10d,9.1,7.666189210406703,0.07778269003625327,0.4717597921140999,3.2827801668312073,0.1,39.0209184269574
Beta Drugs Limited,BETA.NS,2073.300048828125,0.009887992609900254,HOLD,0.49837674332528614,Neutral,0.5980629539951574,0.6053268765133172,Global 10d,8.4,2.0,0.00043434980061385353,0.0852264250279402,2.864284274133301,,39.0195942645516
Capri Global Capital Limited,CGCL.NS,249.22999572753906,0.007193367554048535,HOLD,0.480604186849155,Neutral,0.5807327001356852,0.5888738127544098,Global 10d,6.3,2.0,0.1451759643067052,0.06060776189770234,70.10423565722809,,39.00826374658993
UMIYA BUILDCON LIMITED,UMIYA-MRO.NS,91.76000213623047,-0.015027924762183398,HOLD,0.4895201689714997,Neutral,0.5779334500875657,0.5656742556917689,Global 10d,8.1,2.2687300167810323,0.06255973198811438,0.00833693143752523,0.1678541204387665,,38.994540582435135
Arvind Limited,ARVIND.NS,534.0499877929688,-0.010835407217183679,HOLD,0.4892789093035928,Neutral,0.5331632653061225,0.5267857142857143,Global 10d,6.0,2.0,0.05890813020137475,0.07370600126650051,30.18338380508423,,38.97355678851191
Sun Pharma Advanced Research Company Limited,SPARC.NS,194.1300048828125,-0.015518015724468648,HOLD,0.495622156843684,Neutral,0.5756410256410256,0.5756410256410256,Global 10d,7.7,2.0,0.011726078500853498,0.08123416585288545,16.15416426626587,,38.96831862128685
Universus Photo Imagings Limited,UNIVPHOTO.NS,490.0,-0.04436860068259385,SELL,0.42598488095098347,Sell,0.6208053691275168,0.5973154362416108,Global 10d,9.2,2.0,0.12256586483390608,0.013775510204081742,0.10442794924316406,0.02,38.96141799067517
Music Broadcast Limited,RADIOCITY.NS,5.880000114440918,-0.018363883285543503,HOLD,0.4949750987514358,Neutral,0.7090909090909091,0.7295454545454545,Global 10d,7.8,2.0,0.009962210778858838,0.0839002262057047,0.030084580389618875,,38.93492246249071
Awfis Space Solutions Limited,AWFIS.NS,235.25999450683594,-0.03621471272282928,HOLD,0.4592899838573284,Neutral,0.7647058823529411,0.7843137254901961,Global 10d,10.0,6.708143001920993,0.027111946615756555,0.2097254643744626,9.918671560760497,,38.93110319668468
Regency Ceramics Limited,REGENCERAM.NS,31.979999542236328,-0.012353351225574571,HOLD,0.49874876546368796,Neutral,0.5821727019498607,0.5947075208913649,Global 10d,9.3,5.967137898291198,0.06599998474121094,0.39743593413861866,0.01125022075366974,,38.920772750926915
Suraksha Diagnostic Limited,SURAKSHA.NS,331.8500061035156,-0.05226328177055117,HOLD,0.4820162525132066,Neutral,0.45454545454545453,0.5064935064935064,Global 10d,7.3,2.0,0.10616668701171883,0.08482746234364513,3.140097597039795,,38.91581201530877
Rama Phosphates Limited,RAMAPHO.NS,120.05000305175781,-0.00033302762388542906,HOLD,0.4829001750650148,Neutral,0.5913978494623656,0.6451612903225806,Global 10d,7.4,2.0,0.009286286921050602,0.08038312079279097,0.1768805556060791,,38.915203900838605
Tata Chemicals Limited,TATACHEM.NS,617.4000244140625,0.015794729868214175,SELL,0.4402535888031827,Sell,0.6081424936386769,0.6183206106870229,Global 10d,9.2,4.656689964463785,0.02900004069010409,0.15386554131405594,76.49763803240967,0.2,38.904343055068
Garware Technical Fibres Limited,GARFIBRES.NS,768.4000244140625,-0.003178246415604713,HOLD,0.4750222708967806,Neutral,0.5411311053984575,0.5295629820051414,Global 10d,5.6,2.0,0.07480496595738906,0.019305960301955194,2.371653341168213,,38.899438613030554
DSJ Keep Learning Limited,KEEPLEARN.NS,1.7899999618530273,-0.0271739514231224,HOLD,0.49292339952043923,Neutral,0.7244094488188977,0.7125984251968505,Global 10d,8.1,1.673563101969211,0.017045438382004896,0.14525139441573054,0.0034847819736242296,,38.895229948032
STEEL EXCHANGE INDIA LIMITED,STEELXIND.NS,11.119999885559082,-0.008912689758447612,HOLD,0.47413546784394617,Neutral,0.6308411214953271,0.6238317757009346,Global 10d,8.7,2.004020617311431,0.004516729188189572,0.16007192008003313,7.168734836038971,,38.877812188883134
Mahindra & Mahindra Financial Services Limited,M&MFIN.NS,326.20001220703125,0.02017204755912827,HOLD,0.5107136292273741,Neutral,0.4993581514762516,0.521181001283697,Global 10d,5.9,2.0,0.21952156905883702,0.022368772619376864,59.903311733108524,,38.816701056270254
Dynemic Products Limited,DYNPRO.NS,224.5800018310547,0.004472671937607586,HOLD,0.4614602883150985,Neutral,0.6352941176470588,0.6729411764705882,Global 10d,6.1,2.011490363444504,0.020361843884131092,0.04999707199743786,0.2576157580108643,,38.81481830511212
Godavari Biorefineries Limited,GODAVARIB.NS,227.17999267578125,-0.020818076571750388,HOLD,0.4564579694120623,Neutral,0.7283950617283951,0.7407407407407407,Global 10d,7.1,2.1912386940096464,0.014196395874023438,0.13949292835233273,1.558171984275818,,38.7722676107759
Mangalam Worldwide Limited,MWL.NS,43.130001068115234,-0.005763024293324759,HOLD,0.4627249964943944,Neutral,0.5297297297297298,0.518918918918919,Global 10d,6.8,1.999999999999998,0.19177396887857556,0.018780374183495097,1.7187138404273987,,38.7524001277318
Panache Digilife Limited,PANACHE.NS,516.1500244140625,0.0,HOLD,0.4658876949252167,Neutral,0.505938242280285,0.505938242280285,Global 10d,6.3,2.7525850628358888,0.279816613034525,0.0837934669267868,0.19466262516174315,0.02,38.74873006557375
Shanthi Gears Limited,SHANTIGEAR.NS,573.6500244140625,-0.010777719842855804,HOLD,0.466726251398972,Neutral,0.58656330749354,0.5852713178294573,Global 10d,8.7,3.2267013452487174,0.2349424331563923,0.29521479713857746,6.980314583874511,,38.74437032461085
Unichem Laboratories Limited,UNICHEMLAB.NS,535.0499877929688,-0.019156759316280914,HOLD,0.46783911186127075,Neutral,0.5723431498079385,0.5505761843790014,Global 10d,8.9,2.341349456691869,0.07482925052921452,0.10503693764922994,4.416582380126953,,38.73626656742462
Manaksia Steels Limited,MANAKSTEEL.NS,108.88999938964844,-0.013051775741029004,SELL,0.4398394534473133,Sell,0.6221804511278195,0.5845864661654135,Global 10d,9.0,2.0,0.6820884894258608,0.10900911757843623,0.5061017011489868,0.05,38.72380224630049
Gandhar Oil Refinery (India) Limited,GANDHAR.NS,282.6000061035156,0.013448090076813246,HOLD,0.48693242385238805,Neutral,0.368,0.752,Global 10d,6.8,2.0,0.1438980069322644,0.06289778195780005,18.90547733635254,,38.696347651318135
City Union Bank Limited,CUB.NS,227.64999389648438,-0.01038949512868248,HOLD,0.46735932807992236,Neutral,0.4832904884318766,0.5488431876606684,Global 10d,6.3,2.0,0.13405393876128335,0.06286269899091046,35.25008056943665,,38.67968157449095
Rane Holdings Limited,RANEHOLDIN.NS,1518.699951171875,-0.0072559140423306134,HOLD,0.4703811844952835,Neutral,0.5631443298969072,0.5618556701030928,Global 10d,6.2,2.114101960792776,0.038991682572843356,0.016722893622598267,1.2212577665771485,,38.668126411677854
Rama Steel Tubes Limited,RAMASTEEL.NS,4.46999979019165,-0.019736875815185018,HOLD,0.46393807034965434,Neutral,0.7335907335907336,0.7104247104247104,Global 10d,8.6,1.9481893296381187,0.051764656515682406,0.10514547854344691,1.0673235087730408,0.02,38.6618627148077
BALAXI PHARMACEUTICALS LIMITED,BALAXI.NS,22.34000015258789,-0.01931521162400851,HOLD,0.46395336488893846,Neutral,0.6688453159041394,0.7494553376906319,Global 10d,8.6,2.7546176148076693,0.03906977453897165,0.11683082330011607,0.057843662194919584,,38.66180750953673
AGI Greenpac Limited,AGI.NS,790.7999877929688,-0.01690705644993018,HOLD,0.4895143888894049,Neutral,0.5701530612244898,0.5599489795918368,Global 10d,8.9,2.000000000000002,0.141267238939762,0.010868417232772432,11.370214227539062,,38.65538935110733
SIL Investments Limited,SILINV.NS,424.54998779296875,-0.01599263928343919,HOLD,0.49418754180428576,Neutral,0.5426356589147286,0.5658914728682171,Global 10d,8.2,2.0000000000000018,0.006237199374416802,0.04250226745421393,0.05980992625274658,,38.641587137133044
IDFC First Bank Limited,IDFCFIRSTB.NS,82.22000122070312,0.022764048326268993,HOLD,0.48146293695873155,Neutral,0.5019762845849802,0.5138339920948616,Global 10d,5.9,2.0,0.03882009535036146,0.0028917291952372803,172.40701534486846,,38.62830636332613
GNA Axles Limited,GNA.NS,580.7000122070312,-0.029497725577113054,HOLD,0.4852615152694815,Neutral,0.5598290598290598,0.5705128205128205,Global 10d,7.6,2.0000000000000027,0.10820613016609015,0.019459251860563187,16.481065368182374,,38.61689185849139
Chemcon Speciality Chemicals Limited,CHEMCON.NS,215.92999267578125,-0.006213209274208875,HOLD,0.497250034507595,Neutral,0.572992700729927,0.5656934306569343,Global 10d,8.6,1.999999999999998,0.14468193800656026,,0.9069178666442871,0.05,38.61352777009777
Mahanagar Gas Limited,MGL.NS,1045.4000244140625,-0.01190923968425095,HOLD,0.4888682099153214,Neutral,0.5485232067510548,0.6012658227848101,Global 10d,5.3,1.6742404496861574,0.028937769171096805,0.055221984867108054,11.9410335,,38.585187172717426
Sical Logistics Limited,SICALLOG.NS,87.08000183105469,-0.04507073692636898,HOLD,0.5376841988392402,Neutral,0.5908479138627187,0.6406460296096905,Global 10d,8.4,1.801903975641308,0.017170905387487778,0.1482544299638593,0.22088847860450744,0.05,38.54114922508161
Anjani Portland Cement Limited,APCL.NS,94.76000213623047,0.005731276889526127,HOLD,0.47454701211709976,Neutral,0.6498855835240275,0.6750572082379862,Global 10d,6.9,2.379544823011626,,0.16029964615422898,0.044168487715148926,,38.53795287725807
Transformers And Rectifiers (India) Limited,TARIL.NS,285.45001220703125,0.016559916724394386,HOLD,0.4837358404716479,Neutral,0.48911651728553135,0.5108834827144686,Global 10d,7.6,1.8686103487457144,0.0009066503629466816,0.09902111365435884,25.380546231526186,,38.53045533883568
Nila Spaces Limited,NILASPACES.NS,11.0,-0.019607866469959268,HOLD,0.4750568324536921,Neutral,0.5994550408719346,0.6021798365122616,Global 10d,8.2,2.6599990542731984,,0.2072727029973811,1.406601322701645,,38.5128359483238
Bhartiya International Limited,BIL.NS,987.5499877929688,-0.0075871650871292,HOLD,0.45480289339355234,Neutral,0.5358056265984654,0.5089514066496164,Global 10d,8.8,2.2428997793314034,0.3830264052595971,0.16449801449553303,0.9252539434204101,,38.511098332878305
JNK India Limited,JNKINDIA.NS,432.20001220703125,-0.0011555349801117831,HOLD,0.4846413414514558,Neutral,0.5233644859813084,0.514018691588785,Global 10d,7.6,1.5295662886472816,0.0952519462492809,0.10574203969296292,3.980300911141968,,38.488355015108894
Auri Grow India Limited,AURIGROW.NS,0.2800000011920929,0.0,SELL,0.42645087590103703,Sell,0.574468085106383,0.699468085106383,Global 10d,6.3,4.666668984626128,0.07692312100935417,0.1071428609441738,0.49772917295096664,,38.48664305268362
Prakash Steelage Limited,PRAKASHSTL.NS,3.559999942779541,-0.008356538191369944,HOLD,0.5092843629106213,Neutral,0.7296195652173914,0.7173913043478262,Global 10d,8.2,1.8592299313436755,,0.14044944045971386,0.03134656581902504,,38.47666295098441
Mufin Green Finance Limited,MUFIN.NS,132.88999938964844,0.01761239847045215,HOLD,0.48779699362991663,Neutral,0.4846153846153846,0.5692307692307692,Global 10d,4.9,2.0,0.06294995167093931,0.038452860514871956,7.9282831320442195,,38.46860330617538
Kewal Kiran Clothing Limited,KKCL.NS,475.6499938964844,0.0332355546651788,HOLD,0.4840332660683367,Neutral,0.5866495507060334,0.5956354300385109,Global 10d,5.6,1.6194996895192424,0.01772262365681443,0.03615845919298577,1.3744071834411622,,38.45613133293787
TVS Srichakra Limited,TVSSRICHAK.NS,4349.2998046875,-0.019876100352112624,HOLD,0.484722446299447,Neutral,0.5191815856777494,0.5562659846547315,Global 10d,7.9,2.0,0.099678724667557,0.004030727179429094,3.618165,,38.44576057494564
DCM Nouvelle Limited,DCMNVL.NS,166.47000122070312,-0.035515670139293465,HOLD,0.5001197691219593,Neutral,0.5765765765765766,0.5825825825825826,Global 10d,7.3,2.0,0.15204153093912187,0.022106071574814257,0.20219831647796632,0.05,38.44474252792431
Shree Renuka Sugars Limited,RENUKA.NS,21.34000015258789,-0.025125593987939343,HOLD,0.5156836173245984,Neutral,0.6362467866323908,0.6362467866323908,Global 10d,7.2,1.6589385616907297,0.013776766082574055,0.10777878259675777,28.2970770114727,,38.437888113514575
Filatex Fashions Limited,FILATFASH.NS,0.18000000715255737,0.0,HOLD,0.4851182342753513,Neutral,0.7623762376237624,0.7920792079207921,Global 10d,8.5,2.7649741294927654,0.05882356034843128,0.05555550036607193,0.26520108839489964,0.05,38.43398946459181
Vintage Coffee And Beverages Limited,VINCOFE.NS,178.9499969482422,-0.005612412357990704,HOLD,0.47741916957069447,Neutral,0.42168674698795183,0.5783132530120482,Global 10d,7.5,1.9999999999999976,0.10619620034167832,0.004163906186365418,32.42216909138184,,38.418405801617695
Concord Biotech Limited,CONCORDBIO.NS,1355.9000244140625,-0.01324499781328814,HOLD,0.4801548081663773,Neutral,0.5073529411764706,0.5220588235294118,Global 10d,7.9,2.0000000000000027,0.09317707153959431,0.015382062647204764,20.4389948902771,,38.41242826213105
The Hi-Tech Gears Limited,HITECHGEAR.NS,601.75,-0.03224507588707848,HOLD,0.49297522742104505,Neutral,0.5756410256410256,0.591025641025641,Global 10d,8.6,2.0,0.08345335900507211,0.08018280016618196,0.14492291897888185,,38.41182726756676
Elecon Engineering Company Limited,ELECON.NS,440.0,-0.04720655775058613,HOLD,0.485791224611241,Neutral,0.558258642765685,0.5364916773367477,Global 10d,8.8,1.9958464203534383,0.06576236767616028,0.04386360862038363,12.592931582092286,,38.37420353420498
Nandani Creation Limited,JAIPURKURT.NS,26.489999771118164,-0.007493471672443186,HOLD,0.49698207958243484,Neutral,0.6635514018691588,0.6658878504672897,Global 10d,7.8,1.9999999999999982,0.018846145043006413,0.0947527463408464,0.018521774749088286,,38.36897643422959
Cinevista Limited,CINEVISTA.NS,13.630000114440918,-0.014461302268145126,HOLD,0.46892190554665975,Neutral,0.6180645161290322,0.6206451612903225,Global 10d,6.9,2.0,0.12088818137128965,0.1071166563381103,0.010715852390670777,,38.352783169527626
Manomay Tex India Limited,MANOMAY.NS,240.0800018310547,-0.002410046631051377,HOLD,0.480349356201857,Neutral,0.5214723926380368,0.5337423312883436,Global 10d,7.1,2.0,0.1313855102910899,0.005935502380435942,3.989738286381531,,38.34256916802681
Lupin Limited,LUPIN.NS,2031.199951171875,0.0004925623209786067,HOLD,0.5124773118708386,Neutral,0.5269230769230769,0.5653846153846154,Global 10d,4.1,1.768663221871557,0.0768040517097639,0.049352762059874156,130.2878405,,38.342207713205646
Shradha Realty Limited,SHRADHA.NS,29.360000610351562,-0.017731642359297806,HOLD,0.5038794467024924,Neutral,0.751269035532995,0.7614213197969544,Global 10d,8.5,2.1157861936089417,0.1316200548798514,0.19742844712669316,0.028107576139068603,,38.34008785038273
Afcons Infrastructure Limited,AFCONS.NS,241.5,-0.0036717661285098346,HOLD,0.46849987903820695,Neutral,0.7195121951219512,0.8414634146341463,Global 10d,8.3,3.6494138050184026,0.07166626784587615,0.2610765540081521,22.756042138339232,,38.316690530136306
Shriram Finance Limited,SHRIRAMFIN.NS,971.4000244140625,0.027936533771494743,HOLD,0.511902469299701,Neutral,0.5307692307692308,0.5602564102564103,Global 10d,5.0,1.513303478216093,0.04035661747903285,0.049857017525227976,415.98668725,,38.31486469002081
Cohance Lifesciences Limited,COHANCE.NS,451.29998779296875,0.016441413948127925,HOLD,0.477560771118815,Neutral,0.6212624584717608,0.6611295681063123,Global 10d,8.0,2.0,0.08795046012154861,0.04963444498105862,31.9301032,,38.306191418960964
Kolte - Patil Developers Limited,KOLTEPATIL.NS,430.45001220703125,0.027817633127108943,HOLD,0.4813999223351672,Neutral,0.6094750320102432,0.6056338028169015,Global 10d,6.0,1.844325603020827,0.04174733661759178,0.03147865584552867,2.1524856370697023,,38.29854012023271
K.P.R. Mill Limited,KPRMILL.NS,1071.0,-0.02927585189761628,HOLD,0.46791800292905156,Neutral,0.532133676092545,0.5244215938303343,Global 10d,6.1,2.0,0.056348155876793315,0.057276575544830344,19.751211790612793,,38.29780902124577
Lorenzini Apparels Limited,LAL.NS,8.449999809265137,0.0035629136222521396,HOLD,0.4890355548461683,Neutral,0.567741935483871,0.5612903225806452,Global 10d,8.5,2.0,0.023622009948018663,0.017751547407151236,0.026928692538833617,,38.29303022201347
Lagnam Spintex Limited,LAGNAM.NS,71.9000015258789,-0.004706483221826652,HOLD,0.4742207127336437,Neutral,0.6430517711171662,0.670299727520436,Global 10d,7.0,1.9107291438557876,0.10956793784586516,0.13630035068686297,0.021328463917160034,,38.28837236444095
Antelopus Selan Energy Limited,ANTELOPUS.NS,1103.4000244140625,-0.0028016046867939126,SELL,0.4030183800954259,Sell,0.5518565941101152,0.5070422535211268,Global 10d,9.3,2.0,0.4261341695814891,0.10413270062693525,125.86618293730469,0.05,38.287837485351744
Updater Services Limited,UDS.NS,208.5500030517578,-9.591154892107934e-05,HOLD,0.4721933098993574,Neutral,0.45454545454545453,0.6818181818181818,Global 10d,9.1,2.456343955840238,0.1221414915402188,0.15224166643680315,2.7701506572891237,,38.28348448380274
Glenmark Pharmaceuticals Limited,GLENMARK.NS,2295.0,-0.015444015444015413,HOLD,0.48328614669024467,Neutral,0.5205128205128206,0.5871794871794872,Global 10d,4.9,2.0,0.06257339601840006,0.00640605331310784,111.6293997,,38.27130263313223
Mangalam Global Enterprise Limited,MGEL.NS,15.34000015258789,-0.034612975383979894,SELL,0.44773314598988795,Sell,0.5774193548387097,0.567741935483871,Global 10d,8.4,2.0,0.1028037613847872,0.005240693531681551,0.9528968701019287,,38.255232629993785
Syncom Formulations (India) Limited,SYNCOMF.NS,23.959999084472656,-0.04465713088678103,HOLD,0.45635723863528405,Neutral,0.5977011494252874,0.5632183908045977,Global 10d,9.4,2.0000000000000013,0.4496102766420491,,19.952030860138322,,38.23855158693664
Ashima Limited,ASHIMASYN.NS,15.3100004196167,-0.0419273555577252,HOLD,0.5131341427930266,Neutral,0.6168582375478927,0.6181353767560664,Global 10d,7.7,1.7429094747674283,0.01256617298251994,0.110385338606386,0.1142771554895401,,38.23836768123357
Sudarshan Colorants India Limited,SUDARCOLOR.NS,368.1000061035156,-0.023477930274359404,HOLD,0.4829144809324406,Neutral,0.5858974358974359,0.5653846153846154,Global 10d,8.2,2.0,0.07255242718774668,0.07552292130403004,0.17791741562194824,,38.232497135746165
Valiant Laboratories Limited,VALIANTLAB.NS,125.08000183105469,-0.009110365961308875,HOLD,0.47293801580954536,Neutral,0.5488721804511278,0.518796992481203,Global 10d,9.2,2.0,0.5757118437752144,,1.2871367141716004,0.05,38.23236444962514
Shyam Century Ferrous Limited,SHYAMCENT.NS,5.0,0.006036259773603003,HOLD,0.4810028433124612,Neutral,0.6447876447876448,0.7084942084942085,Global 10d,6.9,1.927710474214918,0.020408143405366452,0.0479999542236329,0.022123299992799758,,38.21912758884341
Apar Industries Limited,APARINDS.NS,18102.0,0.025725294650951858,HOLD,0.4877213362064494,Neutral,0.538659793814433,0.5502577319587629,Global 10d,7.5,2.0,0.13031532937870738,0.01652379984917629,212.07269655,,38.20994026229458
Sigma Solve Limited,SIGMA.NS,44.90999984741211,0.014915250788974266,HOLD,0.48794784979014777,Neutral,0.5355805243445693,0.5842696629213483,Global 10d,7.8,2.0,0.015784911551988356,0.03818622958112683,0.3514841863647461,,38.146857456441595
Visaka Industries Limited,VISAKAIND.NS,83.58000183105469,0.0,HOLD,0.4980698497095095,Neutral,0.6168582375478927,0.6028097062579821,Global 10d,8.6,1.9999999999999978,0.21788575103357943,0.041038102477346294,1.4368283873825074,,38.14571944361239
Bodhi Tree Multimedia Limited,BTML.NS,7.090000152587891,0.01721669526663505,HOLD,0.4840731614234763,Neutral,0.6579925650557621,0.6654275092936803,Global 10d,8.6,3.1085675740015537,0.07914763582038375,0.002820871720180973,0.2600111429931641,,38.1342520513117
Garuda Construction and Engineering Limited,GARUDA.NS,172.17999267578125,-0.014255484738459057,HOLD,0.4565675917113267,Neutral,0.6219512195121951,0.6341463414634146,Global 10d,7.2,2.0,0.005724244331951178,0.06342208091678225,6.6089777350776675,,38.13239459400334
Lokesh Machines Limited,LOKESHMACH.NS,400.79998779296875,0.09538123661832532,SELL,0.44992099429501237,Sell,0.5495495495495496,0.5250965250965252,Global 10d,8.7,2.0,0.2204628356945273,,1.1612167295837403,0.02,38.128754090504245
Asian Hotels (West) Limited,AHLWEST.NS,535.0499877929688,0.0,HOLD,0.466310025182434,Neutral,0.6098418277680141,0.6994727592267136,Global 10d,7.5,2.0,0.007437417414063008,0.07933840421552674,0.0278575875,0.05,38.0910282864003
Celebrity Fashions Limited,CELEBRITY.NS,6.260000228881836,-0.06006000415836377,HOLD,0.5129958421176828,Neutral,0.6559691912708601,0.6572528883183568,Global 10d,8.7,1.9170719622012184,0.10796462357842396,0.14536738245050418,0.012068418527913094,,38.04661850507207
HLV LIMITED,HLVLTD.NS,6.309999942779541,-0.0156006095184138,HOLD,0.5056704383729893,Neutral,0.650571791613723,0.6480304955527318,Global 10d,9.1,2.0,0.014469478396094582,0.10935024777773861,0.09324784827446937,,38.03363505419017
HDFC Bank Limited,HDFCBANK.NS,704.7999877929688,-0.02273991144824694,HOLD,0.4924334909318498,Neutral,0.48542458808618505,0.5399239543726235,Global 10d,5.3,1.6049196458511659,0.03358258184340657,0.04958855393354189,2422.7869656299745,,37.99916545011067
Tamil Nadu Newsprint & Papers Limited,TNPL.NS,146.49000549316406,-0.0077220033322722426,HOLD,0.454764858584287,Neutral,0.6230769230769231,0.6141025641025641,Global 10d,6.2,1.9964603866584376,0.053745689815303255,0.004906801564513286,3.5029052717300413,,37.99633492327364
GTPL Hathway Limited,GTPL.NS,55.38999938964844,0.0096609327998598,HOLD,0.47704432114205436,Neutral,0.7169811320754716,0.7051886792452831,Global 10d,7.5,1.7788345456415278,0.037513994926126726,0.0728909327658831,0.26033513859558105,,37.99312025237286
Gulf Oil Lubricants India Limited,GULFOILLUB.NS,1093.0,-0.028789784708714183,HOLD,0.49018340260819304,Neutral,0.5541740674955595,0.5559502664298401,Global 10d,5.6,1.571512919790213,0.02420403789723191,0.04480994134700711,5.113130517944336,,37.9896114735252
Dixon Technologies (India) Limited,DIXON.NS,12700.0,-0.03053435114503822,HOLD,0.5026415666010666,Neutral,0.5379146919431279,0.6018957345971564,Global 10d,6.7,2.0,0.047796649498005106,0.017327381485584104,482.499152,,37.94732961770295
Jindal Photo Limited,JINDALPHOT.NS,1031.800048828125,-0.008361317800937074,HOLD,0.45303050548691465,Neutral,0.558109833971903,0.5900383141762452,Global 10d,7.4,2.0,0.002331478878124793,0.06512885054444206,0.1537619467529297,,37.943331025153036
Autoline Industries Limited,AUTOIND.NS,81.4000015258789,-0.015243189939610935,HOLD,0.5015740747068197,Neutral,0.576530612244898,0.5586734693877551,Global 10d,8.7,2.0165709581447806,0.07246376665914456,0.025491362522671368,1.2592810838378907,0.05,37.940966032392886
DiGiSPICE Technologies Limited,DIGISPICE.NS,14.789999961853027,-0.011363641434522509,HOLD,0.5177512857994412,Neutral,0.6527777777777778,0.6578282828282829,Global 10d,8.4,2.251531040300734,,0.19540232256773238,0.1786536231523514,,37.93008386510979
Kotyark Industries Limited,KOTYARK.NS,28.260000228881836,0.001062723596598758,HOLD,0.510636610881592,Neutral,0.5675675675675675,0.5900900900900901,Global 10d,9.5,2.955252600229539,0.428151665809982,0.33993917947761076,0.40266968850746154,0.05,37.9300128121235
Wealth First Portfolio Managers Limited,WEALTH.NS,864.0,-0.029158954830144412,HOLD,0.4516458302097277,Neutral,0.6432432432432432,0.6864864864864865,Global 10d,7.5,2.140303314021304,0.011084036312965173,0.15454177374875044,0.13190476092529296,,37.92614200447515
Paras Petrofils Limited,PARASPETRO.NS,2.0199999809265137,-0.024154567115350467,HOLD,0.4842136477531947,Neutral,0.6897233201581028,0.7075098814229249,Global 10d,6.4,1.8624673446549707,0.0306122151080499,0.06435649290515877,0.024140699183392525,0.02,37.88957032248581
W S Industries (I) Limited,WSI.NS,53.20000076293945,-0.015544044011045366,HOLD,0.5175967059056523,Neutral,0.6529255319148937,0.663563829787234,Global 10d,8.6,2.2883168440126904,,0.20065787751824682,0.20590397886257172,,37.87640302602543
Future Enterprises Limited,FELDVR.NS,2.0299999713897705,0.0049504903750889895,HOLD,0.49236970418967246,Neutral,0.6354300385109114,0.6508344030808729,Global 10d,8.7,2.5199998219807953,,0.2660098371742019,0.00084632602404356,0.05,37.87181747470173
Stylam Industries Limited,STYLAMIND.NS,3325.199951171875,0.03270289512772662,HOLD,0.4955025250928043,Neutral,0.4444444444444444,0.594017094017094,Global 10d,5.6,1.8908262553514994,0.054882305272444754,0.009653584183693109,12.325907516625977,,37.87057755798252
Tembo Global Industries Limited,TEMBO.NS,57.15999984741211,-0.00884339063162709,HOLD,0.4913946828883369,Neutral,0.56353591160221,0.6022099447513812,Global 10d,7.5,2.3187502562038302,0.05303880365315328,0.04767317147297834,5.465377523703766,0.05,37.83765874098666
Kirloskar Oil Engines Limited,KIRLOSENG.NS,2242.699951171875,-0.02669039202466883,HOLD,0.48957291941908077,Neutral,0.5207792207792208,0.5467532467532468,Global 10d,8.2,2.0,0.1149113692334931,0.029473446780837076,87.83871005,,37.831304893949245
Orbit Exports Limited,ORBTEXP.NS,243.64999389648438,-0.05748332872144213,HOLD,0.5056750462972409,Neutral,0.5663865546218487,0.5714285714285714,Global 10d,9.4,2.0256496097443875,0.09370884034557925,0.009521885418985132,0.0594893944480896,0.05,37.826384762961
Azad Engineering Limited,AZAD.NS,2927.199951171875,0.023174543357427302,HOLD,0.48637958466071796,Neutral,0.48360655737704916,0.5901639344262295,Global 10d,7.4,2.0,0.14567512766022506,0.020292480006565583,117.5912442863037,,37.81539206989581
Saksoft Limited,SAKSOFT.NS,139.3300018310547,-0.0007171401418565315,HOLD,0.5080358029285664,Neutral,0.6304909560723514,0.6472868217054264,Global 10d,7.5,1.9372593910462612,0.03394570048508139,0.07297087648819645,3.093824969013977,,37.81275228965812
Western Carriers (India) Limited,WCIL.NS,89.2699966430664,-0.04021078816540746,HOLD,0.4969174301600221,Neutral,0.6511627906976745,0.6744186046511628,Global 10d,8.2,1.7743100870635815,0.08363675025027284,0.1200851531737539,1.746586368661499,,37.78262952287441
Dwarikesh Sugar Industries Limited,DWARKESH.NS,44.08000183105469,0.05052437542513055,HOLD,0.49975809455755105,Neutral,0.615877080665813,0.6645326504481435,Global 10d,8.0,2.3228283746721012,0.050791950972091104,0.046806838603958845,7.372695201596069,,37.78214531966999
TECIL Chemicals and Hydro Power Limited,TECILCHEM.NS,9.25,0.025498839308634835,HOLD,0.4708061406116941,Neutral,0.7272727272727273,0.7792207792207793,Global 10d,9.2,2.834008413708012,0.05113634085359697,0.1513513101113808,0.010374025,,37.77579861547968
Sansera Engineering Limited,SANSERA.NS,4291.2998046875,0.0034372414290748665,HOLD,0.4958042634636355,Neutral,0.39655172413793105,0.6810344827586207,Global 10d,7.7,2.0,0.15050129097556875,,123.19578017578125,,37.74184111058138
Abbott India Limited,ABBOTINDIA.NS,26240.0,-0.02235469448584204,HOLD,0.48487520996460926,Neutral,0.5871794871794872,0.582051282051282,Global 10d,4.8,1.5351759073925326,0.052458001690255385,0.05701120785225022,15.2686925,,37.73585043120114
Sakthi Sugars Limited,SAKHTISUG.NS,17.579999923706055,-0.023875641294340944,HOLD,0.4737582957725155,Neutral,0.648786717752235,0.6283524904214559,Global 10d,7.9,1.948321458983895,0.07430948417827232,0.04038685977830281,0.21668241602935792,,37.713189061853484
DB (International) Stock Brokers Limited,DBSTOCKBRO.NS,31.5,-0.0075614295163465295,HOLD,0.47147600882720164,Neutral,0.5987841945288754,0.6048632218844985,Global 10d,8.1,2.053682804297201,0.10410091979930125,0.14920637342664933,0.018152780077171325,,37.70620300649758
Tourism Finance Corporation of India Limited,TFCILTD.NS,139.64999389648438,0.006196416542643357,HOLD,0.4867237576292416,Neutral,0.49935649935649934,0.5456885456885456,Global 10d,5.7,1.9032723597424621,0.05055293455927079,0.057286074827400224,159.87429323672714,,37.69768528130488
Iris Clothings Limited,IRISDOREME.NS,60.459999084472656,-0.01770918222743989,HOLD,0.45468108100025256,Neutral,0.5030864197530864,0.5709876543209876,Global 10d,8.2,2.1273237117330326,0.08701906230734036,,3.794696124544716,,37.687424451190616
Senores Pharmaceuticals Limited,SENORES.NS,1349.5999755859375,-0.026122147471995927,HOLD,0.48274944257446,Neutral,0.5068493150684932,0.5342465753424658,Global 10d,6.1,2.0735283551222397,0.054622198234869135,0.0077060051883501846,31.60467819916992,,37.68197739184126
Vaxtex Cotfab Limited,VCL.NS,1.3700000047683716,0.04580157603787627,HOLD,0.5029411714492339,Neutral,0.6127450980392157,0.6323529411764706,Global 10d,10.0,2.202642835531017,0.10483870502565207,0.05839419170576576,0.07674720785841346,,37.617754434878236
Suratwwala Business Group Limited,SBGLP.NS,22.75,-0.003940461995911693,HOLD,0.4543442342673829,Neutral,0.7730061349693251,0.7484662576687117,Global 10d,10.0,2.01698961083735,0.1912662383420185,0.13674557325784953,0.14551309028587342,,37.61613155328606
Anuh Pharma Limited,ANUHPHR.NS,84.1500015258789,-0.01980194500241772,HOLD,0.4690316181128534,Neutral,0.4533333333333333,0.5333333333333333,Global 10d,7.6,1.9999999999999976,0.11541438587654529,0.012361341884986388,1.185770640478134,,37.5891493293463
Dolphin Offshore Enterprises (India) Limited,DOLPHIN.NS,628.0999755859375,-0.01459060005006152,HOLD,0.4750046652505983,Neutral,0.5894568690095847,0.5575079872204474,Global 10d,8.5,1.6419022474009555,0.6061884546547249,0.18038537371766394,4.126807996490479,,37.588867194219986
Rishabh Instruments Limited,RISHABH.NS,686.2000122070312,-0.01803087550950333,HOLD,0.4860582695558624,Neutral,0.44776119402985076,0.664179104477612,Global 10d,7.5,1.999999999999998,0.14941375579067206,0.006424493210253068,13.659801687957764,0.05,37.55383413740628
Indegene Limited,INDGN.NS,593.5,0.004655099449851985,HOLD,0.4859723167235244,Neutral,0.4368932038834951,0.5922330097087378,Global 10d,5.6,2.000000000000004,0.06171735241502674,0.03706823925863523,20.14936702423096,,37.53648107171591
Unitech Limited,UNITECH.NS,3.930000066757202,-0.0075757502779744135,HOLD,0.4833815547192353,Neutral,0.6654088050314465,0.6452830188679246,Global 10d,9.8,2.227412050907948,0.07084468257717624,0.15776084311602756,1.6293959546697856,,37.51831205566837
GLOBE ENTERPRISES (INDIA) LIMITED,GLOBE.NS,2.109999895095825,-0.014018788942859906,HOLD,0.4940822600293228,Neutral,0.680921052631579,0.6907894736842105,Global 10d,9.6,3.3166500852712733,0.07653053777012464,0.25118494604677677,0.08698608226411343,,37.497656002040124
Repro India Limited,REPRO.NS,303.8999938964844,-0.04613939712937454,HOLD,0.4967965367983864,Neutral,0.631917631917632,0.6357786357786358,Global 10d,10.0,2.7080583655260404,,0.2752550035423087,0.3004961523010254,,37.488177033075566
CL Educate Limited,CLEDUCATE.NS,57.90999984741211,0.015786731316898894,HOLD,0.4739503759570818,Neutral,0.5972850678733032,0.5701357466063348,Global 10d,8.9,1.8869052003059257,0.07719497126949593,0.06890004643377834,0.06567123659172058,0.02,37.4833241378862
Ceigall India Limited,CEIGALL.NS,380.1000061035156,-0.00692356341341438,HOLD,0.469893171944157,Neutral,0.3804347826086957,0.5108695652173914,Global 10d,5.7,2.0,0.20519949078972588,0.015233746520740832,11.69523245,,37.472007206849405
Sterling Tools Limited,STERTOOLS.NS,218.77999877929688,-0.0245229179148172,HOLD,0.4989618112831285,Neutral,0.6010362694300518,0.6217616580310881,Global 10d,8.7,1.9999999999999982,0.01662337913245171,0.03781905912009642,0.38456526862792967,,37.43467046255587
TCI Express Limited,TCIEXP.NS,504.75,-0.03239724647390796,HOLD,0.47701076448128593,Neutral,0.6851441241685144,0.6807095343680709,Global 10d,8.6,2.0,0.018668012108980836,0.08172362555720647,1.2601683888793946,,37.425751432668285
Eimco Elecon (India) Limited,EIMCOELECO.NS,2268.800048828125,-0.00017623054484183776,HOLD,0.4733626970554095,Neutral,0.5449871465295629,0.532133676092545,Global 10d,6.7,2.000000000000004,0.27544597853962793,0.035260930129705104,3.878992607348633,,37.41812310583614
Generic Engineering Construction and Projects Limited,GENCON.NS,40.75,0.03060189824116799,HOLD,0.48022438190877653,Neutral,0.528957528957529,0.5675675675675675,Global 10d,8.6,2.0,0.006172839506172867,0.10061345948763423,1.1480869142780303,,37.41492279914253
Cyient Limited,CYIENT.NS,1104.5999755859375,0.003543222119625211,HOLD,0.48902164823065686,Neutral,0.5778061224489796,0.5816326530612245,Global 10d,7.0,1.6426931278819858,0.011980833561206161,0.09494842623117128,36.05188921770019,,37.4086786617343
Manaksia Limited,MANAKSIA.NS,59.560001373291016,-0.007167866196778672,SELL,0.44638062901630465,Sell,0.6141935483870967,0.6670967741935484,Global 10d,9.2,3.326195379429755,0.05319000076601532,0.025394540307533964,0.44555761475906375,,37.39644806003075
Go Fashion (India) Limited,GOCOLORS.NS,294.95001220703125,-0.019285079943370698,HOLD,0.5155919450636309,Neutral,0.6590909090909091,0.740909090909091,Global 10d,8.0,2.0,0.18216437758329151,0.07696213171715205,2.1731842764953613,,37.381332592349466
Man Industries (India) Limited,MANINDS.NS,921.5499877929688,0.015649983566552006,HOLD,0.45226198848723986,Neutral,0.5423076923076923,0.5115384615384615,Global 10d,9.2,2.0,0.811222503739423,,96.04367467646485,,37.372073783336354
Compuage Infocom Limited,COMPINFO.NS,1.090000033378601,0.02830197379104904,HOLD,0.49144759755251166,Neutral,0.672566371681416,0.6887905604719764,Global 10d,9.5,2.943668790421172,0.07389167363620164,0.05504581737815473,0.0014805199781179428,,37.35918376410416
R M Drip and Sprinklers Systems Limited,RMDRIP.NS,23.489999771118164,-0.000850721291746348,HOLD,0.48412857349546945,Neutral,0.5083532219570406,0.5608591885441527,Global 10d,8.1,1.9999999999999973,0.1265595810055078,0.05230726302230937,0.8190211331848144,0.05,37.34297457794156
ESAF Small Finance Bank Limited,ESAFSFB.NS,43.400001525878906,-0.02515720845392433,HOLD,0.49101820842103727,Neutral,0.48031496062992124,0.6377952755905512,Global 10d,7.4,2.0,0.1694961145803051,0.01958521760913423,1.8489472964904785,,37.33269365030937
Welspun Investments and Commercials Limited,WELINV.NS,2478.0,-0.0016116035455278066,HOLD,0.4797738043503023,Neutral,0.4952638700947226,0.5656292286874154,Global 10d,4.5,2.0,0.3843575418994414,,0.027219,0.02,37.32202355084845
Eldeco Housing And Industries Limited,ELDEHSG.NS,782.25,0.04154185835048807,HOLD,0.48095071833488995,Neutral,0.6231155778894473,0.6482412060301508,Global 10d,5.7,2.0,0.05946474533665258,0.030860376971244108,0.03236993667602539,,37.32101334982888
Deepak Builders & Engineers India Limited,DBEIL.NS,6.5,-0.02694608277907551,HOLD,0.4677990821653936,Neutral,0.6987951807228916,0.7108433734939759,Global 10d,10.0,2.326700448079503,0.08153074084147405,0.18615385202261114,0.1354685223834038,0.05,37.30423457150248
R R Kabel Limited,RRKABEL.NS,2518.199951171875,-0.00015887654604129775,HOLD,0.5028246220601186,Neutral,0.4090909090909091,0.696969696969697,Global 10d,5.6,2.0,0.0760618766404404,0.01223097824848729,80.389221721875,,37.30325702163957
MMP Industries Limited,MMP.NS,449.6000061035156,-0.05317468605969777,HOLD,0.48455976181371585,Neutral,0.5456919060052219,0.5221932114882506,Global 10d,9.1,2.0,0.7368407094828187,0.10765123051475411,3.8844829861358643,,37.302661719928615
Lux Industries Limited,LUXIND.NS,1183.9000244140625,0.08415753151470917,HOLD,0.5121798277836386,Neutral,0.717391304347826,0.7055335968379446,Global 10d,9.2,1.624301548539054,0.027792842252858607,0.051825097687546506,3.136632524456787,,37.301431055588885
JTL INDUSTRIES LIMITED,JTLIND.NS,84.9800033569336,-0.014496114476835298,HOLD,0.4809151191002757,Neutral,0.5801886792452831,0.5613207547169812,Global 10d,8.5,1.9734014563500653,0.07081656632256839,0.024692145432912316,21.17737350818596,,37.29190335099702
Kaya Limited,KAYA.NS,298.1499938964844,-0.029459693850688362,HOLD,0.48837936241098623,Neutral,0.6211538461538462,0.6730769230769231,Global 10d,9.6,3.319198791837434,0.26872337828291215,0.2728492630181296,0.2297123735168457,0.02,37.290600105395285
Maharashtra Seamless Limited,MAHSEAMLES.NS,685.0499877929688,-0.01960645754136847,HOLD,0.46881436686652994,Neutral,0.5555555555555556,0.558109833971903,Global 10d,6.3,2.0,0.18288702483413077,0.0781694602542673,17.505820712609864,,37.287440931635906
Indiabulls Limited,IBULLSLTD.NS,29.479999542236328,0.0016989207115893912,HOLD,0.4995145090851903,Neutral,0.5574229691876751,0.5504201680672269,Global 10d,9.3,2.0,0.1606299206685633,0.06614656693415699,43.634807824451826,0.05,37.24086144764799
Thyrocare Technologies Limited,THYROCARE.NS,533.5999755859375,-0.0010297646784316328,HOLD,0.5132844766524203,Neutral,0.5445134575569358,0.5445134575569358,Global 10d,6.0,1.7336044663751828,0.05558847791481214,0.07739889564795077,11.944795533483887,,37.23004812059453
Welspun Corp Limited,WELCORP.NS,2497.5,-0.04156115081693601,HOLD,0.48485229427845095,Neutral,0.5433673469387755,0.5586734693877551,Global 10d,8.5,1.999999999999998,0.11485584074471933,,537.1131529331299,,37.196939491580956
Motisons Jewellers Limited,MOTISONS.NS,17.8799991607666,-0.006666713290744308,HOLD,0.4778513905922699,Neutral,0.5447154471544715,0.5365853658536586,Global 10d,9.4,2.0,0.13164550284318688,0.013422913295959349,82.62752296933441,,37.175724769521125
Dalmia Bharat Sugar and Industries Limited,DALMIASUG.NS,396.70001220703125,-0.0295987669942529,HOLD,0.4828784559016168,Neutral,0.5745501285347043,0.5938303341902313,Global 10d,7.9,2.0,0.13912422744301867,0.0042853078828895,7.009049007568359,,37.17019597179028
Emami Paper Mills Limited,EMAMIPAP.NS,116.83999633789062,-0.022750094314531122,HOLD,0.4877171850337703,Neutral,0.35365853658536583,0.6951219512195121,Global 10d,8.7,2.0,0.11170312116284453,0.061280416693982875,0.3443699904548645,,37.16809895013651
Kopran Limited,KOPRAN.NS,282.04998779296875,0.013401769080887194,HOLD,0.4615143522280512,Neutral,0.6097560975609756,0.5827984595635429,Global 10d,9.0,2.0,0.5944710408478655,,19.381627775482176,,37.14846044409406
AU Small Finance Bank Limited,AUBANK.NS,1029.199951171875,0.04275577626329796,HOLD,0.4841290531456701,Neutral,0.4918032786885246,0.5714285714285714,Global 10d,5.2,2.0,0.07312441590846341,0.0011491370591538708,135.67654123846435,,37.12212146414875
GOCL Corporation Limited,GOCLCORP.NS,351.6499938964844,-0.029797262924019186,HOLD,0.503445920081144,Neutral,0.6127320954907162,0.6312997347480106,Global 10d,8.3,2.6137236313161183,0.3171150737107913,0.1940890949901033,7.985023321438598,,37.12130445862057
Spacenet Enterprises India Limited,SPCENET.NS,3.240000009536743,0.018867906138356094,HOLD,0.4896390798454994,Neutral,0.6914285714285714,0.6799999999999999,Global 10d,9.2,1.5683063024647066,0.009345785368615855,0.12654323599502404,0.18345854544142484,0.05,37.114667428226554
Intrasoft Technologies Limited,ISFT.NS,97.91000366210938,0.021385385340133567,SELL,0.4331487964764605,Sell,0.6383812010443864,0.6201044386422976,Global 10d,9.8,2.0000000000000013,0.018834601630880465,0.006281256672115987,1.0596163905433655,,37.080701968695884
Sharda Motor Industries Limited,SHARDAMOTR.NS,928.7999877929688,-0.029416400078348448,HOLD,0.4827225779554034,Neutral,0.6015473887814313,0.6015473887814313,Global 10d,7.5,2.270835996340594,0.05353065085905029,0.030185565153165506,5.9048831960876464,,37.0796793947183
Parag Milk Foods Limited,PARAGMILK.NS,281.0,0.06439393939393945,HOLD,0.4930612206043951,Neutral,0.4791666666666667,0.53125,Global 10d,9.7,4.285056525944062,0.3610193850455381,0.3360420932342725,62.75739340920105,,37.05306103021976
Renaissance Global Limited,RGL.NS,161.52000427246094,-0.006030742938701872,HOLD,0.4579569850939953,Neutral,0.5958279009126467,0.5710560625814863,Global 10d,8.8,2.0,0.2680170180183208,,9.7262789,,37.050298296940234
Allied Blenders and Distillers Limited,ABDL.NS,679.4500122070312,-0.05487551935915547,HOLD,0.5013603617693897,Neutral,0.32989690721649484,0.5567010309278351,Global 10d,8.2,2.0,0.16066686910553907,0.016731781619367725,35.65282325,,37.04801201530332
Dhampur Sugar Mills Limited,DHAMPURSUG.NS,171.05999755859375,-0.002100108588245053,HOLD,0.4798059449934268,Neutral,0.6051282051282051,0.6064102564102565,Global 10d,7.3,2.4906147285654705,0.2630000207300087,0.16871273835056644,10.539727207058716,,37.043984999163904
Kirloskar Industries Limited,KIRLOSIND.NS,3471.39990234375,-0.027809687228280144,SELL,0.43559314396691784,Sell,0.6179921773142112,0.6245110821382007,Global 10d,7.1,2.0,0.10056762389351137,0.017681864770548117,2.0401417226074217,,37.02929514820722
Siti Networks Limited,SITINET.NS,0.27000001072883606,0.0,HOLD,0.48992680521720894,Neutral,0.6804511278195489,0.6666666666666667,Global 10d,7.9,1.6470604597369058,,0.11111111111111116,0.010997588046821952,,37.02481830750241
Emcure Pharmaceuticals Limited,EMCURE.NS,1944.5999755859375,0.000823456297446068,HOLD,0.46140248383271487,Neutral,0.3958333333333333,0.625,Global 10d,4.9,2.0,0.06463134084427136,0.05112869493370642,22.82834161850586,,37.022773628315385
SEL Manufacturing Company Limited,SELMC.NS,25.09000015258789,0.0,SELL,0.3535618886112062,Sell,0.6657997399219766,0.7373211963589077,Global 10d,6.3,15.256409104288823,,0.2710242804187135,0.06036621855792999,0.05,37.01142776389364
Jubilant Agri and Consumer Products Limited,JUBLCPL.NS,2037.300048828125,-0.011595140165883477,HOLD,0.48460168924184494,Neutral,0.47692307692307695,0.5076923076923077,Global 10d,8.9,2.0,0.10309167897405147,0.07986057393237767,1.3798898065063476,0.05,37.00400075953737
Omaxe Limited,OMAXE.NS,108.77999877929688,-0.008928601839103933,HOLD,0.4600218370752462,Neutral,0.6025641025641025,0.6025641025641026,Global 10d,8.5,3.3423729453351263,0.3462870627568666,0.27679721408566627,9.126111109439849,,37.001091853762304
Niraj Ispat Industries Limited,NIRAJISPAT.NS,300.0,-0.0033222591362126463,SELL,0.4059609310008255,Sell,0.5714285714285714,0.5974025974025974,Global 10d,8.5,7.3698952678753225,0.19047619047619047,0.324933369954427,0.0061404,0.05,36.98376083575556
Airan Limited,AIRAN.NS,15.600000381469727,-0.03584671895961089,HOLD,0.4834150386772884,Neutral,0.7007125890736342,0.6959619952494062,Global 10d,9.6,2.0,0.012548720027503402,0.15064098527759207,0.18064762139549256,,36.950579721192014
Novartis India Limited,NOVARTIND.NS,1967.800048828125,0.0014249612356869168,SELL,0.42168410615852053,Sell,0.56875,0.5625,Global 10d,8.3,3.544954393109291,0.2954575699987656,0.3155808438818879,15.736763682348633,,36.913371974592685
Pashupati Cotspin Limited,PASHUPATI.NS,78.98999786376953,0.047612682562857334,HOLD,0.47800079648579513,Neutral,0.5213903743315508,0.5294117647058824,Global 10d,8.5,2.0,0.013324016051770915,0.06424938675923175,1.1407504645996094,,36.90073862040694
Suyog Telematics Limited,SUYOG.NS,664.25,-0.0371793354201535,HOLD,0.48571681836901837,Neutral,0.5934065934065934,0.6263736263736264,Global 10d,8.2,2.000000000000002,0.13975040797914606,0.009479484466328847,1.384981889691162,,36.893328679076554
BOSCH HOME COMFORT INDIA LIMITED,BOSCH-HCIL.NS,1967.199951171875,0.04822294578496078,HOLD,0.49392826641433274,Neutral,0.5610687022900763,0.5852417302798982,Global 10d,8.2,2.0,0.15371531249706916,,8.3397168,,36.88495394580456
Filatex India Limited,FILATEX.NS,106.0999984741211,-0.015404636499642965,HOLD,0.46387630253519724,Neutral,0.5585714285714286,0.53,Global 10d,9.6,2.0,0.5050239944542056,,53.2690032,,36.87000560295034
Eastern Silk Industries Limited,EASTSILK.NS,70.12000274658203,-0.04999315721535458,HOLD,0.4837945649848781,Neutral,0.626193724420191,0.669849931787176,Global 10d,10.0,2.194982113376108,0.09682468968962454,0.10938388289380363,0.006769143484115601,0.05,36.854880238811816
A B Cotspin India Limited,ABCOTS.NS,189.91000366210938,-0.03348771768080394,HOLD,0.4925551584975166,Neutral,0.7259615384615384,0.7836538461538461,Global 10d,8.1,2.215631032314289,,0.1820511188841043,0.1001415801109314,,36.8548774520949
TREJHARA SOLUTIONS LIMITED,TREJHARA.NS,131.66000366210938,-0.05171415201068952,HOLD,0.5106509149604532,Neutral,0.6629526462395543,0.6768802228412256,Global 10d,9.3,1.804707655364726,0.005882835022167798,0.1774267048503384,0.2618278503417969,0.05,36.85291238688177
HMA Agro Industries Limited,HMAAGRO.NS,23.469999313354492,-0.018812740865558286,HOLD,0.4918744723203488,Neutral,0.7123287671232876,0.7534246575342466,Global 10d,9.3,2.0000000000000018,0.10265442713677264,0.06305928815016348,4.442540210815429,,36.84742413524761
Shreyans Industries Limited,SHREYANIND.NS,129.0,0.021458540381873226,HOLD,0.49312082405663243,Neutral,0.6511627906976745,0.6447028423772609,Global 10d,7.5,2.0,0.06408976462850413,0.07364341085271309,0.06435062423858642,,36.797629269130525
Kapston Services Limited,KAPSTON.NS,542.3499755859375,-0.014536204878509706,HOLD,0.47991094380873073,Neutral,0.524547803617571,0.5064599483204134,Global 10d,8.3,2.0,0.5469194698924424,0.1062967216911539,3.8182864823181153,,36.784177681392606
Priti International Limited,PRITI.NS,32.790000915527344,0.002445791296052491,HOLD,0.4844138592216827,Neutral,0.7830188679245284,0.8144654088050315,Global 10d,9.1,2.0,0.008612814778544031,0.07807250646893071,0.019544535540771485,,36.774731852693336
BSL Limited,BSL.NS,118.19999694824219,-0.0006763766645278002,HOLD,0.4674078108947384,Neutral,0.6354300385109114,0.6264441591784339,Global 10d,7.8,2.0,0.20612241783920604,0.0829103494482244,0.03333833998603821,,36.766521176013455
Hyundai Motor India Limited,HYUNDAI.NS,2000.0,-0.011857707509881465,HOLD,0.4850213427264733,Neutral,0.5,0.524390243902439,Global 10d,6.1,1.809944736030233,0.047522441413778926,0.021197793794022868,119.45009934399414,,36.74655244647165
Euro India Fresh Foods Limited,EIFFL.NS,262.3999938964844,-0.019981348659255382,HOLD,0.4653507579204031,Neutral,0.6804597701149425,0.6827586206896552,Global 10d,5.4,2.0,0.062348153427062236,0.00743144913258087,0.0382626,0.02,36.72475972232382
Bliss GVS Pharma Limited,BLISSGVS.NS,683.5999755859375,-0.015623927468315868,HOLD,0.4516681039040733,Neutral,0.5335968379446641,0.5138339920948617,Global 10d,7.6,1.9999999999999976,0.5431150690427482,,14.938147185333252,,36.724116657654235
Meghmani Organics Limited,MOL.NS,54.83000183105469,-0.005441669349686484,HOLD,0.5159409053290639,Neutral,0.6282051282051282,0.6538461538461539,Global 10d,8.6,2.1760917934634514,0.05391642927615381,0.12164869498814324,4.7063107185325626,,36.67653049818904
Gala Precision Engineering Limited,GALAPREC.NS,1157.800048828125,-0.032910043393489574,HOLD,0.4985383083515331,Neutral,0.5172413793103449,0.5402298850574713,Global 10d,7.5,2.0000000000000027,0.19973064967957566,0.08827081262893133,3.0897910654418945,,36.66832926052273
5Paisa Capital Limited,5PAISA.NS,360.8999938964844,0.1408249942577562,HOLD,0.46747776237251,Neutral,0.648910411622276,0.6416464891041163,Global 10d,8.2,2.1267466940816986,0.04912788923396616,0.006012783220929574,0.8916928066787719,,36.66575722010817
Jyoti CNC Automation Limited,JYOTICNC.NS,1029.5999755859375,-0.0024222459637019966,HOLD,0.4675130736945529,Neutral,0.4152542372881356,0.5677966101694916,Global 10d,8.4,2.0,0.10876588698623424,0.025543948573967024,71.36621848808593,,36.64601040847395
BLS E-Services Limited,BLSE.NS,159.5749969482422,-0.009004794306493369,HOLD,0.4939874679765253,Neutral,0.31896551724137934,0.7844827586206896,Global 10d,6.6,2.0,0.06126263517034891,0.034820278933630044,11.233036284094238,,36.63800909438343
Setubandhan Infrastructure Limited,SETUINFRA.NS,0.5099999904632568,-0.01923075159625831,SELL,0.42781802830804755,Sell,0.6201117318435754,0.6256983240223464,Global 10d,8.3,2.672608351455652,0.04081628681073313,0.01960782480441492,0.001541885991358757,,36.63199667999797
Magadh Sugar & Energy Limited,MAGADSUGAR.NS,511.75,-0.036705882352941144,HOLD,0.4900396535388902,Neutral,0.5981087470449172,0.5862884160756501,Global 10d,8.3,2.072322069562046,0.07420236472798258,0.008874582460017377,1.1777551956207275,,36.592487148701544
Baazar Style Retail Limited,STYLEBAAZA.NS,359.8999938964844,-0.022940171214919425,HOLD,0.5000681537478773,Neutral,0.6444444444444445,0.6555555555555556,Global 10d,8.5,1.999999999999998,0.16096772224672384,0.0024312309387026776,29.604364406518556,0.05,36.57437601999214
Inventurus Knowledge Solutions Limited,IKS.NS,1776.4000244140625,0.01653792527271092,HOLD,0.49220342109483745,Neutral,0.5068493150684932,0.5068493150684932,Global 10d,6.6,1.7712548555310015,0.04265145643936896,0.08095022844891053,28.222616172973634,,36.572174288308545
Equitas Small Finance Bank Limited,EQUITASBNK.NS,68.41000366210938,-0.007543836366809997,HOLD,0.49513747740065844,Neutral,0.5037037037037037,0.5037037037037037,Global 10d,6.4,1.6695915514990076,0.04045632946173949,0.07294251712682431,11.485957627914429,,36.5401984693965
Jayant Agro Organics Limited,JAYAGROGN.NS,211.22000122070312,-0.053588994746731955,HOLD,0.5165008264502671,Neutral,0.6169665809768637,0.6105398457583547,Global 10d,9.1,1.5326475370048793,0.017374587690529575,0.12079958279541114,0.5426764691589355,,36.52451627238016
Samhi Hotels Limited,SAMHI.NS,150.41000366210938,-0.025652598175390007,HOLD,0.47144123623141204,Neutral,0.5984848484848485,0.5984848484848485,Global 10d,8.0,1.8329767138416875,0.010005409021518252,0.12226579975997409,14.15144113103485,,36.48618308467353
SKY GOLD AND DIAMONDS LIMITED,SKYGOLD.NS,825.9000244140625,0.01881206382621481,HOLD,0.4941114314979182,Neutral,0.46706586826347307,0.6467065868263473,Global 10d,5.7,2.0,0.0795373342814305,0.03154133311892071,58.74169103916626,,36.473604837121954
Sterlite Technologies Limited,STLTECH.NS,1001.25,0.04804524581257352,HOLD,0.49264008078059823,Neutral,0.5478927203065134,0.5338441890166028,Global 10d,8.3,2.0,0.2781643342122728,,168.67967829242858,0.05,36.46587350180604
Datamatics Global Services Limited,DATAMATICS.NS,790.2999877929688,-0.018931165329393984,HOLD,0.4899673317559223,Neutral,0.5628205128205128,0.5602564102564103,Global 10d,7.6,1.6704220171071809,0.02529178590575598,0.04935186920450274,5.570172124267578,,36.46504038853313
Remsons Industries Limited,REMSONSIND.NS,112.55000305175781,-0.012112676641108377,HOLD,0.47526137690008713,Neutral,0.5592991913746631,0.5498652291105122,Global 10d,10.0,2.0,0.022259494487449016,0.10699025973522436,1.4259261674560546,,36.45209732448342
Neogen Chemicals Limited,NEOGEN.NS,2311.199951171875,-0.03984053117597863,HOLD,0.47890247543327696,Neutral,0.5088757396449705,0.5059171597633136,Global 10d,8.0,2.0,0.17675217489331718,0.026675452318004167,47.4397366713501,,36.44887016194521
Raj Oil Mills Limited,ROML.NS,43.34000015258789,-0.0009221049917572666,HOLD,0.48432097820059106,Neutral,0.6064610866372981,0.6461086637298091,Global 10d,6.8,1.7207223074465967,0.031659173629934756,0.06114447430892933,0.006699199829101563,,36.43261139913069
Intense Technologies Limited,INTENTECH.NS,81.9800033569336,-0.029362961809396793,HOLD,0.49002058099490725,Neutral,0.6621315192743764,0.6439909297052154,Global 10d,8.5,1.880727016891245,0.07868425469649476,0.10734319421833738,0.12648776343612672,,36.41921944114597
Dhampur Bio Organics Limited,DBOL.NS,120.91000366210938,-0.041157770617077705,HOLD,0.48508957497397237,Neutral,0.4808743169398907,0.5081967213114754,Global 10d,7.4,2.0,0.19025040220716338,0.03256158891981076,2.301014355331421,,36.41363334915039
Seshasayee Paper and Boards Limited,SESHAPAPER.NS,236.35000610351562,-0.017133093925533638,HOLD,0.4574539020159954,Neutral,0.5979247730220493,0.6160830090791181,Global 10d,5.6,2.0,0.05768038966297495,0.01054886688455059,0.9632762687980652,,36.41333254274331
International Conveyors Limited,INTLCONV.NS,80.02999877929688,0.00024992679080737545,HOLD,0.48577396180407034,Neutral,0.6260869565217392,0.6304347826086957,Global 10d,7.1,1.9999999999999962,0.05024533337421855,0.03064648506319556,0.28992864010772706,,36.386964753803774
Mazda Limited,MAZDA.NS,288.1499938964844,-0.049950525902512366,HOLD,0.47320596365470086,Neutral,0.5895196506550219,0.5655021834061136,Global 10d,9.5,2.000000000000002,0.28543794281595747,,0.9684407973480225,,36.331331661628795
Khandwala Securities Limited,KHANDSE.NS,16.760000228881836,-0.02558142526398477,HOLD,0.5035272085924593,Neutral,0.6504065040650406,0.6449864498644986,Global 10d,9.1,1.9446314610319613,0.04099381947951897,0.0859188851069419,0.0023805500049591064,,36.32462628498632
BIL VYAPAR LIMITED,BILVYAPAR.NS,4.210000038146973,-0.009411755730124094,HOLD,0.49319884355239774,Neutral,0.6794478527607362,0.6763803680981595,Global 10d,8.7,2.409954445770229,0.07124681084822715,0.05700710876228854,0.0023566719665527344,0.05,36.27636253760173
Aaron Industries Limited,AARON.NS,123.11000061035156,-0.012592233645984718,HOLD,0.49381132265776645,Neutral,0.6820652173913043,0.6956521739130435,Global 10d,9.7,2.0,0.1073114156785886,0.03360406002024652,0.17234516442184447,,36.271223662530666
Gujarat Themis Biosyn Limited,GUJTHEM.NS,373.6000061035156,-0.021477165928825426,HOLD,0.4804039827731968,Neutral,0.582089552238806,0.6268656716417911,Global 10d,9.1,2.0,0.012744494816171459,0.10219132511810014,15.712423424958802,,36.264362027446985
Tega Industries Limited,TEGA.NS,2093.39990234375,-0.006313214570839443,HOLD,0.48240832066307554,Neutral,0.5963302752293578,0.6009174311926606,Global 10d,8.5,2.0,0.1419160126841994,,87.36271231655273,,36.26293565262779
Natural Capsules Limited,NATCAPSUQ.NS,162.16000366210938,-0.021954157555184928,HOLD,0.46007362247697214,Neutral,0.5454545454545454,0.5909090909090908,Global 10d,8.3,1.999999999999997,0.013500022888183638,0.01854133532718838,0.14292148611602784,,36.25784607390148
Heranba Industries Limited,HERANBA.NS,172.1199951171875,-0.024981610449240965,HOLD,0.4685418045629441,Neutral,0.6953125,0.70703125,Global 10d,9.0,1.9999999999999976,0.006844095875003342,0.08639323244494523,0.5930758047004699,,36.247116370855274
Tamilnad Mercantile Bank Limited,TMB.NS,886.25,0.016283484210543264,HOLD,0.4815882554009454,Neutral,0.49444444444444446,0.5777777777777777,Global 10d,5.6,2.0,0.07606851174259832,0.034696755994358286,13.307080475,,36.24094105601906
Rashi Peripherals Limited,RPTECH.NS,953.1500244140625,-0.00036704308960411325,HOLD,0.4984291557538922,Neutral,0.5217391304347826,0.6260869565217392,Global 10d,6.8,2.0,0.24594774433210786,0.012935903215337996,30.06256586451416,,36.209692124398046
Baid Finserv Limited,BAIDFIN.NS,10.3100004196167,-0.006743708482896182,SELL,0.44865509953457455,Sell,0.5766871165644172,0.6134969325153374,Global 10d,8.6,2.0,0.0012795498393216587,0.052499428123798486,0.08135530499696732,,36.20345540544627
Pearl Global Industries Limited,PGIL.NS,1263.0,-0.014897415138946934,HOLD,0.48328659087171877,Neutral,0.5135483870967742,0.5574193548387096,Global 10d,8.5,2.000000000000002,0.1460980036297641,0.0053840449945565805,22.140959260791014,,36.181389434693024
Nandan Denim Limited,NDL.NS,2.5399999618530273,-0.026819898872152192,HOLD,0.5048114462446159,Neutral,0.6194125159642401,0.6206896551724138,Global 10d,8.7,1.6310682338402775,0.09956711029037324,0.1417323381578992,0.2689388652322292,,36.1733017398946
Tirupati Forge Limited,TIRUPATIFL.NS,75.16000366210938,-0.01995043331059798,HOLD,0.49037710101532944,Neutral,0.5399515738498789,0.5544794188861986,Global 10d,7.5,1.9403737302263817,0.19087361785473345,0.1162852240276786,1.3872777988929748,0.02,36.16822222981609
Shankar Lal Rampal Dye-Chem Limited,SRD.NS,38.08000183105469,-0.011935627232622315,SELL,0.4332748362178953,Sell,0.6024096385542169,0.6265060240963856,Global 10d,7.6,2.0202848368257516,0.011063151981545172,0.11357284547824165,0.10076939676017761,,36.155714433233385
Prakash Pipes Limited,PPL.NS,253.10000610351562,0.03921167288890692,HOLD,0.46750203956691455,Neutral,0.6985074626865672,0.7134328358208955,Global 10d,8.7,2.0,0.012726970914241242,0.09073943651743899,0.6476299055419922,,36.15391249311097
Diffusion Engineers Limited,DIFFNKG.NS,464.3999938964844,0.058461524550391664,HOLD,0.4783295111051172,Neutral,0.3614457831325301,0.6144578313253012,Global 10d,8.0,1.7865158234960337,0.11876653112039359,0.11950911121232521,5.663974435900879,,36.13924122928692
Knowledge Marine & Engineering Works Limited,KMEW.NS,2992.5,0.014372360577675103,HOLD,0.48682220561470246,Neutral,0.2597402597402597,0.7792207792207793,Global 10d,7.4,2.0,0.2023866687920739,0.06098579782790314,22.71886775151367,,36.13617688363958
Borosil Limited,BOROLTD.NS,280.20001220703125,-0.04492464536240581,HOLD,0.49191031651021433,Neutral,0.5824561403508772,0.6070175438596491,Global 10d,8.4,2.0,0.1670137654483319,0.0314060935388778,3.4713661265655515,,36.11843619539409
Housing Development and Infrastructure Limited,HDIL.NS,1.4500000476837158,-0.01360542893691108,HOLD,0.47967695966910795,Neutral,0.7079646017699115,0.709228824273072,Global 10d,7.2,2.0,,0.06206890428250733,0.015641905250358582,0.05,36.11718131678873
Bohra Industries Limited,BOHRAIND.NS,14.739999771118164,-0.04964541885240081,HOLD,0.49960702427251286,Neutral,0.6142131979695431,0.6370558375634519,Global 10d,9.8,2.0,0.01515146738420814,0.11601092390597567,0.02129833070383072,0.05,36.1106578264767
Krebs Biochemicals and Industries Limited,KREBSBIO.NS,63.959999084472656,-0.060102921144240984,HOLD,0.4749655219305941,Neutral,0.664488017429194,0.6666666666666667,Global 10d,9.7,2.0,0.0012523170792080318,0.04221395585185661,0.0383597638748169,,36.05435231558911
Orchasp Limited,ORCHASP.NS,1.2799999713897705,-0.030303090509739783,HOLD,0.516781497421801,Neutral,0.7058823529411765,0.75,Global 10d,10.0,2.0,0.02399997711181645,0.17187502619344808,0.026172671414995193,,36.03907658770382
Blue Jet Healthcare Limited,BLUEJET.NS,541.7999877929688,0.006969612647669043,HOLD,0.49810809641733256,Neutral,0.47619047619047616,0.5793650793650794,Global 10d,7.3,2.0,0.05958717996390894,0.0544589587298272,25.154233333740233,,36.03636632357346
Future Enterprises Limited,FEL.NS,0.38999998569488525,0.026315764707210976,HOLD,0.478925056670987,Neutral,0.6501901140684411,0.7008871989860583,Global 10d,6.3,1.8666685210351588,0.054054001807470664,0.07692308280124727,0.0063050402505397795,,36.02554715753334
GHCL Textiles Limited,GHCLTEXTIL.NS,129.22000122070312,0.0024826015467134255,HOLD,0.4832211389209702,Neutral,0.46206896551724136,0.6275862068965518,Global 10d,7.5,1.5410173505298097,0.10416134810353195,0.11894439693539471,6.8138083573608395,,36.015653939454744
Sarthak Metals Limited,SMLT.NS,78.72000122070312,0.06120249254313603,SELL,0.43340573946925914,Sell,0.7342342342342343,0.7162162162162162,Global 10d,9.9,1.999999999999998,0.15679650408918167,0.06669207213654449,0.037305455375671384,,36.004229688625344
DJ Mediaprint & Logistics Limited,DJML.NS,72.61000061035156,0.010999734320303434,HOLD,0.5352032001932052,Neutral,0.5406976744186046,0.5523255813953488,Global 10d,9.2,2.294596212357413,0.07458932867086276,0.1699489909676628,0.7371239300834656,,36.0002043001567
GMM Pfaudler Limited,GMMPFAUDLR.NS,1443.4000244140625,-0.015885953182991575,HOLD,0.47940818628178805,Neutral,0.5984848484848485,0.5808080808080809,Global 10d,8.8,2.0,0.3996508641761618,,70.69681132149658,,35.989601233281306
Avonmore Capital & Management Services Limited,AVONMORE.NS,12.789999961853027,-0.0115919338017344,HOLD,0.4545779687244607,Neutral,0.621301775147929,0.680473372781065,Global 10d,10.0,2.2475601314132403,0.08758500960242976,0.0680218833583981,0.33389105711688993,,35.98670893662959
Albert David Limited,ALBERTDAVD.NS,856.7000122070312,-0.017827443729399595,HOLD,0.4908537525937313,Neutral,0.6286919831223629,0.6751054852320675,Global 10d,6.2,2.0000000000000027,0.267667631864803,0.046392712940325875,0.3242296553466797,,35.979325340409154
Khadim India Limited,KHADIM.NS,113.4000015258789,-0.006744299337966053,SELL,0.43768674204109415,Sell,0.5951219512195122,0.6560975609756098,Global 10d,6.8,1.9999999999999964,0.15314221831209918,0.04585535166025112,0.30084697106933594,0.02,35.956737219358374
Aether Industries Limited,AETHER.NS,1670.0,-0.01724242216572114,HOLD,0.4843961288855847,Neutral,0.4329896907216495,0.6288659793814433,Global 10d,6.0,2.0,0.07554585722733798,0.028143712574850266,33.42753741796875,,35.887200485562225
Vedant Fashions Limited,MANYAVAR.NS,519.2000122070312,-0.02971400505390731,HOLD,0.45191144108965364,Neutral,0.6095238095238096,0.6523809523809524,Global 10d,7.8,2.725499791250754,0.365392377662054,0.14676258125424413,10.428125602954102,,35.88190413532054
Archies Limited,ARCHIES.NS,12.369999885559082,-0.0016142419055259483,HOLD,0.49749655524630504,Neutral,0.632051282051282,0.632051282051282,Global 10d,8.1,1.7060934987037868,0.13904238274569525,0.12368631747178394,0.013416378458356857,,35.87345060550045
Ahlada Engineers Limited,AHLADA.NS,37.060001373291016,-0.0008088104387560247,HOLD,0.47003652203128915,Neutral,0.7228260869565217,0.7228260869565217,Global 10d,9.2,1.9999999999999982,0.009534249456475852,0.15488390855555445,0.03818458883171082,,35.85342405899542
S&S Power Switchgears Limited,S&SPOWER.NS,294.1000061035156,-0.01358372589594914,HOLD,0.4986192533358638,Neutral,0.6188811188811189,0.6223776223776224,Global 10d,8.8,2.0595562130593796,0.04106196850802002,0.09112542413051106,0.09894846676940917,0.1,35.80865230704797
Unicommerce Esolutions Limited,UNIECOM.NS,82.58000183105469,-0.015733011571126942,HOLD,0.45704390516200594,Neutral,0.6304347826086957,0.7173913043478262,Global 10d,8.1,2.289879896283013,0.044258977225080764,0.1080164443105025,1.73987210723114,,35.80538467725065
Divgi Torqtransfer Systems Limited,DIVGIITTS.NS,1136.4000244140625,-0.038415994701541334,HOLD,0.48255076852679607,Neutral,0.5032258064516129,0.5290322580645161,Global 10d,7.7,2.3100371477832993,0.07005652016390074,0.1620319548498237,14.721494116271973,,35.80018896741371
Whirlpool of India Limited,WHIRLPOOL.NS,871.75,0.01172166807841224,HOLD,0.4501485521950215,Neutral,0.5606641123882503,0.5542784163473818,Global 10d,10.0,2.714048652690158,0.06124872951140503,0.07826677997950271,49.3050513125,,35.79448882275376
Aeroflex Industries Limited,AEROFLEX.NS,544.3499755859375,0.044116238759099646,HOLD,0.4867792087424671,Neutral,0.40145985401459855,0.7153284671532847,Global 10d,7.9,2.0,0.19152887887363979,0.07311481696179789,55.923815577749636,,35.793094070914165
Ansal Properties & Infrastructure Limited,ANSALAPI.NS,4.079999923706055,-0.01923075159625831,HOLD,0.4660775625023128,Neutral,0.5850253807106599,0.618020304568528,Global 10d,6.2,2.0,0.23262839705063976,0.0171569051397904,0.007960008089661599,0.02,35.79169288026311
Chembond Material Technologies Limited,CHEMBOND.NS,177.63999938964844,-0.02785528625240108,SELL,0.4339797818600884,Sell,0.6857142857142857,0.6857142857142857,Global 10d,9.4,2.303075429636106,0.09775384839391332,0.024679625822059403,0.2219986718093872,,35.78482621900366
RHI MAGNESITA INDIA LIMITED,RHIM.NS,384.8500061035156,0.0,HOLD,0.4779492606858721,Neutral,0.5812220566318927,0.6080476900149031,Global 10d,6.0,1.9916290945493689,0.07211146091538057,0.09464848398633974,8.805074145709229,,35.77221136626961
Mask Investments Limited,MASKINVEST.NS,143.41000366210938,-0.04995027120615403,HOLD,0.46288820131895214,Neutral,0.6317135549872123,0.6496163682864451,Global 10d,9.1,2.0,0.008154719085057716,0.10794223089214694,0.0021315,,35.73280613456828
RPG Life Sciences Limited,RPGLIFE.NS,2930.699951171875,-0.03503346714403144,HOLD,0.49515572312137923,Neutral,0.5288831835686778,0.5417201540436457,Global 10d,8.6,2.0000000000000018,0.17694061934712169,0.051625908946300036,7.933600356445313,,35.71623424232198
Kamdhenu Limited,KAMDHENU.NS,37.59000015258789,-0.012867690517472496,HOLD,0.4927562369124663,Neutral,0.6033376123234917,0.6046213093709885,Global 10d,8.1,2.0,0.19529592192651646,,3.345983562737274,,35.71226752116115
Multi Commodity Exchange of India Limited,MCX.NS,3181.699951171875,-0.006960065177317398,HOLD,0.48191676557664903,Neutral,0.5333333333333333,0.5837037037037037,Global 10d,6.0,1.5550335571753704,0.04092777907438716,0.06861113624109061,593.7432720067138,,35.68978952463897
Aarti Pharmalabs Limited,AARTIPHARM.NS,946.5999755859375,-0.02261231224993543,HOLD,0.4924517404552118,Neutral,0.5515151515151515,0.5454545454545454,Global 10d,8.3,2.0,0.23738558900122553,,61.52745220409546,,35.68283753454202
Avadh Sugar & Energy Limited,AVADHSUGAR.NS,840.3499755859375,0.09907141305092293,HOLD,0.4892392354877902,Neutral,0.5677570093457944,0.5677570093457944,Global 10d,8.2,2.0,0.18693499376544853,0.05289464330148674,6.925121495617676,,35.65391196142606
SBC Exports Limited,SBC.NS,62.040000915527344,0.0597881780878422,HOLD,0.49971127285848166,Neutral,0.41363636363636364,0.6818181818181818,Global 10d,6.5,2.0,0.5471322512783994,,48.489224814897156,,35.65223030959075
Davangere Sugar Company Limited,DAVANGERE.NS,2.259999990463257,-0.0216450015388836,HOLD,0.47287758222261095,Neutral,0.6949152542372882,0.7627118644067796,Global 10d,10.0,5.479270651072118,0.29885056211290384,0.5221239255471521,3.017195050722885,,35.643879111130545
Hatsun Agro Product Limited,HATSUN.NS,1143.5,0.022717131713335004,HOLD,0.45266445608162514,Neutral,0.6175942549371634,0.6050269299820467,Global 10d,7.1,2.0,0.31417828603581177,0.020038475581169557,4.963958769165039,,35.6417207095271
Patanjali Foods Limited,PATANJALI.NS,355.70001220703125,0.001548693002954682,HOLD,0.5184430322783972,Neutral,0.5719794344473008,0.5758354755784062,Global 10d,8.8,2.0954240532865605,0.059419247079765425,0.02112212734656671,123.3691016946991,,35.63825240265682
Sarveshwar Foods Limited,SARVESHWAR.NS,3.4600000381469727,0.005813947847045586,HOLD,0.46099454178020743,Neutral,0.6666666666666666,0.6741854636591479,Global 10d,9.2,2.513150112188718,0.048484875194735544,0.04624272995609524,0.5362838026150465,,35.55892878920418
Acme Solar Holdings Limited,ACMESOLAR.NS,427.6499938964844,-0.011328156362888753,HOLD,0.46256456809564783,Neutral,0.26582278481012656,0.7341772151898734,Global 10d,7.4,2.000000000000002,0.18200665650988546,,54.65221114116363,,35.534695376152506
Escorts Kubota Limited,ESCORTS.NS,2820.89990234375,0.05758626727544547,HOLD,0.4941980971504445,Neutral,0.5063613231552163,0.5089058524173028,Global 10d,6.1,1.6157025715773754,0.05462719802299709,0.06655894162443232,15.567964024316407,,35.5070804352617
Golden Tobacco Limited,GOLDENTOBC.NS,23.690000534057617,0.00980398374086855,HOLD,0.4517369047933964,Neutral,0.6445012787723785,0.6572890025575447,Global 10d,8.4,2.0000000000000018,0.016302062497703718,0.09856475440411128,0.004166473103332519,0.05,35.497523885675385
Aarey Drugs & Pharmaceuticals Limited,AAREYDRUGS.NS,103.8499984741211,0.011000751946936393,HOLD,0.4885834648493987,Neutral,0.5127118644067796,0.5042372881355932,Global 10d,7.8,1.9999999999999978,0.4003977943660175,,2.1178487006347657,0.02,35.48115064359986
KRN Heat Exchanger and Refrigeration Limited,KRN.NS,1392.699951171875,-0.015551000748799226,HOLD,0.4746087003300487,Neutral,0.46511627906976744,0.5581395348837209,Global 10d,7.2,2.0,0.21310044508534465,0.008831801004785866,28.203622896081544,0.05,35.470754997275435
Mold-Tek Technologies Limited,MOLDTECH.NS,204.77999877929688,-0.006693853600596045,HOLD,0.47445271078217477,Neutral,0.5889830508474576,0.6080508474576272,Global 10d,8.9,2.0000000000000018,0.13766665988498272,0.06901088869118488,0.633753140222168,,35.459302409225934
Uttam Sugar Mills Limited,UTTAMSUGAR.NS,276.1000061035156,-0.042649057050200834,HOLD,0.46772689086194214,Neutral,0.5869565217391305,0.6381074168797953,Global 10d,8.8,2.0,0.1310938107327606,0.03171213796790284,5.282556258251953,,35.453530221114285
Uniinfo Telecom Services Limited,UNIINFO.NS,10.850000381469727,-0.008226618132138985,HOLD,0.4907454058228107,Neutral,0.7146529562982005,0.7146529562982005,Global 10d,8.1,1.850350463361297,0.03629418383470151,0.07373264598467966,0.0017880300089836122,,35.45064261703904
Mtar Technologies Limited,MTARTECH.NS,7797.0,0.0,HOLD,0.4891642658261263,Neutral,0.4939759036144578,0.6305220883534136,Global 10d,8.5,2.0,0.1813636363636364,0.01898165961267151,95.9757144,0.05,35.417304200397226
Zim Laboratories Limited,ZIMLAB.NS,137.02000427246094,-0.00688553265084435,HOLD,0.47601522637247057,Neutral,0.49411764705882355,0.5941176470588235,Global 10d,7.4,2.0,0.2088222859900959,0.0545175958821984,1.6209321168518067,0.02,35.40275940558732
Mangalam Drugs And Organics Limited,MANGALAM.NS,29.149999618530273,-0.05172414327998076,HOLD,0.46330816021751015,Neutral,0.6120358514724712,0.6043533930857874,Global 10d,10.0,2.0,0.02244824217854946,0.06518009068248731,0.12630655880737304,0.02,35.40240444415525
Birla Cable Limited,BIRLACABLE.NS,376.6499938964844,-0.016579650400824097,SELL,0.44819956795724253,Sell,0.625,0.6007653061224489,Global 10d,9.3,2.0,0.44310342489074483,0.11190759213995527,17.5219570763916,0.05,35.401985200583226
Finolex Cables Limited,FINCABLES.NS,1458.800048828125,0.005860856177222207,HOLD,0.4762142671902044,Neutral,0.5644955300127714,0.5772669220945084,Global 10d,6.8,1.9999999999999973,0.23825362185567167,0.026871366780776285,149.85800409484864,,35.32977137050673
De Nora India Limited,DENORA.NS,731.6500244140625,0.010705898243715373,HOLD,0.510205595974356,Neutral,0.6066411238825032,0.6066411238825031,Global 10d,7.1,1.8921764437231567,0.07327917660418604,0.007728076355793645,0.33316865,,35.234066882409486
Pearl Polymers Limited,PEARLPOLY.NS,17.09000015258789,-0.03718308999504838,HOLD,0.5000217869543094,Neutral,0.5989583333333334,0.62109375,Global 10d,9.5,1.921781092608123,0.14621061887899067,0.15506141573257914,0.0148608717502594,,35.21212400366116
Global Education Limited,GLOBAL.NS,136.50999450683594,0.027936682001672652,HOLD,0.49600064202816824,Neutral,0.4954337899543379,0.504566210045662,Global 10d,6.7,2.0,0.3973190921793268,,2.294989742224121,,35.20003210140841
Vertoz Limited,VERTOZ.NS,35.65999984741211,0.0019668360360804993,SELL,0.4469466990140831,Sell,0.6951219512195121,0.697560975609756,Global 10d,8.3,2.371584980580894,0.04882352492388553,0.12170499638694898,0.11802486955146789,,35.18174713156478
Tree House Education & Accessories Limited,TREEHOUSE.NS,5.679999828338623,-0.017301103432493137,HOLD,0.4901045193892879,Neutral,0.6407355021216408,0.6435643564356436,Global 10d,8.2,1.56190521047464,0.01488978700005017,0.14436623176821883,0.012367225051283836,,35.15992320730847
HP Adhesives Limited,HPAL.NS,33.810001373291016,-0.0005912047496643424,HOLD,0.47760485390634155,Neutral,0.6883720930232559,0.6883720930232557,Global 10d,8.3,1.6691479141769714,0.01336135543193584,0.11689752807692688,0.14658028416137694,,35.159695189650414
Ratnamani Metals & Tubes Limited,RATNAMANI.NS,2619.39990234375,-0.03892867277793066,HOLD,0.5024828349938706,Neutral,0.5492227979274611,0.555699481865285,Global 10d,7.3,2.0,0.07442363272813246,0.03192901751653299,11.50787865,,35.1423692950836
Aditya Birla Sun Life AMC Limited,ABSLAMC.NS,1028.550048828125,0.037158451313400676,HOLD,0.48520333934306503,Neutral,0.47577092511013214,0.5242290748898678,Global 10d,6.7,1.5620840190212146,0.03862472130329131,0.06561126322567712,17.955999492272948,,35.135816983533694
Saraswati Saree Depot Limited,SSDL.NS,69.38999938964844,-0.08468537627881179,SELL,0.4402107993451267,Sell,0.5652173913043478,0.5543478260869565,Global 10d,9.8,2.0,0.14407852702980084,0.0005205601851534514,0.37216143757019043,,35.07224212737678
TTK Healthcare Limited,TTKHLTCARE.NS,1013.0,-0.009775171065493637,SELL,0.44356424131878663,Sell,0.5894308943089431,0.5934959349593496,Global 10d,7.5,2.0,0.1621089813440444,0.01333545278325432,2.6871184,,35.04827595895133
Redington Limited,REDINGTON.NS,412.75,0.037190570018802216,HOLD,0.4950557740558977,Neutral,0.5,0.5025773195876289,Global 10d,6.8,1.9999999999999973,0.279051702468472,,179.15081704769744,,35.04790429540738
Kalpataru Projects International Limited,KPIL.NS,1356.4000244140625,-0.017528575691596937,HOLD,0.47980565241253287,Neutral,0.5089514066496164,0.5179028132992327,Global 10d,5.4,1.7956033509103053,0.0780480663273948,0.0784777512837802,18.586191,,35.043631084867194
Shrenik Limited,SHRENIK.NS,0.2800000011920929,-0.034482726727597,HOLD,0.4993764175004893,Neutral,0.695852534562212,0.7649769585253456,Global 10d,8.3,1.7621169549925635,0.03703700024404788,0.07142860944173757,0.009538853725522756,,35.03041425334292
Tokyo Plast International Limited,TOKYOPLAST.NS,71.01000213623047,-0.029917963160028593,HOLD,0.5135774198855937,Neutral,0.6535947712418301,0.6392156862745098,Global 10d,9.0,1.7312274804157817,0.3184181457766784,0.13068579777667777,0.010410800845336915,,34.99434045193779
Sinclairs Hotels Limited,SINCLAIR.NS,76.70999908447266,-0.024418138573212955,HOLD,0.4631994051176749,Neutral,0.4766355140186916,0.5700934579439252,Global 10d,6.8,2.003258369499798,0.05966197423163844,0.0071842411854707855,0.19692307518234253,,34.97153907217631
A B Infrabuild Limited,ABINFRA.NS,12.5600004196167,-0.011801700871760357,HOLD,0.4896046873309956,Neutral,0.4745222929936306,0.5414012738853503,Global 10d,8.8,2.0,0.1844031532563506,0.047227337055278484,0.3158954546067715,,34.948139768859264
Gokaldas Exports Limited,GOKEX.NS,688.75,0.0013812332420646278,HOLD,0.491634934674539,Neutral,0.5838668373879642,0.5800256081946222,Global 10d,7.5,1.6778358539103093,0.05333588224048946,0.09292196007259523,18.153492825,0.2,34.942211320820924
Rajratan Global Wire Limited,RAJRATAN.NS,453.54998779296875,-0.017439380858113807,HOLD,0.4879491484663158,Neutral,0.48788927335640137,0.5224913494809689,Global 10d,8.3,2.1380134142882667,0.060776247967193386,0.020561424001529494,3.947240921636963,,34.93398597817256
Chemfab Alkalis Limited,CHEMFAB.NS,328.3500061035156,-0.022476891724194092,HOLD,0.49199942293584914,Neutral,0.7172236503856041,0.7506426735218509,Global 10d,8.9,1.7513911384649854,0.13478642780490224,0.1672754023621199,0.1083771,,34.93139181010197
Shilpa Medicare Limited,SHILPAMED.NS,1064.0999755859375,0.016138297557358072,HOLD,0.4897000060088672,Neutral,0.5179028132992327,0.5498721227621484,Global 10d,8.1,2.0,0.21632280423080363,,69.51707625,,34.92864950685259
Heads UP Ventures Limited,HEADSUP.NS,6.139999866485596,-0.04062503515742666,HOLD,0.4694213858028691,Neutral,0.6975717439293598,0.6909492273730684,Global 10d,8.8,1.6523130547716645,0.023333311080932617,0.1807817846337747,0.005242678014326096,,34.89057842677636
Starteck Finance Limited,STARTECK.NS,290.95001220703125,-0.052125751307051105,SELL,0.4460849533772728,Sell,0.6113989637305699,0.6787564766839378,Global 10d,9.0,2.0,0.010572390050269664,0.0020705160717175985,0.005623042464447022,,34.84465174842675
Atlas Cycles (Haryana) Limited,ATLASCYCLE.NS,91.73999786376953,-0.019138254451934844,SELL,0.43020563354698843,Sell,0.7072,0.728,Global 10d,9.2,2.684266066446364,0.05140102848836259,0.14399393074748357,0.1459897300415039,,34.82746760606708
Mahalaxmi Rubtech Limited,MHLXMIRU.NS,175.0,-0.0234920292179277,HOLD,0.4900426763647762,Neutral,0.6428571428571429,0.6666666666666667,Global 10d,9.1,2.0914970632642156,0.04571254028967542,0.10142857142857142,0.1837477994567871,,34.82267567609845
Xelpmoc Design And Tech Limited,XELPMOC.NS,93.66999816894531,0.16737288961519003,SELL,0.42178831664417266,Sell,0.6590909090909091,0.6477272727272727,Global 10d,10.0,2.1529036685881264,0.027083347624506038,0.20636278647289674,0.10753177852172852,,34.81649586280853
Krsnaa Diagnostics Limited,KRSNAA.NS,554.8499755859375,-0.009108021269598754,HOLD,0.46976048251980757,Neutral,0.717948717948718,0.717948717948718,Global 10d,7.0,2.0,0.06243767989104643,0.04595264216676087,3.7588875030700684,,34.8051981341619
BirlaNu Limited,BIRLANU.NS,1391.199951171875,-0.006356706356157038,HOLD,0.47988936732470217,Neutral,0.604381443298969,0.6185567010309279,Global 10d,7.0,1.5607395962062116,0.03434940607574344,0.059374690785207296,1.0258054280029296,,34.782700487791615
AION-TECH SOLUTIONS LIMITED,GOLDTECH.NS,43.790000915527344,-0.019919413240141348,HOLD,0.4656563939001929,Neutral,0.6670918367346939,0.6517857142857143,Global 10d,8.9,2.0000000000000027,0.07724475453338986,0.0002283243051877104,0.05797373438205719,0.02,34.782660383916976
Transrail Lighting Limited,TRANSRAILL.NS,462.75,-0.025584321020506784,HOLD,0.4547964901580366,Neutral,0.6133333333333333,0.6666666666666667,Global 10d,9.7,2.0,0.00485170792795131,0.09179470634253706,20.75226674364624,,34.77594641330548
Jindal Worldwide Limited,JINDWORLD.NS,45.369998931884766,-0.009821055563871695,SELL,0.4383949638625007,Sell,0.6105834464043419,0.6580732700135685,Global 10d,9.4,4.030137788946677,0.31240958439110167,0.3663214268868311,38.941960182764625,,34.719748193125035
Innova Captab Limited,INNOVACAP.NS,1168.0,0.007070142116445188,HOLD,0.505880813523189,Neutral,0.3445378151260504,0.7394957983193278,Global 10d,7.9,2.0,0.2624297282635979,,12.223289256286622,,34.62114882825151
Wheels India Limited,WHEELS.NS,2241.300048828125,0.009140048999606076,SELL,0.4159160016765508,Sell,0.5526992287917738,0.5295629820051414,Global 10d,8.5,2.0,0.5627379679767397,0.11453172068866535,60.010807394628905,,34.57986178048564
Ola Electric Mobility Limited,OLAELEC.NS,36.68000030517578,-0.010787527133936159,HOLD,0.47605655361547616,Neutral,0.5806451612903226,0.5913978494623655,Global 10d,9.9,1.9809754562848374,0.016723656850656132,0.15276260831275357,207.91167321684114,,34.567739488016954
TD Power Systems Limited,TDPOWERSYS.NS,812.9000244140625,0.026194533056220548,HOLD,0.4719367133342312,Neutral,0.5344827586206896,0.5488505747126436,Global 10d,8.2,2.000000000000002,0.19544121237362133,0.005720215572951881,168.2000610846588,,34.53359929550294
Protean eGov Technologies Limited,PROTEAN.NS,639.75,-0.029652643948035018,HOLD,0.46258330412659426,Neutral,0.6521739130434783,0.7101449275362319,Global 10d,10.0,2.0,0.10340064738094745,0.06351582694180657,20.301091561645507,,34.42714578490129
Anmol India Limited,ANMOL.NS,13.5,-0.015317289391879263,SELL,0.36091156103627325,Sell,0.7355371900826446,0.7148760330578512,Global 10d,9.9,2.0,0.012373450422273446,0.05185183772334345,0.11135110870170593,,34.416191859674846
Total Transport Systems Limited,TOTAL.NS,70.23999786376953,0.010066104961552913,SELL,0.4205760433323034,Sell,0.6447058823529411,0.6541176470588235,Global 10d,7.9,2.0,0.1292316063723007,0.02079709429324117,0.03953559125595093,,34.351853975446154
Chemplast Sanmar Limited,CHEMPLASTS.NS,191.55999755859375,0.030335625243086417,HOLD,0.4749661489619224,Neutral,0.5739130434782609,0.6869565217391305,Global 10d,10.0,2.0,0.1266909348597267,0.028137395376609087,6.124400602792359,,34.34757940230432
Commercial Syn Bags Limited,COMSYN.NS,262.3999938964844,-0.02706717827266214,HOLD,0.48973692287167675,Neutral,0.4067796610169492,0.559322033898305,Global 10d,7.2,2.009284588710904,0.51750662740661,0.1979128598509201,18.602176774523926,,34.2758870091826
Dhunseri Investments Limited,DHUNINV.NS,967.2999877929688,0.01219061694269219,HOLD,0.45866354209735793,Neutral,0.606993006993007,0.6027972027972028,Global 10d,7.2,1.7687432822792106,0.054667517589316095,0.0875052694741505,0.0427980375,,34.227857361628814
Nureca Limited,NURECA.NS,349.8500061035156,-0.04569012471666556,HOLD,0.4823071507340652,Neutral,0.525691699604743,0.525691699604743,Global 10d,8.6,2.000000000000002,0.2055478683230707,0.023295680303841104,0.26299856725311277,0.05,34.21558815367782
Manali Petrochemicals Limited,MANALIPETC.NS,87.19000244140625,0.11567499346156507,HOLD,0.4565116431507748,Neutral,0.5677749360613811,0.5856777493606138,Global 10d,9.8,1.999999999999998,0.11036628794759196,0.06020432764700678,12.743692995232772,,34.18126018577763
AVT Natural Products Limited,AVTNPL.NS,87.8499984741211,-0.03768213831643363,HOLD,0.46564011981295056,Neutral,0.5608194622279129,0.5492957746478873,Global 10d,8.5,2.0,0.31224553115452713,0.1041548285123115,2.12201781328125,,34.162927885653936
Cubex Tubings Limited,CUBEXTUB.NS,166.10000610351562,-0.049988506162424895,SELL,0.37111231061972777,Sell,0.5922580645161291,0.5561290322580645,Global 10d,9.6,2.0,0.6777778394294507,,1.9956167058540344,,34.121206928835846
Shiv Aum Steels Limited,SHIVAUM.NS,554.5999755859375,-0.004576951837715226,HOLD,0.4521634016779699,Neutral,0.40718562874251496,0.5389221556886228,Global 10d,5.9,1.999999999999995,0.3864999389648438,,0.3117749436431885,0.05,34.07483675056513
Ram Ratna Wires Limited,RAMRAT.NS,635.2000122070312,0.03024900621735971,HOLD,0.47814007324802127,Neutral,0.4787234042553192,0.601063829787234,Global 10d,7.1,2.0,0.27014597971340826,,13.577039138342284,,34.06929093766548
Zota Health Care LImited,ZOTA.NS,1297.4000244140625,0.023347511000096466,HOLD,0.4945467443481865,Neutral,0.5242494226327945,0.5219399538106235,Global 10d,9.0,2.118067301227776,0.0705149246451462,0.05110790627546935,6.208860805126953,,34.0578222152661
Maha Rashtra Apex Corporation Limited,MAHAPEXLTD.NS,50.18000030517578,-0.016078425388710182,HOLD,0.4881823392784403,Neutral,0.7073791348600509,0.7379134860050891,Global 10d,9.2,2.349571457506138,0.07382839282549569,0.015942591315170507,0.0506521,,34.03608291371333
Mstc Limited,MSTCLTD.NS,705.7999877929688,-0.012521877869228759,HOLD,0.4830214838634579,Neutral,0.5677233429394812,0.5734870317002883,Global 10d,7.5,1.8929839585193098,0.0641141180935747,0.04184677291591088,16.505859912756346,,34.03375242060398
Jullundur Motor Agency (Delhi) Limited,JMA.NS,87.63999938964844,-0.021874990154589713,HOLD,0.4610455508773548,Neutral,0.6003787878787878,0.6098484848484849,Global 10d,7.2,1.9926592795302853,0.06319010047431761,0.0464205690861379,0.08970311590957641,,34.002309018808965
Avalon Technologies Limited,AVALON.NS,2280.199951171875,-0.00718422099133198,HOLD,0.4607144049757131,Neutral,0.4838709677419355,0.6967741935483871,Global 10d,9.2,1.999999999999998,0.15161613695549248,,81.44971160646972,,33.95390280678753
Mahamaya Steel Industries Limited,MAHASTEEL.NS,1182.5,-0.005466778805719108,HOLD,0.4750306484280498,Neutral,0.42588726513569936,0.5803757828810021,Global 10d,8.3,2.3202003612487663,0.5627064634914674,0.20169133192389,0.4265429709472656,0.02,33.939401255561755
Laxmi Goldorna House Limited,LGHL.NS,219.47000122070312,0.09713061681009982,HOLD,0.4555813274013101,Neutral,0.6623376623376623,0.7186147186147186,Global 10d,10.0,2.0,0.10843434959951082,0.02474138900797085,0.16215985581207276,,33.92603588208018
Raj Television Network Limited,RAJTV.NS,10.800000190734863,-0.007352934086817808,HOLD,0.49435200991099776,Neutral,0.5874035989717223,0.6259640102827764,Global 10d,10.0,1.5710715636214878,0.08761327883400116,0.12499994481051502,0.0635870726688385,0.05,33.91563151225878
Paisalo Digital Limited,PAISALO.NS,81.12999725341797,0.015394189036913586,HOLD,0.46747803664926657,Neutral,0.541343669250646,0.5413436692506459,Global 10d,8.1,1.981982449049969,0.20964710409509646,0.16948108548617902,144.70233212029038,,33.90971673724361
Tamilnadu Telecommunication Limited,TNTELE.NS,11.5600004196167,-0.09968845153893624,SELL,0.3999759150549172,Sell,0.6602564102564102,0.6384615384615384,Global 10d,9.8,2.0,0.20794156617045045,0.03719717438519976,0.020429812243795396,0.1,33.87593338301697
Cyient DLM Limited,CYIENTDLM.NS,946.7999877929688,0.05917883648518907,HOLD,0.4754887152613505,Neutral,0.2907801418439716,0.7801418439716312,Global 10d,9.5,2.0,0.16608162270900162,0.06569498627901571,41.56077752008667,,33.85865374846414
Vipul Limited,VIPULLTD.NS,10.59000015258789,-0.03727271340110083,HOLD,0.5069586087717686,Neutral,0.5507060333761232,0.5750962772785623,Global 10d,8.3,1.9999999999999976,0.07731436772944589,0.05288002435066397,0.11939628250646592,0.02,33.816019525546636
Rane (Madras) Limited,RML.NS,1343.199951171875,-0.006435441293788147,SELL,0.4469103585516021,Sell,0.5668380462724936,0.5526992287917738,Global 10d,8.6,2.000000000000002,0.3057256876912726,0.07206674534470592,9.12553972133789,,33.746888964426724
Future Lifestyle Fashions Limited,FLFL.NS,1.1100000143051147,0.018348605792718242,HOLD,0.4775974471893199,Neutral,0.6049586776859505,0.6165289256198347,Global 10d,8.3,1.8666662216186003,,0.18018011342065687,0.005095413814169169,0.05,33.74653635584426
Manoj Vaibhav Gems N Jewellers Limited,MVGJL.NS,206.69000244140625,-0.0022687836087786906,HOLD,0.45403081245994253,Neutral,0.5,0.5227272727272727,Global 10d,9.1,2.0,0.15417690600874034,0.03918907905099478,8.696188100003052,,33.67623344273491
Yatharth Hospital & Trauma Care Services Limited,YATHARTH.NS,1003.0,-0.02969909318179942,HOLD,0.48588708846101186,Neutral,0.5035460992907801,0.624113475177305,Global 10d,8.6,2.0,0.2311013028250808,0.02178462172077511,48.12474323260498,,33.627982004964835
Digjam Limited,DIGJAMLMTD.NS,47.959999084472656,-0.04954419431944246,SELL,0.3899236360044978,Sell,0.6248331108144193,0.6194926568758344,Global 10d,9.1,2.0403475002482123,0.10160018975059959,0.041388670730692745,0.044705796794128415,0.05,33.62537459384238
Mahalaxmi Fabric Mills Limited,MFML.NS,18.719999313354492,0.004830926282456627,HOLD,0.47342357697160736,Neutral,0.7640449438202247,0.8426966292134832,Global 10d,8.4,1.9841997558555162,0.056433410764658465,0.11538461146583523,0.005208314542770385,,33.47720490969741
SML Mahindra Limited,SMLMAH.NS,6251.0,-0.04971115840681062,HOLD,0.4825228275148052,Neutral,0.5198463508322664,0.5275288092189501,Global 10d,8.6,2.0,0.23075408544989173,,37.7361856,0.05,33.470185478910174
Quality Power Electrical Equipments Limited,QPOWER.NS,1564.5999755859375,-0.012746133657128733,HOLD,0.48676934770020625,Neutral,0.45454545454545453,0.5909090909090909,Global 10d,9.2,2.0,0.21208744241410638,0.002776330443838848,49.73409588394775,0.05,33.442510779253794
Best Agrolife Limited,BESTAGRO.NS,17.729999542236328,0.014882669668056847,HOLD,0.4799180359044069,Neutral,0.6146788990825688,0.6697247706422018,Global 10d,7.6,2.0,0.07710872351942322,0.07987422596348126,0.9786704579740524,0.05,33.412747531263605
Balu Forge Industries Limited,BALUFORGE.NS,502.79998779296875,0.028325954065163472,HOLD,0.48052516732263917,Neutral,0.5740740740740741,0.6203703703703703,Global 10d,8.1,2.0,0.0701071900106045,0.04960653908038237,31.736875620498658,,33.30155244866996
Kamat Hotels (I) Limited,KAMATHOTEL.NS,237.4499969482422,0.001053962914066009,HOLD,0.484476350693089,Neutral,0.5627425614489003,0.5886157826649419,Global 10d,8.6,1.9580646039565472,0.0605417740834342,0.015413786941034013,1.4027875179382325,,33.29823876880283
United Polyfab Gujarat Limited,UNITEDPOLY.NS,47.04999923706055,-0.00884773483973289,HOLD,0.4695708684176055,Neutral,0.5051020408163265,0.5255102040816326,Global 10d,8.8,1.999999999999998,0.20641023684770632,,0.7070738216114044,0.05,33.28623631544907
Morarjee Textiles Limited,MORARJEE.NS,7.920000076293945,0.0,SELL,0.4020843834931031,Sell,0.6360153256704981,0.6398467432950192,Global 10d,5.6,1.6512785224995015,0.1664212254476265,0.029040345962212832,0.0014057810359954833,0.05,33.28592021289004
Ratnaveer Precision Engineering Limited,RATNAVEER.NS,345.45001220703125,0.04444448135156831,HOLD,0.48503930215535185,Neutral,0.43703703703703706,0.6296296296296297,Global 10d,8.3,2.0000000000000018,0.25526888402588943,,192.70352121783446,,33.26056525365759
Spectrum Electrical Industries Limited,SPECTRUM.NS,3853.39990234375,0.0018979757422195043,HOLD,0.49695443062654426,Neutral,0.44966442953020136,0.5436241610738255,Global 10d,8.2,2.0,0.8797072694359755,,3.8419444357421875,0.05,33.247721531327215
Vivimed Labs Limited,VIVIMEDLAB.NS,5.710000038146973,0.04963234891296464,HOLD,0.4564454646314308,Neutral,0.6878698224852071,0.7692307692307692,Global 10d,7.4,2.0,0.06728974578161773,0.03327496601595792,0.01326874977414608,0.05,33.24220896461688
Macpower CNC Machines Limited,MACPOWER.NS,2144.800048828125,0.023282466043952788,HOLD,0.48241517608511214,Neutral,0.5051020408163265,0.5331632653061225,Global 10d,8.6,2.0,0.23819426699389767,,9.718846172314453,,33.24159746110534
Sakar Healthcare Limited,SAKAR.NS,1075.0,-0.01651346966909406,HOLD,0.47131460875362413,Neutral,0.5205479452054794,0.5319634703196348,Global 10d,7.8,2.0,0.2554011623551573,,13.365848001635742,,33.237028900359824
Solara Active Pharma Sciences Limited,SOLARA.NS,676.9000244140625,-0.053087993939943456,HOLD,0.4938745249175109,Neutral,0.5406824146981627,0.5380577427821522,Global 10d,8.1,1.8880543606020936,0.30148059255622184,0.14344803085210267,27.609401299267578,,33.21155372182406
Syrma SGS Technology Limited,SYRMA.NS,1717.9000244140625,-0.03645745645292797,HOLD,0.48153506160682324,Neutral,0.44808743169398907,0.6775956284153005,Global 10d,8.7,1.9999999999999982,0.23359188175430967,,254.22297186584473,,33.202329961045194
MBL Infrastructure Limited,MBLINFRA.NS,23.110000610351562,0.01137856562543793,HOLD,0.4936068046572483,Neutral,0.6427656850192062,0.6363636363636364,Global 10d,9.1,1.5491790525447402,0.050454573197798336,0.08178274944752095,0.0882329847067833,,32.99183372218843
SONAM LIMITED,SONAMLTD.NS,68.94999694824219,0.011738744012492752,HOLD,0.45999409337241887,Neutral,0.5417789757412399,0.5768194070080863,Global 10d,7.4,2.086923200415302,0.32823840953950967,0.164902150106214,0.3682050921897888,,32.98791053777942
Yuken India Limited,YUKEN.NS,1141.4000244140625,0.009106223190208595,HOLD,0.4782010278351126,Neutral,0.5263157894736842,0.5482456140350878,Global 10d,8.1,1.9999999999999976,0.26186152327991397,0.010907614250548203,2.0902765330078124,,32.98753902669153
Unimech Aerospace and Manufacturing Limited,UNIMECH.NS,1845.0999755859375,0.04066552486516506,HOLD,0.4996879138350643,Neutral,0.28,0.7333333333333333,Global 10d,8.5,2.0,0.2982690958190144,,47.5145476,0.1,32.984395691753214
SIGMA ADVANCED SYSTEMS LIMITED,SIGMAADV.NS,1076.9000244140625,0.04991720354835816,HOLD,0.5034688128355556,Neutral,0.5038071065989848,0.5748730964467005,Global 10d,8.7,2.0,0.731350521566017,,25.090439874438477,0.05,32.90677397511111
Arihant Capital Markets Limited,ARIHANTCAP.NS,88.58999633789062,-0.012814815614601183,HOLD,0.46246431687693684,Neutral,0.6375,0.6333333333333333,Global 10d,9.5,2.0,0.21100172098832393,0.11623652195145229,2.39546298105011,,32.90149754753046
Max Estates Limited,MAXESTATES.NS,566.25,-0.035513501027024885,HOLD,0.48152047022577166,Neutral,0.4418604651162791,0.5968992248062015,Global 10d,7.9,1.9999999999999973,0.29695371526345116,0.02251655629139071,6.431844010302735,,32.876023511288565
Responsive Industries Limited,RESPONIND.NS,162.58999633789062,-0.016870289409526062,SELL,0.42566038604664563,Sell,0.5599455040871935,0.6008174386920981,Global 10d,9.6,2.0,0.012991438422982116,0.08739779220079624,11.515180114920044,,32.84199475394196
Geekay Wires Limited,GEEKAYWIRE.NS,29.209999084472656,-0.06348193060859098,HOLD,0.48859803335602164,Neutral,0.5877659574468085,0.6303191489361701,Global 10d,9.8,2.0,0.20898478517118835,0.021453173919261603,0.5978381302619934,,32.8270247793321
AKI India Limited,AKI.NS,6.159999847412109,0.003257325954627577,SELL,0.4488127803173714,Sell,0.6602564102564102,0.6666666666666667,Global 10d,10.0,1.719549823197873,0.08070176377887939,0.1363636645122297,0.07790424267730713,0.05,32.736885041689426
OCCL Limited,OCCLLTD.NS,197.7899932861328,0.02222330699722197,HOLD,0.4965758224097725,Neutral,0.43209876543209874,0.6172839506172839,Global 10d,8.6,2.0,0.3817331963907451,,0.9414819788208008,0.05,32.69545778715529
Rossell Techsys Limited,ROSSTECH.NS,1522.300048828125,0.012706292094647686,HOLD,0.48826587003890265,Neutral,0.39473684210526316,0.618421052631579,Global 10d,8.3,1.9999999999999982,0.694267814442167,,37.67190261833496,,32.679960168611785
Shivalik Rasayan Limited,SHIVALIK.NS,394.04998779296875,-0.023299105538851395,HOLD,0.457657112355271,Neutral,0.6027397260273972,0.6255707762557078,Global 10d,10.0,1.839071475788604,0.1238398950390156,0.19367373332498317,3.908266588928223,,32.602087621324706
Pasupati Acrylon Limited,PASUPTAC.NS,67.51000213623047,-0.03058583101789314,HOLD,0.4841678694201397,Neutral,0.52,0.5377777777777778,Global 10d,8.7,1.6894507922136717,0.19645552590258908,0.16945629462322653,1.4142206715320587,,32.58476578054468
Sikko Industries Limited,SIKKO.NS,6.21999979019165,-0.01737758844237114,HOLD,0.4857203073145671,Neutral,0.6072289156626506,0.6240963855421686,Global 10d,8.4,2.0,0.2745900910504899,0.004823185019339871,0.32897705745260714,0.05,32.58164596754699
Tijaria Polypipes Limited,TIJARIA.NS,6.449999809265137,-0.022727287505284077,SELL,0.42451933680989523,Sell,0.5772005772005772,0.5887445887445888,Global 10d,9.6,2.0982282721593726,0.14159286732643483,0.07984497986564287,0.03313968862788677,0.05,32.50088378699129
Astec LifeSciences Limited,ASTEC.NS,708.5999755859375,-0.019578034471203765,SELL,0.37717415142303135,Sell,0.5989650711513583,0.6714100905562743,Global 10d,9.6,3.2054973718867714,0.0655638730615602,0.08622641649199947,5.866913157659912,,32.474750424867885
Shalimar Paints Limited,SHALPAINTS.NS,78.33999633789062,-0.028280902146062825,HOLD,0.4795015655221868,Neutral,0.5992317541613317,0.6389244558258642,Global 10d,9.3,1.5417142013800422,0.022715377264105108,0.132690895562797,0.7331745029678345,0.05,32.45504352291504
Grauer & Weil India Limited,GRAUWEIL.NS,83.52999877929688,0.021149091234684114,HOLD,0.47802266708953106,Neutral,0.5083333333333333,0.5666666666666667,Global 10d,9.8,2.0,0.20430562633068483,0.039131529269120335,5.317823109135437,,32.43863123122267
Kronox Lab Sciences Limited,KRONOX.NS,205.77000427246094,-0.04903410837844169,HOLD,0.47928133813771695,Neutral,0.43564356435643564,0.5445544554455446,Global 10d,8.7,2.0,0.25584373883063205,0.08267263551109982,1.5492177438598633,,32.42208807530022
The Ugar Sugar Works Limited,UGARSUGAR.NS,56.040000915527344,-0.021306277362342585,SELL,0.4084472787468525,Sell,0.5986666666666667,0.636,Global 10d,8.3,2.0,0.15570218551700554,0.10813699963582035,3.5585542488185884,,32.417965038499126
Indo Borax & Chemicals Limited,INDOBORAX.NS,469.5,-0.024820878396597856,SELL,0.43421879446652695,Sell,0.5320197044334976,0.5369458128078818,Global 10d,7.0,2.1147854414985527,0.30037395339622064,0.15612350967618482,4.753474434075928,0.05,32.39965237231766
California Software Company Limited,CALSOFT.NS,36.40999984741211,0.037026465806362374,HOLD,0.45350301786627584,Neutral,0.6338028169014085,0.6235595390524968,Global 10d,9.4,2.0456624822365463,0.7817469586376966,0.1845647143330258,0.6899738497638702,0.05,32.309945248960986
J.G.Chemicals Limited,JGCHEM.NS,609.6500244140625,-0.0010649899916542749,HOLD,0.49351866039705966,Neutral,0.4017857142857143,0.6160714285714286,Global 10d,8.4,1.6785110992077386,0.06152908899304488,0.10519713067960668,21.075212170758057,,32.26565127395438
ShreeOswal Seeds And Chemicals Limited,OSWALSEEDS.NS,12.390000343322754,0.004051879263905711,SELL,0.41684881317678535,Sell,0.625,0.6595744680851063,Global 10d,10.0,2.1131975769576714,0.1263636675747959,0.05972556502122828,0.14380812519207,,32.13071609334142
V.S.T Tillers Tractors Limited,VSTTILLERS.NS,4235.10009765625,-0.024125469317308523,HOLD,0.49952424669343154,Neutral,0.4964936886395512,0.5624123422159888,Global 10d,7.4,1.5162004800683189,0.07217723991297476,0.10913882877787806,4.167284165527343,,32.126788888275044
Chennai Petroleum Corporation Limited,CHENNPETRO.NS,1401.0,0.04055256580205335,HOLD,0.4771446696304232,Neutral,0.5089514066496164,0.5421994884910486,Global 10d,8.3,2.0,0.34625022195091737,0.0633118852047645,246.196599917688,,32.12390014818783
Welspun Enterprises Limited,WELENT.NS,724.4500122070312,-0.0245725053184902,HOLD,0.46761333331195604,Neutral,0.5224071702944942,0.528809218950064,Global 10d,8.0,2.0,0.30039498107154117,,29.34032627994385,,32.04733333226447
Pritish Nandy Communications Limited,PNC.NS,17.219999313354492,-0.04809291497484813,HOLD,0.48631415170237774,Neutral,0.6123234916559692,0.6097560975609756,Global 10d,9.0,1.900001942562249,0.07624995708465576,0.14343793955831252,0.015811732621765138,,31.97215431622494
Vibhor Steel Tubes Limited,VSTL.NS,108.8499984741211,-0.028905325806262816,HOLD,0.47346119279122084,Neutral,0.5789473684210527,0.6666666666666667,Global 10d,6.9,1.6529990722958707,0.07822094289199444,0.09324760374977914,0.06938314799690247,,31.857816689770015
Hindcon Chemicals Limited,HINDCON.NS,33.29999923706055,-0.049928674410629315,HOLD,0.45737770917791365,Neutral,0.6894736842105263,0.7157894736842105,Global 10d,10.0,1.803445186954961,0.1423670556720067,0.13363365960642182,0.09189649907016754,,31.81854491046525
Raghav Productivity Enhancers Limited,RPEL.NS,1818.9000244140625,0.005472650311808991,HOLD,0.4656267762863211,Neutral,0.2826086956521739,0.717391304347826,Global 10d,9.8,2.0,0.20680738013548572,0.06861285671707851,17.168887852355958,,31.74378407691815
Cupid Limited,CUPID.NS,310.1000061035156,-0.007679980468749958,HOLD,0.4768425579723011,Neutral,0.4661016949152542,0.6313559322033898,Global 10d,8.7,2.0,1.775937773207077,,606.0252832966598,,31.57546123194839
Capital Trust Limited,CAPTRUST.NS,19.06999969482422,0.04321657431642478,HOLD,0.4927352295709293,Neutral,0.6711111111111111,0.6777777777777778,Global 10d,9.3,1.9999999999999976,0.4992137810134394,0.08547462476140644,0.04787436849222183,0.02,31.570094811879784
RACL Geartech Limited,RACLGEAR.NS,1538.199951171875,-0.03549040376430912,HOLD,0.4509579179361261,Neutral,0.3246753246753247,0.7142857142857143,Global 10d,8.7,2.0000000000000018,0.23813738592171174,0.09883492729399168,6.779032675817871,,31.5371076524883
North Eastern Carrying Corporation Limited,NECCLTD.NS,18.40999984741211,-0.000542900588513362,HOLD,0.46072495557107124,Neutral,0.6748971193415638,0.6995884773662551,Global 10d,8.8,2.0,0.25195511342595744,0.0008147414325234692,0.11543175753250122,,31.47759437577484
Nilkamal Limited,NILKAMAL.NS,1829.5,-0.022598593719776683,HOLD,0.47448460614018106,Neutral,0.5907928388746803,0.6138107416879796,Global 10d,6.5,1.5133005790519634,0.3789147031743574,0.0841760043727795,4.49568935727539,,31.470700447987497
SMC Global Securities Limited,SMCGLOBAL.NS,99.05999755859375,0.04847580481509417,HOLD,0.4905810598217424,Neutral,0.52734375,0.54296875,Global 10d,9.4,2.0,0.279927604789578,,10.269781108374023,,31.33122484739978
Mukka Proteins Limited,MUKKA.NS,25.700000762939453,-0.010777474373764862,SELL,0.4363917488017866,Sell,0.5135135135135135,0.6126126126126126,Global 10d,8.9,2.242870507226962,0.07250917775980126,0.031128374058812636,1.7246268425437927,,31.305288818132674
Revathi Equipment India Limited,RVTH.NS,776.7000122070312,0.15959991991983236,SELL,0.4328067475313306,Sell,0.45454545454545453,0.5113636363636364,Global 10d,10.0,2.0,0.15838927995082952,0.0035406205185779527,0.060281998901367186,,31.288658978041642
Equippp Social Impact Technologies Limited,EQUIPPP.NS,22.829999923706055,0.007947033474937415,SELL,0.4477502633200292,Sell,0.5898123324396782,0.6166219839142091,Global 10d,8.5,2.0504893861682603,0.0728383076619572,0.0118265641115185,0.011348890198135377,0.05,31.227576408364232
ICDS Limited,ICDSLTD.NS,46.5,-0.04869069181890273,SELL,0.4024952739632368,Sell,0.6276150627615062,0.6359832635983264,Global 10d,9.2,2.0,0.026490083513240226,0.014408590118517584,0.030004386686897276,,31.20467410133549
RKEC Projects Limited,RKEC.NS,21.940000534057617,-0.049805093587294014,HOLD,0.45479357910865414,Neutral,0.7007299270072993,0.7372262773722628,Global 10d,10.0,2.010622476800105,,0.3081130384836701,0.09667681280326844,,31.203413816233336
Bombay Super Hybrid Seeds Limited,BSHSL.NS,83.94999694824219,-0.024970982160065103,HOLD,0.46322997188072224,Neutral,0.716931216931217,0.7328042328042328,Global 10d,8.5,2.0,0.41903308256878713,0.1030375442563971,0.042480691776275635,,31.16149859403611
Kross Limited,KROSS.NS,258.3999938964844,-0.017677225288997622,HOLD,0.46702952052985397,Neutral,0.4418604651162791,0.6046511627906976,Global 10d,8.7,2.0,0.31167509592124043,,21.762588800305174,,31.084809359826032
Pudumjee Paper Products Limited,PDMJEPAPER.NS,95.55999755859375,-0.017074713446474155,HOLD,0.4647644061541873,Neutral,0.6094069529652352,0.6155419222903886,Global 10d,9.1,1.518471505272878,0.03314814118082543,0.05606830526356421,2.2582474994613646,,31.062938750784728
N R Agarwal Industries Limited,NRAIL.NS,659.5,-0.014862965158859653,HOLD,0.45689815447851706,Neutral,0.5260770975056689,0.528344671201814,Global 10d,8.4,1.9999999999999982,0.3542094455852156,,1.9531845567382813,,30.978241057259176
Plaza Wires Limited,PLAZACABLE.NS,57.119998931884766,-0.03431956959639282,HOLD,0.4750947164202712,Neutral,0.5076923076923077,0.5076923076923077,Global 10d,9.1,2.0,0.2792832470291924,0.03623949113326641,0.6324324060184479,0.05,30.976238410137785
Standard Engineering Technology Limited,SETL.NS,430.04998779296875,0.03141857585420316,HOLD,0.4698093635650296,Neutral,0.3013698630136986,0.726027397260274,Global 10d,8.9,2.0,0.6652468065555421,0.0885943662015809,30.291775821743773,0.05,30.957134844918144
G-TEC JAINX EDUCATION LIMITED,GTECJAINX.NS,35.880001068115234,0.09993875668229846,HOLD,0.4802786611170569,Neutral,0.6047745358090185,0.6100795755968169,Global 10d,9.4,1.9999999999999982,0.3463415227656197,0.06884050536444453,0.017054722996234895,0.1,30.813933055852836
Premier Polyfilm Limited,PREMIERPOL.NS,101.54000091552734,0.1202559752788761,SELL,0.4473797994239663,Sell,0.5348432055749129,0.5400696864111498,Global 10d,8.2,2.0000000000000013,0.2992962115541735,,2.2733037755729675,,30.768989971198323
Radhika Jeweltech Limited,RADHIKAJWE.NS,68.9800033569336,-0.017798660689891443,SELL,0.3822437210965575,Sell,0.6170212765957447,0.6382978723404256,Global 10d,9.6,2.637943810130361,0.06278414073303318,0.025369634266516394,2.1163976397590636,0.05,30.764371693965888
AMD Industries Limited,AMDIND.NS,52.09000015258789,-0.025444351561067613,SELL,0.41877790317622504,Sell,0.6025806451612903,0.6064516129032258,Global 10d,9.6,1.9999999999999987,0.17187849850428694,0.12113652053766644,0.31372151592941283,,30.715873537015973
Vardhman Special Steels Limited,VSSL.NS,383.29998779296875,-0.044258821943071514,HOLD,0.4541392620149664,Neutral,0.5261584454409567,0.5485799701046338,Global 10d,7.7,1.7716785003908764,0.46201766059572935,0.11727110263126339,4.6801395,,30.403700769760245
eMudhra Limited,EMUDHRA.NS,599.0,0.03275862068965507,SELL,0.44356250758590016,Sell,0.6391752577319587,0.6597938144329897,Global 10d,9.7,1.999999999999998,0.2203873417369142,0.06653847690934822,41.645803975,,30.36650512718757
CP Capital Limited,CPCAP.NS,140.85000610351562,-0.0052262889576540905,HOLD,0.46419709126291614,Neutral,0.5637583892617449,0.5677852348993289,Global 10d,9.3,2.0,0.27466068871959837,0.008164670547754271,0.4276092537963867,0.05,30.30336723489119
Arvee Laboratories (India) Limited,ARVEE.NS,215.32000732421875,-0.043702239198118,SELL,0.38662222183513745,Sell,0.5962145110410094,0.5930599369085173,Global 10d,10.0,2.6915323059925553,0.32913584768036275,0.3504550849352983,0.19939660928344727,,30.268948460835226
Niraj Cement Structurals Limited,NIRAJ.NS,27.739999771118164,0.002892260453629003,SELL,0.4476439199222586,Sell,0.6545454545454545,0.6581818181818182,Global 10d,8.5,1.9467055877293582,0.07937739095792096,0.10652487195701732,0.07734398421134948,0.05,30.109125200645007
Akg Exim Limited,AKG.NS,9.710000038146973,-0.0030800547922135157,HOLD,0.45286842920304227,Neutral,0.5938375350140056,0.6050420168067228,Global 10d,8.6,1.7693218386933742,0.06938327309850689,0.12306901822519745,0.01957786528377533,,29.92227367659101
Adroit Infotech Limited,ADROITINFO.NS,13.9399995803833,-0.049761451405190615,SELL,0.44183392622272116,Sell,0.60546875,0.6171875,Global 10d,8.8,2.0,0.43489442732226324,,0.07162034101409911,,29.691696311136056
Landsmill Green Limited,LANDSMILL.NS,1.0499999523162842,0.09374997477667968,SELL,0.3682759400598061,Sell,0.6300505050505051,0.6641414141414141,Global 10d,10.0,2.0,0.10526312157057616,0.00952380087370197,0.2308643731737256,,29.65590335587302
Network People Services Technologies Limited,NPST.NS,1766.5,0.0009632542638491337,HOLD,0.45247317023177835,Neutral,0.6233766233766234,0.6363636363636364,Global 10d,10.0,2.0,0.2486102564480499,0.009383113143868638,11.4900226,,29.565350818147422
Indoco Remedies Limited,INDOCO.NS,246.8000030517578,-0.019662351333633366,SELL,0.43312865897348424,Sell,0.5869565217391305,0.6074168797953965,Global 10d,9.7,2.1789383309652806,0.07772927096837479,0.02828308857180084,7.339213747229004,,29.30036761183779
RBZ Jewellers Limited,RBZJEWEL.NS,196.8699951171875,-0.04999276564176858,SELL,0.443128229954439,Sell,0.47540983606557374,0.5655737704918032,Global 10d,9.3,2.0,0.46690206701742665,0.03977244895238541,1.8881312573623656,,29.089744831055285
Rollatainers Limited,ROLLT.NS,4.739999771118164,-0.04819282068998332,SELL,0.4497503433862457,Sell,0.5650319829424307,0.5692963752665245,Global 10d,9.6,2.0000000000000018,1.4307690539538784,,0.34742179565434456,0.05,29.02085050264563
Quadrant Future Tek Limited,QUADFUTURE.NS,529.25,-0.004045962204147768,SELL,0.43855969778922943,Sell,0.4246575342465753,0.5753424657534246,Global 10d,9.2,2.0,0.57222428518381,,41.813988137677,,28.99465155612814
JHS Svendgaard Retail Ventures Limited,RETAIL.NS,34.93000030517578,0.09981108480632872,SELL,0.40792701471948284,Sell,0.6701030927835051,0.6597938144329897,Global 10d,10.0,2.0,0.5186956654424253,0.024906925974342187,0.0057907711197853085,0.1,28.973670323603
Kabra Extrusion Technik Limited,KABRAEXTRU.NS,765.2999877929688,-0.049965862590695576,SELL,0.4268960062752712,Sell,0.5263157894736842,0.5648267008985879,Global 10d,8.9,2.0,2.571550731669651,,26.375026652001953,,28.811466980430225
Medicamen Biotech Limited,MEDICAMEQ.NS,318.6000061035156,-0.009790190820464284,SELL,0.44789916020874854,Sell,0.5246636771300448,0.5650224215246638,Global 10d,9.8,1.9999999999999982,0.3829157212606702,0.1388862647206761,1.353278795526123,,28.661624677104083
Alkali Metals Limited,ALKALI.NS,87.0999984741211,-0.04735865489010138,SELL,0.35803076474781714,Sell,0.6461538461538462,0.658974358974359,Global 10d,10.0,2.0,0.016842262410745157,0.05224327669011419,0.152962725,,28.638368556584968
Lancor Holdings Limited,LANCORHOL.NS,31.59000015258789,-0.037770381032810385,SELL,0.44164702176145804,Sell,0.5045045045045045,0.5405405405405406,Global 10d,9.6,2.0,0.3427355410334021,0.06078775801613978,0.37424508196105954,,28.615684421406236
D. P. Abhushan Limited,DPABHUSHAN.NS,1874.0,0.04762966728880125,SELL,0.4292556716991576,Sell,0.6155717761557178,0.6131386861313868,Global 10d,9.6,2.0,0.3385714285714285,,3.107510743408203,,28.60438942437397
GVP Infotech Limited,GVPTECH.NS,7.75,-0.02515720931616272,HOLD,0.4555764654710619,Neutral,0.6787878787878788,0.6818181818181819,Global 10d,8.7,1.5690090337109603,0.07406285755751618,0.11549634815679588,0.034077126487112044,,28.37149649233848
Delta Corp Limited,DELTACORP.NS,85.43000030517578,0.162629237919252,SELL,0.42463241291527837,Sell,0.6819338422391857,0.693384223918575,Global 10d,9.3,2.0000000000000013,0.309140348152408,0.0030015206187323784,27.372396142009926,,28.16495397909726
Optiemus Infracom Limited,OPTIEMUS.NS,786.2000122070312,-0.021774293560035463,SELL,0.4209562184602309,Sell,0.539906103286385,0.568075117370892,Global 10d,10.0,2.0,0.4607952329525422,,38.15873315052185,,27.047810923011546
JHS Svendgaard Laboratories Limited,JHS.NS,11.699999809265137,-0.06024096477831742,SELL,0.3860720271882736,Sell,0.6080206985769728,0.6131953428201811,Global 10d,10.0,2.0,0.34405513059257964,0.025641042361154165,0.06942799927024841,,25.30360135941368
